ERROR - 2026-03-08 04:10:07 --> mysqli_sql_exception: Unknown column 'attendance.time_out' in 'field list' in C:\xampp\htdocs\system\system\Database\MySQLi\Connection.php:327
Stack trace:
#0 C:\xampp\htdocs\system\system\Database\MySQLi\Connection.php(327): mysqli->query('SELECT `users`....', 0)
#1 C:\xampp\htdocs\system\system\Database\BaseConnection.php(729): CodeIgniter\Database\MySQLi\Connection->execute('SELECT `users`....')
#2 C:\xampp\htdocs\system\system\Database\BaseConnection.php(646): CodeIgniter\Database\BaseConnection->simpleQuery('SELECT `users`....')
#3 C:\xampp\htdocs\system\system\Database\BaseBuilder.php(1649): CodeIgniter\Database\BaseConnection->query('SELECT `users`....', Array, false)
#4 C:\xampp\htdocs\system\app\Controllers\Admin.php(125): CodeIgniter\Database\BaseBuilder->get()
#5 C:\xampp\htdocs\system\system\CodeIgniter.php(933): App\Controllers\Admin->check_attendance()
#6 C:\xampp\htdocs\system\system\CodeIgniter.php(507): CodeIgniter\CodeIgniter->runController(Object(App\Controllers\Admin))
#7 C:\xampp\htdocs\system\system\CodeIgniter.php(354): CodeIgniter\CodeIgniter->handleRequest(NULL, Object(Config\Cache), false)
#8 C:\xampp\htdocs\system\system\Boot.php(363): CodeIgniter\CodeIgniter->run()
#9 C:\xampp\htdocs\system\system\Boot.php(68): CodeIgniter\Boot::runCodeIgniter(Object(CodeIgniter\CodeIgniter))
#10 C:\xampp\htdocs\system\public\index.php(59): CodeIgniter\Boot::bootWeb(Object(Config\Paths))
#11 {main}
CRITICAL - 2026-03-08 04:10:07 --> CodeIgniter\Database\Exceptions\DatabaseException: Unknown column 'attendance.time_out' in 'field list'
[Method: GET, Route: admin/check_attendance]
in SYSTEMPATH\Database\BaseConnection.php on line 684.
 1 SYSTEMPATH\Database\BaseBuilder.php(1649): CodeIgniter\Database\BaseConnection->query('SELECT `users`.`id_number` as `student_id`, `users`.`full_name`, `attendance`.`time_in`, `attendance`.`time_out`, `attendance`.`status`, `attendance`.`event_id`
FROM `users`
LEFT JOIN `attendance` ON `attendance`.`student_id` = `users`.`id_number`
ORDER BY `attendance`.`time_in` DESC', [], false)
 2 APPPATH\Controllers\Admin.php(125): CodeIgniter\Database\BaseBuilder->get()
 3 SYSTEMPATH\CodeIgniter.php(933): App\Controllers\Admin->check_attendance()
 4 SYSTEMPATH\CodeIgniter.php(507): CodeIgniter\CodeIgniter->runController(Object(App\Controllers\Admin))
 5 SYSTEMPATH\CodeIgniter.php(354): CodeIgniter\CodeIgniter->handleRequest(null, Object(Config\Cache), false)
 6 SYSTEMPATH\Boot.php(363): CodeIgniter\CodeIgniter->run()
 7 SYSTEMPATH\Boot.php(68): CodeIgniter\Boot::runCodeIgniter(Object(CodeIgniter\CodeIgniter))
 8 FCPATH\index.php(59): CodeIgniter\Boot::bootWeb(Object(Config\Paths))
CRITICAL - 2026-03-08 04:10:07 --> [Caused by] CodeIgniter\Database\Exceptions\DatabaseException: Unknown column 'attendance.time_out' in 'field list'
in SYSTEMPATH\Database\MySQLi\Connection.php on line 332.
 1 SYSTEMPATH\Database\BaseConnection.php(729): CodeIgniter\Database\MySQLi\Connection->execute('SELECT `users`.`id_number` as `student_id`, `users`.`full_name`, `attendance`.`time_in`, `attendance`.`time_out`, `attendance`.`status`, `attendance`.`event_id`
FROM `users`
LEFT JOIN `attendance` ON `attendance`.`student_id` = `users`.`id_number`
ORDER BY `attendance`.`time_in` DESC')
 2 SYSTEMPATH\Database\BaseConnection.php(646): CodeIgniter\Database\BaseConnection->simpleQuery('SELECT `users`.`id_number` as `student_id`, `users`.`full_name`, `attendance`.`time_in`, `attendance`.`time_out`, `attendance`.`status`, `attendance`.`event_id`
FROM `users`
LEFT JOIN `attendance` ON `attendance`.`student_id` = `users`.`id_number`
ORDER BY `attendance`.`time_in` DESC')
 3 SYSTEMPATH\Database\BaseBuilder.php(1649): CodeIgniter\Database\BaseConnection->query('SELECT `users`.`id_number` as `student_id`, `users`.`full_name`, `attendance`.`time_in`, `attendance`.`time_out`, `attendance`.`status`, `attendance`.`event_id`
FROM `users`
LEFT JOIN `attendance` ON `attendance`.`student_id` = `users`.`id_number`
ORDER BY `attendance`.`time_in` DESC', [], false)
 4 APPPATH\Controllers\Admin.php(125): CodeIgniter\Database\BaseBuilder->get()
 5 SYSTEMPATH\CodeIgniter.php(933): App\Controllers\Admin->check_attendance()
 6 SYSTEMPATH\CodeIgniter.php(507): CodeIgniter\CodeIgniter->runController(Object(App\Controllers\Admin))
 7 SYSTEMPATH\CodeIgniter.php(354): CodeIgniter\CodeIgniter->handleRequest(null, Object(Config\Cache), false)
 8 SYSTEMPATH\Boot.php(363): CodeIgniter\CodeIgniter->run()
 9 SYSTEMPATH\Boot.php(68): CodeIgniter\Boot::runCodeIgniter(Object(CodeIgniter\CodeIgniter))
10 FCPATH\index.php(59): CodeIgniter\Boot::bootWeb(Object(Config\Paths))
CRITICAL - 2026-03-08 04:10:07 --> [Caused by] mysqli_sql_exception: Unknown column 'attendance.time_out' in 'field list'
in SYSTEMPATH\Database\MySQLi\Connection.php on line 327.
 1 SYSTEMPATH\Database\MySQLi\Connection.php(327): mysqli->query('SELECT `users`.`id_number` as `student_id`, `users`.`full_name`, `attendance`.`time_in`, `attendance`.`time_out`, `attendance`.`status`, `attendance`.`event_id`
FROM `users`
LEFT JOIN `attendance` ON `attendance`.`student_id` = `users`.`id_number`
ORDER BY `attendance`.`time_in` DESC', 0)
 2 SYSTEMPATH\Database\BaseConnection.php(729): CodeIgniter\Database\MySQLi\Connection->execute('SELECT `users`.`id_number` as `student_id`, `users`.`full_name`, `attendance`.`time_in`, `attendance`.`time_out`, `attendance`.`status`, `attendance`.`event_id`
FROM `users`
LEFT JOIN `attendance` ON `attendance`.`student_id` = `users`.`id_number`
ORDER BY `attendance`.`time_in` DESC')
 3 SYSTEMPATH\Database\BaseConnection.php(646): CodeIgniter\Database\BaseConnection->simpleQuery('SELECT `users`.`id_number` as `student_id`, `users`.`full_name`, `attendance`.`time_in`, `attendance`.`time_out`, `attendance`.`status`, `attendance`.`event_id`
FROM `users`
LEFT JOIN `attendance` ON `attendance`.`student_id` = `users`.`id_number`
ORDER BY `attendance`.`time_in` DESC')
 4 SYSTEMPATH\Database\BaseBuilder.php(1649): CodeIgniter\Database\BaseConnection->query('SELECT `users`.`id_number` as `student_id`, `users`.`full_name`, `attendance`.`time_in`, `attendance`.`time_out`, `attendance`.`status`, `attendance`.`event_id`
FROM `users`
LEFT JOIN `attendance` ON `attendance`.`student_id` = `users`.`id_number`
ORDER BY `attendance`.`time_in` DESC', [], false)
 5 APPPATH\Controllers\Admin.php(125): CodeIgniter\Database\BaseBuilder->get()
 6 SYSTEMPATH\CodeIgniter.php(933): App\Controllers\Admin->check_attendance()
 7 SYSTEMPATH\CodeIgniter.php(507): CodeIgniter\CodeIgniter->runController(Object(App\Controllers\Admin))
 8 SYSTEMPATH\CodeIgniter.php(354): CodeIgniter\CodeIgniter->handleRequest(null, Object(Config\Cache), false)
 9 SYSTEMPATH\Boot.php(363): CodeIgniter\CodeIgniter->run()
10 SYSTEMPATH\Boot.php(68): CodeIgniter\Boot::runCodeIgniter(Object(CodeIgniter\CodeIgniter))
11 FCPATH\index.php(59): CodeIgniter\Boot::bootWeb(Object(Config\Paths))
ERROR - 2026-03-08 04:11:32 --> mysqli_sql_exception: Unknown column 'attendance.time_out' in 'field list' in C:\xampp\htdocs\system\system\Database\MySQLi\Connection.php:327
Stack trace:
#0 C:\xampp\htdocs\system\system\Database\MySQLi\Connection.php(327): mysqli->query('SELECT `users`....', 0)
#1 C:\xampp\htdocs\system\system\Database\BaseConnection.php(729): CodeIgniter\Database\MySQLi\Connection->execute('SELECT `users`....')
#2 C:\xampp\htdocs\system\system\Database\BaseConnection.php(646): CodeIgniter\Database\BaseConnection->simpleQuery('SELECT `users`....')
#3 C:\xampp\htdocs\system\system\Database\BaseBuilder.php(1649): CodeIgniter\Database\BaseConnection->query('SELECT `users`....', Array, false)
#4 C:\xampp\htdocs\system\app\Controllers\Admin.php(204): CodeIgniter\Database\BaseBuilder->get()
#5 C:\xampp\htdocs\system\system\CodeIgniter.php(933): App\Controllers\Admin->attendance_monitoring()
#6 C:\xampp\htdocs\system\system\CodeIgniter.php(507): CodeIgniter\CodeIgniter->runController(Object(App\Controllers\Admin))
#7 C:\xampp\htdocs\system\system\CodeIgniter.php(354): CodeIgniter\CodeIgniter->handleRequest(NULL, Object(Config\Cache), false)
#8 C:\xampp\htdocs\system\system\Boot.php(363): CodeIgniter\CodeIgniter->run()
#9 C:\xampp\htdocs\system\system\Boot.php(68): CodeIgniter\Boot::runCodeIgniter(Object(CodeIgniter\CodeIgniter))
#10 C:\xampp\htdocs\system\public\index.php(59): CodeIgniter\Boot::bootWeb(Object(Config\Paths))
#11 {main}
CRITICAL - 2026-03-08 04:11:32 --> CodeIgniter\Database\Exceptions\DatabaseException: Unknown column 'attendance.time_out' in 'field list'
[Method: GET, Route: admin/attendance_monitoring]
in SYSTEMPATH\Database\BaseConnection.php on line 684.
 1 SYSTEMPATH\Database\BaseBuilder.php(1649): CodeIgniter\Database\BaseConnection->query('SELECT `users`.`id_number`, `users`.`full_name`, `users`.`profile_pic`, `attendance`.`time_in`, `attendance`.`time_out`, `attendance`.`status`
FROM `users`
LEFT JOIN `attendance` ON `attendance`.`student_id` = `users`.`id_number` AND `attendance`.`event_id` = 1
WHERE `users`.`id_number` = :users.id_number:', [...], false)
 2 APPPATH\Controllers\Admin.php(204): CodeIgniter\Database\BaseBuilder->get()
 3 SYSTEMPATH\CodeIgniter.php(933): App\Controllers\Admin->attendance_monitoring()
 4 SYSTEMPATH\CodeIgniter.php(507): CodeIgniter\CodeIgniter->runController(Object(App\Controllers\Admin))
 5 SYSTEMPATH\CodeIgniter.php(354): CodeIgniter\CodeIgniter->handleRequest(null, Object(Config\Cache), false)
 6 SYSTEMPATH\Boot.php(363): CodeIgniter\CodeIgniter->run()
 7 SYSTEMPATH\Boot.php(68): CodeIgniter\Boot::runCodeIgniter(Object(CodeIgniter\CodeIgniter))
 8 FCPATH\index.php(59): CodeIgniter\Boot::bootWeb(Object(Config\Paths))
CRITICAL - 2026-03-08 04:11:32 --> [Caused by] CodeIgniter\Database\Exceptions\DatabaseException: Unknown column 'attendance.time_out' in 'field list'
in SYSTEMPATH\Database\MySQLi\Connection.php on line 332.
 1 SYSTEMPATH\Database\BaseConnection.php(729): CodeIgniter\Database\MySQLi\Connection->execute('SELECT `users`.`id_number`, `users`.`full_name`, `users`.`profile_pic`, `attendance`.`time_in`, `attendance`.`time_out`, `attendance`.`status`
FROM `users`
LEFT JOIN `attendance` ON `attendance`.`student_id` = `users`.`id_number` AND `attendance`.`event_id` = 1
WHERE `users`.`id_number` = \'23-a-01647\'')
 2 SYSTEMPATH\Database\BaseConnection.php(646): CodeIgniter\Database\BaseConnection->simpleQuery('SELECT `users`.`id_number`, `users`.`full_name`, `users`.`profile_pic`, `attendance`.`time_in`, `attendance`.`time_out`, `attendance`.`status`
FROM `users`
LEFT JOIN `attendance` ON `attendance`.`student_id` = `users`.`id_number` AND `attendance`.`event_id` = 1
WHERE `users`.`id_number` = \'23-a-01647\'')
 3 SYSTEMPATH\Database\BaseBuilder.php(1649): CodeIgniter\Database\BaseConnection->query('SELECT `users`.`id_number`, `users`.`full_name`, `users`.`profile_pic`, `attendance`.`time_in`, `attendance`.`time_out`, `attendance`.`status`
FROM `users`
LEFT JOIN `attendance` ON `attendance`.`student_id` = `users`.`id_number` AND `attendance`.`event_id` = 1
WHERE `users`.`id_number` = :users.id_number:', [...], false)
 4 APPPATH\Controllers\Admin.php(204): CodeIgniter\Database\BaseBuilder->get()
 5 SYSTEMPATH\CodeIgniter.php(933): App\Controllers\Admin->attendance_monitoring()
 6 SYSTEMPATH\CodeIgniter.php(507): CodeIgniter\CodeIgniter->runController(Object(App\Controllers\Admin))
 7 SYSTEMPATH\CodeIgniter.php(354): CodeIgniter\CodeIgniter->handleRequest(null, Object(Config\Cache), false)
 8 SYSTEMPATH\Boot.php(363): CodeIgniter\CodeIgniter->run()
 9 SYSTEMPATH\Boot.php(68): CodeIgniter\Boot::runCodeIgniter(Object(CodeIgniter\CodeIgniter))
10 FCPATH\index.php(59): CodeIgniter\Boot::bootWeb(Object(Config\Paths))
CRITICAL - 2026-03-08 04:11:32 --> [Caused by] mysqli_sql_exception: Unknown column 'attendance.time_out' in 'field list'
in SYSTEMPATH\Database\MySQLi\Connection.php on line 327.
 1 SYSTEMPATH\Database\MySQLi\Connection.php(327): mysqli->query('SELECT `users`.`id_number`, `users`.`full_name`, `users`.`profile_pic`, `attendance`.`time_in`, `attendance`.`time_out`, `attendance`.`status`
FROM `users`
LEFT JOIN `attendance` ON `attendance`.`student_id` = `users`.`id_number` AND `attendance`.`event_id` = 1
WHERE `users`.`id_number` = \'23-a-01647\'', 0)
 2 SYSTEMPATH\Database\BaseConnection.php(729): CodeIgniter\Database\MySQLi\Connection->execute('SELECT `users`.`id_number`, `users`.`full_name`, `users`.`profile_pic`, `attendance`.`time_in`, `attendance`.`time_out`, `attendance`.`status`
FROM `users`
LEFT JOIN `attendance` ON `attendance`.`student_id` = `users`.`id_number` AND `attendance`.`event_id` = 1
WHERE `users`.`id_number` = \'23-a-01647\'')
 3 SYSTEMPATH\Database\BaseConnection.php(646): CodeIgniter\Database\BaseConnection->simpleQuery('SELECT `users`.`id_number`, `users`.`full_name`, `users`.`profile_pic`, `attendance`.`time_in`, `attendance`.`time_out`, `attendance`.`status`
FROM `users`
LEFT JOIN `attendance` ON `attendance`.`student_id` = `users`.`id_number` AND `attendance`.`event_id` = 1
WHERE `users`.`id_number` = \'23-a-01647\'')
 4 SYSTEMPATH\Database\BaseBuilder.php(1649): CodeIgniter\Database\BaseConnection->query('SELECT `users`.`id_number`, `users`.`full_name`, `users`.`profile_pic`, `attendance`.`time_in`, `attendance`.`time_out`, `attendance`.`status`
FROM `users`
LEFT JOIN `attendance` ON `attendance`.`student_id` = `users`.`id_number` AND `attendance`.`event_id` = 1
WHERE `users`.`id_number` = :users.id_number:', [...], false)
 5 APPPATH\Controllers\Admin.php(204): CodeIgniter\Database\BaseBuilder->get()
 6 SYSTEMPATH\CodeIgniter.php(933): App\Controllers\Admin->attendance_monitoring()
 7 SYSTEMPATH\CodeIgniter.php(507): CodeIgniter\CodeIgniter->runController(Object(App\Controllers\Admin))
 8 SYSTEMPATH\CodeIgniter.php(354): CodeIgniter\CodeIgniter->handleRequest(null, Object(Config\Cache), false)
 9 SYSTEMPATH\Boot.php(363): CodeIgniter\CodeIgniter->run()
10 SYSTEMPATH\Boot.php(68): CodeIgniter\Boot::runCodeIgniter(Object(CodeIgniter\CodeIgniter))
11 FCPATH\index.php(59): CodeIgniter\Boot::bootWeb(Object(Config\Paths))
ERROR - 2026-03-08 04:11:56 --> mysqli_sql_exception: Unknown column 'attendance.time_out' in 'field list' in C:\xampp\htdocs\system\system\Database\MySQLi\Connection.php:327
Stack trace:
#0 C:\xampp\htdocs\system\system\Database\MySQLi\Connection.php(327): mysqli->query('SELECT `users`....', 0)
#1 C:\xampp\htdocs\system\system\Database\BaseConnection.php(729): CodeIgniter\Database\MySQLi\Connection->execute('SELECT `users`....')
#2 C:\xampp\htdocs\system\system\Database\BaseConnection.php(646): CodeIgniter\Database\BaseConnection->simpleQuery('SELECT `users`....')
#3 C:\xampp\htdocs\system\system\Database\BaseBuilder.php(1649): CodeIgniter\Database\BaseConnection->query('SELECT `users`....', Array, false)
#4 C:\xampp\htdocs\system\app\Controllers\Admin.php(204): CodeIgniter\Database\BaseBuilder->get()
#5 C:\xampp\htdocs\system\system\CodeIgniter.php(933): App\Controllers\Admin->attendance_monitoring()
#6 C:\xampp\htdocs\system\system\CodeIgniter.php(507): CodeIgniter\CodeIgniter->runController(Object(App\Controllers\Admin))
#7 C:\xampp\htdocs\system\system\CodeIgniter.php(354): CodeIgniter\CodeIgniter->handleRequest(NULL, Object(Config\Cache), false)
#8 C:\xampp\htdocs\system\system\Boot.php(363): CodeIgniter\CodeIgniter->run()
#9 C:\xampp\htdocs\system\system\Boot.php(68): CodeIgniter\Boot::runCodeIgniter(Object(CodeIgniter\CodeIgniter))
#10 C:\xampp\htdocs\system\public\index.php(59): CodeIgniter\Boot::bootWeb(Object(Config\Paths))
#11 {main}
CRITICAL - 2026-03-08 04:11:56 --> CodeIgniter\Database\Exceptions\DatabaseException: Unknown column 'attendance.time_out' in 'field list'
[Method: GET, Route: admin/attendance_monitoring]
in SYSTEMPATH\Database\BaseConnection.php on line 684.
 1 SYSTEMPATH\Database\BaseBuilder.php(1649): CodeIgniter\Database\BaseConnection->query('SELECT `users`.`id_number`, `users`.`full_name`, `users`.`profile_pic`, `attendance`.`time_in`, `attendance`.`time_out`, `attendance`.`status`
FROM `users`
LEFT JOIN `attendance` ON `attendance`.`student_id` = `users`.`id_number` AND `attendance`.`event_id` = 1
WHERE `users`.`id_number` = :users.id_number:', [...], false)
 2 APPPATH\Controllers\Admin.php(204): CodeIgniter\Database\BaseBuilder->get()
 3 SYSTEMPATH\CodeIgniter.php(933): App\Controllers\Admin->attendance_monitoring()
 4 SYSTEMPATH\CodeIgniter.php(507): CodeIgniter\CodeIgniter->runController(Object(App\Controllers\Admin))
 5 SYSTEMPATH\CodeIgniter.php(354): CodeIgniter\CodeIgniter->handleRequest(null, Object(Config\Cache), false)
 6 SYSTEMPATH\Boot.php(363): CodeIgniter\CodeIgniter->run()
 7 SYSTEMPATH\Boot.php(68): CodeIgniter\Boot::runCodeIgniter(Object(CodeIgniter\CodeIgniter))
 8 FCPATH\index.php(59): CodeIgniter\Boot::bootWeb(Object(Config\Paths))
CRITICAL - 2026-03-08 04:11:56 --> [Caused by] CodeIgniter\Database\Exceptions\DatabaseException: Unknown column 'attendance.time_out' in 'field list'
in SYSTEMPATH\Database\MySQLi\Connection.php on line 332.
 1 SYSTEMPATH\Database\BaseConnection.php(729): CodeIgniter\Database\MySQLi\Connection->execute('SELECT `users`.`id_number`, `users`.`full_name`, `users`.`profile_pic`, `attendance`.`time_in`, `attendance`.`time_out`, `attendance`.`status`
FROM `users`
LEFT JOIN `attendance` ON `attendance`.`student_id` = `users`.`id_number` AND `attendance`.`event_id` = 1
WHERE `users`.`id_number` = \'23-a-01647\'')
 2 SYSTEMPATH\Database\BaseConnection.php(646): CodeIgniter\Database\BaseConnection->simpleQuery('SELECT `users`.`id_number`, `users`.`full_name`, `users`.`profile_pic`, `attendance`.`time_in`, `attendance`.`time_out`, `attendance`.`status`
FROM `users`
LEFT JOIN `attendance` ON `attendance`.`student_id` = `users`.`id_number` AND `attendance`.`event_id` = 1
WHERE `users`.`id_number` = \'23-a-01647\'')
 3 SYSTEMPATH\Database\BaseBuilder.php(1649): CodeIgniter\Database\BaseConnection->query('SELECT `users`.`id_number`, `users`.`full_name`, `users`.`profile_pic`, `attendance`.`time_in`, `attendance`.`time_out`, `attendance`.`status`
FROM `users`
LEFT JOIN `attendance` ON `attendance`.`student_id` = `users`.`id_number` AND `attendance`.`event_id` = 1
WHERE `users`.`id_number` = :users.id_number:', [...], false)
 4 APPPATH\Controllers\Admin.php(204): CodeIgniter\Database\BaseBuilder->get()
 5 SYSTEMPATH\CodeIgniter.php(933): App\Controllers\Admin->attendance_monitoring()
 6 SYSTEMPATH\CodeIgniter.php(507): CodeIgniter\CodeIgniter->runController(Object(App\Controllers\Admin))
 7 SYSTEMPATH\CodeIgniter.php(354): CodeIgniter\CodeIgniter->handleRequest(null, Object(Config\Cache), false)
 8 SYSTEMPATH\Boot.php(363): CodeIgniter\CodeIgniter->run()
 9 SYSTEMPATH\Boot.php(68): CodeIgniter\Boot::runCodeIgniter(Object(CodeIgniter\CodeIgniter))
10 FCPATH\index.php(59): CodeIgniter\Boot::bootWeb(Object(Config\Paths))
CRITICAL - 2026-03-08 04:11:56 --> [Caused by] mysqli_sql_exception: Unknown column 'attendance.time_out' in 'field list'
in SYSTEMPATH\Database\MySQLi\Connection.php on line 327.
 1 SYSTEMPATH\Database\MySQLi\Connection.php(327): mysqli->query('SELECT `users`.`id_number`, `users`.`full_name`, `users`.`profile_pic`, `attendance`.`time_in`, `attendance`.`time_out`, `attendance`.`status`
FROM `users`
LEFT JOIN `attendance` ON `attendance`.`student_id` = `users`.`id_number` AND `attendance`.`event_id` = 1
WHERE `users`.`id_number` = \'23-a-01647\'', 0)
 2 SYSTEMPATH\Database\BaseConnection.php(729): CodeIgniter\Database\MySQLi\Connection->execute('SELECT `users`.`id_number`, `users`.`full_name`, `users`.`profile_pic`, `attendance`.`time_in`, `attendance`.`time_out`, `attendance`.`status`
FROM `users`
LEFT JOIN `attendance` ON `attendance`.`student_id` = `users`.`id_number` AND `attendance`.`event_id` = 1
WHERE `users`.`id_number` = \'23-a-01647\'')
 3 SYSTEMPATH\Database\BaseConnection.php(646): CodeIgniter\Database\BaseConnection->simpleQuery('SELECT `users`.`id_number`, `users`.`full_name`, `users`.`profile_pic`, `attendance`.`time_in`, `attendance`.`time_out`, `attendance`.`status`
FROM `users`
LEFT JOIN `attendance` ON `attendance`.`student_id` = `users`.`id_number` AND `attendance`.`event_id` = 1
WHERE `users`.`id_number` = \'23-a-01647\'')
 4 SYSTEMPATH\Database\BaseBuilder.php(1649): CodeIgniter\Database\BaseConnection->query('SELECT `users`.`id_number`, `users`.`full_name`, `users`.`profile_pic`, `attendance`.`time_in`, `attendance`.`time_out`, `attendance`.`status`
FROM `users`
LEFT JOIN `attendance` ON `attendance`.`student_id` = `users`.`id_number` AND `attendance`.`event_id` = 1
WHERE `users`.`id_number` = :users.id_number:', [...], false)
 5 APPPATH\Controllers\Admin.php(204): CodeIgniter\Database\BaseBuilder->get()
 6 SYSTEMPATH\CodeIgniter.php(933): App\Controllers\Admin->attendance_monitoring()
 7 SYSTEMPATH\CodeIgniter.php(507): CodeIgniter\CodeIgniter->runController(Object(App\Controllers\Admin))
 8 SYSTEMPATH\CodeIgniter.php(354): CodeIgniter\CodeIgniter->handleRequest(null, Object(Config\Cache), false)
 9 SYSTEMPATH\Boot.php(363): CodeIgniter\CodeIgniter->run()
10 SYSTEMPATH\Boot.php(68): CodeIgniter\Boot::runCodeIgniter(Object(CodeIgniter\CodeIgniter))
11 FCPATH\index.php(59): CodeIgniter\Boot::bootWeb(Object(Config\Paths))
ERROR - 2026-03-08 04:13:53 --> mysqli_sql_exception: Unknown column 'attendance.time_out' in 'field list' in C:\xampp\htdocs\system\system\Database\MySQLi\Connection.php:327
Stack trace:
#0 C:\xampp\htdocs\system\system\Database\MySQLi\Connection.php(327): mysqli->query('SELECT `users`....', 0)
#1 C:\xampp\htdocs\system\system\Database\BaseConnection.php(729): CodeIgniter\Database\MySQLi\Connection->execute('SELECT `users`....')
#2 C:\xampp\htdocs\system\system\Database\BaseConnection.php(646): CodeIgniter\Database\BaseConnection->simpleQuery('SELECT `users`....')
#3 C:\xampp\htdocs\system\system\Database\BaseBuilder.php(1649): CodeIgniter\Database\BaseConnection->query('SELECT `users`....', Array, false)
#4 C:\xampp\htdocs\system\app\Controllers\Admin.php(206): CodeIgniter\Database\BaseBuilder->get()
#5 C:\xampp\htdocs\system\system\CodeIgniter.php(933): App\Controllers\Admin->attendance_monitoring()
#6 C:\xampp\htdocs\system\system\CodeIgniter.php(507): CodeIgniter\CodeIgniter->runController(Object(App\Controllers\Admin))
#7 C:\xampp\htdocs\system\system\CodeIgniter.php(354): CodeIgniter\CodeIgniter->handleRequest(NULL, Object(Config\Cache), false)
#8 C:\xampp\htdocs\system\system\Boot.php(363): CodeIgniter\CodeIgniter->run()
#9 C:\xampp\htdocs\system\system\Boot.php(68): CodeIgniter\Boot::runCodeIgniter(Object(CodeIgniter\CodeIgniter))
#10 C:\xampp\htdocs\system\public\index.php(59): CodeIgniter\Boot::bootWeb(Object(Config\Paths))
#11 {main}
CRITICAL - 2026-03-08 04:13:53 --> CodeIgniter\Database\Exceptions\DatabaseException: Unknown column 'attendance.time_out' in 'field list'
[Method: GET, Route: admin/attendance_monitoring]
in SYSTEMPATH\Database\BaseConnection.php on line 684.
 1 SYSTEMPATH\Database\BaseBuilder.php(1649): CodeIgniter\Database\BaseConnection->query('SELECT `users`.`id_number`, `users`.`full_name`, `users`.`profile_pic`, `attendance`.`time_in`, `attendance`.`time_out`
FROM `users`
LEFT JOIN `attendance` ON `attendance`.`student_id` = `users`.`id_number` AND `attendance`.`event_id` = 1
WHERE `users`.`id_number` = :users.id_number:', [...], false)
 2 APPPATH\Controllers\Admin.php(206): CodeIgniter\Database\BaseBuilder->get()
 3 SYSTEMPATH\CodeIgniter.php(933): App\Controllers\Admin->attendance_monitoring()
 4 SYSTEMPATH\CodeIgniter.php(507): CodeIgniter\CodeIgniter->runController(Object(App\Controllers\Admin))
 5 SYSTEMPATH\CodeIgniter.php(354): CodeIgniter\CodeIgniter->handleRequest(null, Object(Config\Cache), false)
 6 SYSTEMPATH\Boot.php(363): CodeIgniter\CodeIgniter->run()
 7 SYSTEMPATH\Boot.php(68): CodeIgniter\Boot::runCodeIgniter(Object(CodeIgniter\CodeIgniter))
 8 FCPATH\index.php(59): CodeIgniter\Boot::bootWeb(Object(Config\Paths))
CRITICAL - 2026-03-08 04:13:53 --> [Caused by] CodeIgniter\Database\Exceptions\DatabaseException: Unknown column 'attendance.time_out' in 'field list'
in SYSTEMPATH\Database\MySQLi\Connection.php on line 332.
 1 SYSTEMPATH\Database\BaseConnection.php(729): CodeIgniter\Database\MySQLi\Connection->execute('SELECT `users`.`id_number`, `users`.`full_name`, `users`.`profile_pic`, `attendance`.`time_in`, `attendance`.`time_out`
FROM `users`
LEFT JOIN `attendance` ON `attendance`.`student_id` = `users`.`id_number` AND `attendance`.`event_id` = 1
WHERE `users`.`id_number` = \'23-A-01647\'')
 2 SYSTEMPATH\Database\BaseConnection.php(646): CodeIgniter\Database\BaseConnection->simpleQuery('SELECT `users`.`id_number`, `users`.`full_name`, `users`.`profile_pic`, `attendance`.`time_in`, `attendance`.`time_out`
FROM `users`
LEFT JOIN `attendance` ON `attendance`.`student_id` = `users`.`id_number` AND `attendance`.`event_id` = 1
WHERE `users`.`id_number` = \'23-A-01647\'')
 3 SYSTEMPATH\Database\BaseBuilder.php(1649): CodeIgniter\Database\BaseConnection->query('SELECT `users`.`id_number`, `users`.`full_name`, `users`.`profile_pic`, `attendance`.`time_in`, `attendance`.`time_out`
FROM `users`
LEFT JOIN `attendance` ON `attendance`.`student_id` = `users`.`id_number` AND `attendance`.`event_id` = 1
WHERE `users`.`id_number` = :users.id_number:', [...], false)
 4 APPPATH\Controllers\Admin.php(206): CodeIgniter\Database\BaseBuilder->get()
 5 SYSTEMPATH\CodeIgniter.php(933): App\Controllers\Admin->attendance_monitoring()
 6 SYSTEMPATH\CodeIgniter.php(507): CodeIgniter\CodeIgniter->runController(Object(App\Controllers\Admin))
 7 SYSTEMPATH\CodeIgniter.php(354): CodeIgniter\CodeIgniter->handleRequest(null, Object(Config\Cache), false)
 8 SYSTEMPATH\Boot.php(363): CodeIgniter\CodeIgniter->run()
 9 SYSTEMPATH\Boot.php(68): CodeIgniter\Boot::runCodeIgniter(Object(CodeIgniter\CodeIgniter))
10 FCPATH\index.php(59): CodeIgniter\Boot::bootWeb(Object(Config\Paths))
CRITICAL - 2026-03-08 04:13:53 --> [Caused by] mysqli_sql_exception: Unknown column 'attendance.time_out' in 'field list'
in SYSTEMPATH\Database\MySQLi\Connection.php on line 327.
 1 SYSTEMPATH\Database\MySQLi\Connection.php(327): mysqli->query('SELECT `users`.`id_number`, `users`.`full_name`, `users`.`profile_pic`, `attendance`.`time_in`, `attendance`.`time_out`
FROM `users`
LEFT JOIN `attendance` ON `attendance`.`student_id` = `users`.`id_number` AND `attendance`.`event_id` = 1
WHERE `users`.`id_number` = \'23-A-01647\'', 0)
 2 SYSTEMPATH\Database\BaseConnection.php(729): CodeIgniter\Database\MySQLi\Connection->execute('SELECT `users`.`id_number`, `users`.`full_name`, `users`.`profile_pic`, `attendance`.`time_in`, `attendance`.`time_out`
FROM `users`
LEFT JOIN `attendance` ON `attendance`.`student_id` = `users`.`id_number` AND `attendance`.`event_id` = 1
WHERE `users`.`id_number` = \'23-A-01647\'')
 3 SYSTEMPATH\Database\BaseConnection.php(646): CodeIgniter\Database\BaseConnection->simpleQuery('SELECT `users`.`id_number`, `users`.`full_name`, `users`.`profile_pic`, `attendance`.`time_in`, `attendance`.`time_out`
FROM `users`
LEFT JOIN `attendance` ON `attendance`.`student_id` = `users`.`id_number` AND `attendance`.`event_id` = 1
WHERE `users`.`id_number` = \'23-A-01647\'')
 4 SYSTEMPATH\Database\BaseBuilder.php(1649): CodeIgniter\Database\BaseConnection->query('SELECT `users`.`id_number`, `users`.`full_name`, `users`.`profile_pic`, `attendance`.`time_in`, `attendance`.`time_out`
FROM `users`
LEFT JOIN `attendance` ON `attendance`.`student_id` = `users`.`id_number` AND `attendance`.`event_id` = 1
WHERE `users`.`id_number` = :users.id_number:', [...], false)
 5 APPPATH\Controllers\Admin.php(206): CodeIgniter\Database\BaseBuilder->get()
 6 SYSTEMPATH\CodeIgniter.php(933): App\Controllers\Admin->attendance_monitoring()
 7 SYSTEMPATH\CodeIgniter.php(507): CodeIgniter\CodeIgniter->runController(Object(App\Controllers\Admin))
 8 SYSTEMPATH\CodeIgniter.php(354): CodeIgniter\CodeIgniter->handleRequest(null, Object(Config\Cache), false)
 9 SYSTEMPATH\Boot.php(363): CodeIgniter\CodeIgniter->run()
10 SYSTEMPATH\Boot.php(68): CodeIgniter\Boot::runCodeIgniter(Object(CodeIgniter\CodeIgniter))
11 FCPATH\index.php(59): CodeIgniter\Boot::bootWeb(Object(Config\Paths))
ERROR - 2026-03-08 04:14:02 --> mysqli_sql_exception: Unknown column 'attendance.time_out' in 'field list' in C:\xampp\htdocs\system\system\Database\MySQLi\Connection.php:327
Stack trace:
#0 C:\xampp\htdocs\system\system\Database\MySQLi\Connection.php(327): mysqli->query('SELECT `users`....', 0)
#1 C:\xampp\htdocs\system\system\Database\BaseConnection.php(729): CodeIgniter\Database\MySQLi\Connection->execute('SELECT `users`....')
#2 C:\xampp\htdocs\system\system\Database\BaseConnection.php(646): CodeIgniter\Database\BaseConnection->simpleQuery('SELECT `users`....')
#3 C:\xampp\htdocs\system\system\Database\BaseBuilder.php(1649): CodeIgniter\Database\BaseConnection->query('SELECT `users`....', Array, false)
#4 C:\xampp\htdocs\system\app\Controllers\Admin.php(206): CodeIgniter\Database\BaseBuilder->get()
#5 C:\xampp\htdocs\system\system\CodeIgniter.php(933): App\Controllers\Admin->attendance_monitoring()
#6 C:\xampp\htdocs\system\system\CodeIgniter.php(507): CodeIgniter\CodeIgniter->runController(Object(App\Controllers\Admin))
#7 C:\xampp\htdocs\system\system\CodeIgniter.php(354): CodeIgniter\CodeIgniter->handleRequest(NULL, Object(Config\Cache), false)
#8 C:\xampp\htdocs\system\system\Boot.php(363): CodeIgniter\CodeIgniter->run()
#9 C:\xampp\htdocs\system\system\Boot.php(68): CodeIgniter\Boot::runCodeIgniter(Object(CodeIgniter\CodeIgniter))
#10 C:\xampp\htdocs\system\public\index.php(59): CodeIgniter\Boot::bootWeb(Object(Config\Paths))
#11 {main}
CRITICAL - 2026-03-08 04:14:02 --> CodeIgniter\Database\Exceptions\DatabaseException: Unknown column 'attendance.time_out' in 'field list'
[Method: GET, Route: admin/attendance_monitoring]
in SYSTEMPATH\Database\BaseConnection.php on line 684.
 1 SYSTEMPATH\Database\BaseBuilder.php(1649): CodeIgniter\Database\BaseConnection->query('SELECT `users`.`id_number`, `users`.`full_name`, `users`.`profile_pic`, `attendance`.`time_in`, `attendance`.`time_out`
FROM `users`
LEFT JOIN `attendance` ON `attendance`.`student_id` = `users`.`id_number` AND `attendance`.`event_id` = 1
WHERE `users`.`id_number` = :users.id_number:', [...], false)
 2 APPPATH\Controllers\Admin.php(206): CodeIgniter\Database\BaseBuilder->get()
 3 SYSTEMPATH\CodeIgniter.php(933): App\Controllers\Admin->attendance_monitoring()
 4 SYSTEMPATH\CodeIgniter.php(507): CodeIgniter\CodeIgniter->runController(Object(App\Controllers\Admin))
 5 SYSTEMPATH\CodeIgniter.php(354): CodeIgniter\CodeIgniter->handleRequest(null, Object(Config\Cache), false)
 6 SYSTEMPATH\Boot.php(363): CodeIgniter\CodeIgniter->run()
 7 SYSTEMPATH\Boot.php(68): CodeIgniter\Boot::runCodeIgniter(Object(CodeIgniter\CodeIgniter))
 8 FCPATH\index.php(59): CodeIgniter\Boot::bootWeb(Object(Config\Paths))
CRITICAL - 2026-03-08 04:14:02 --> [Caused by] CodeIgniter\Database\Exceptions\DatabaseException: Unknown column 'attendance.time_out' in 'field list'
in SYSTEMPATH\Database\MySQLi\Connection.php on line 332.
 1 SYSTEMPATH\Database\BaseConnection.php(729): CodeIgniter\Database\MySQLi\Connection->execute('SELECT `users`.`id_number`, `users`.`full_name`, `users`.`profile_pic`, `attendance`.`time_in`, `attendance`.`time_out`
FROM `users`
LEFT JOIN `attendance` ON `attendance`.`student_id` = `users`.`id_number` AND `attendance`.`event_id` = 1
WHERE `users`.`id_number` = \'23-a-01647\'')
 2 SYSTEMPATH\Database\BaseConnection.php(646): CodeIgniter\Database\BaseConnection->simpleQuery('SELECT `users`.`id_number`, `users`.`full_name`, `users`.`profile_pic`, `attendance`.`time_in`, `attendance`.`time_out`
FROM `users`
LEFT JOIN `attendance` ON `attendance`.`student_id` = `users`.`id_number` AND `attendance`.`event_id` = 1
WHERE `users`.`id_number` = \'23-a-01647\'')
 3 SYSTEMPATH\Database\BaseBuilder.php(1649): CodeIgniter\Database\BaseConnection->query('SELECT `users`.`id_number`, `users`.`full_name`, `users`.`profile_pic`, `attendance`.`time_in`, `attendance`.`time_out`
FROM `users`
LEFT JOIN `attendance` ON `attendance`.`student_id` = `users`.`id_number` AND `attendance`.`event_id` = 1
WHERE `users`.`id_number` = :users.id_number:', [...], false)
 4 APPPATH\Controllers\Admin.php(206): CodeIgniter\Database\BaseBuilder->get()
 5 SYSTEMPATH\CodeIgniter.php(933): App\Controllers\Admin->attendance_monitoring()
 6 SYSTEMPATH\CodeIgniter.php(507): CodeIgniter\CodeIgniter->runController(Object(App\Controllers\Admin))
 7 SYSTEMPATH\CodeIgniter.php(354): CodeIgniter\CodeIgniter->handleRequest(null, Object(Config\Cache), false)
 8 SYSTEMPATH\Boot.php(363): CodeIgniter\CodeIgniter->run()
 9 SYSTEMPATH\Boot.php(68): CodeIgniter\Boot::runCodeIgniter(Object(CodeIgniter\CodeIgniter))
10 FCPATH\index.php(59): CodeIgniter\Boot::bootWeb(Object(Config\Paths))
CRITICAL - 2026-03-08 04:14:02 --> [Caused by] mysqli_sql_exception: Unknown column 'attendance.time_out' in 'field list'
in SYSTEMPATH\Database\MySQLi\Connection.php on line 327.
 1 SYSTEMPATH\Database\MySQLi\Connection.php(327): mysqli->query('SELECT `users`.`id_number`, `users`.`full_name`, `users`.`profile_pic`, `attendance`.`time_in`, `attendance`.`time_out`
FROM `users`
LEFT JOIN `attendance` ON `attendance`.`student_id` = `users`.`id_number` AND `attendance`.`event_id` = 1
WHERE `users`.`id_number` = \'23-a-01647\'', 0)
 2 SYSTEMPATH\Database\BaseConnection.php(729): CodeIgniter\Database\MySQLi\Connection->execute('SELECT `users`.`id_number`, `users`.`full_name`, `users`.`profile_pic`, `attendance`.`time_in`, `attendance`.`time_out`
FROM `users`
LEFT JOIN `attendance` ON `attendance`.`student_id` = `users`.`id_number` AND `attendance`.`event_id` = 1
WHERE `users`.`id_number` = \'23-a-01647\'')
 3 SYSTEMPATH\Database\BaseConnection.php(646): CodeIgniter\Database\BaseConnection->simpleQuery('SELECT `users`.`id_number`, `users`.`full_name`, `users`.`profile_pic`, `attendance`.`time_in`, `attendance`.`time_out`
FROM `users`
LEFT JOIN `attendance` ON `attendance`.`student_id` = `users`.`id_number` AND `attendance`.`event_id` = 1
WHERE `users`.`id_number` = \'23-a-01647\'')
 4 SYSTEMPATH\Database\BaseBuilder.php(1649): CodeIgniter\Database\BaseConnection->query('SELECT `users`.`id_number`, `users`.`full_name`, `users`.`profile_pic`, `attendance`.`time_in`, `attendance`.`time_out`
FROM `users`
LEFT JOIN `attendance` ON `attendance`.`student_id` = `users`.`id_number` AND `attendance`.`event_id` = 1
WHERE `users`.`id_number` = :users.id_number:', [...], false)
 5 APPPATH\Controllers\Admin.php(206): CodeIgniter\Database\BaseBuilder->get()
 6 SYSTEMPATH\CodeIgniter.php(933): App\Controllers\Admin->attendance_monitoring()
 7 SYSTEMPATH\CodeIgniter.php(507): CodeIgniter\CodeIgniter->runController(Object(App\Controllers\Admin))
 8 SYSTEMPATH\CodeIgniter.php(354): CodeIgniter\CodeIgniter->handleRequest(null, Object(Config\Cache), false)
 9 SYSTEMPATH\Boot.php(363): CodeIgniter\CodeIgniter->run()
10 SYSTEMPATH\Boot.php(68): CodeIgniter\Boot::runCodeIgniter(Object(CodeIgniter\CodeIgniter))
11 FCPATH\index.php(59): CodeIgniter\Boot::bootWeb(Object(Config\Paths))
ERROR - 2026-03-08 04:14:59 --> mysqli_sql_exception: Unknown column 'attendance.time_out' in 'field list' in C:\xampp\htdocs\system\system\Database\MySQLi\Connection.php:327
Stack trace:
#0 C:\xampp\htdocs\system\system\Database\MySQLi\Connection.php(327): mysqli->query('SELECT `users`....', 0)
#1 C:\xampp\htdocs\system\system\Database\BaseConnection.php(729): CodeIgniter\Database\MySQLi\Connection->execute('SELECT `users`....')
#2 C:\xampp\htdocs\system\system\Database\BaseConnection.php(646): CodeIgniter\Database\BaseConnection->simpleQuery('SELECT `users`....')
#3 C:\xampp\htdocs\system\system\Database\BaseBuilder.php(1649): CodeIgniter\Database\BaseConnection->query('SELECT `users`....', Array, false)
#4 C:\xampp\htdocs\system\app\Controllers\Admin.php(206): CodeIgniter\Database\BaseBuilder->get()
#5 C:\xampp\htdocs\system\system\CodeIgniter.php(933): App\Controllers\Admin->attendance_monitoring()
#6 C:\xampp\htdocs\system\system\CodeIgniter.php(507): CodeIgniter\CodeIgniter->runController(Object(App\Controllers\Admin))
#7 C:\xampp\htdocs\system\system\CodeIgniter.php(354): CodeIgniter\CodeIgniter->handleRequest(NULL, Object(Config\Cache), false)
#8 C:\xampp\htdocs\system\system\Boot.php(363): CodeIgniter\CodeIgniter->run()
#9 C:\xampp\htdocs\system\system\Boot.php(68): CodeIgniter\Boot::runCodeIgniter(Object(CodeIgniter\CodeIgniter))
#10 C:\xampp\htdocs\system\public\index.php(59): CodeIgniter\Boot::bootWeb(Object(Config\Paths))
#11 {main}
CRITICAL - 2026-03-08 04:14:59 --> CodeIgniter\Database\Exceptions\DatabaseException: Unknown column 'attendance.time_out' in 'field list'
[Method: GET, Route: admin/attendance_monitoring]
in SYSTEMPATH\Database\BaseConnection.php on line 684.
 1 SYSTEMPATH\Database\BaseBuilder.php(1649): CodeIgniter\Database\BaseConnection->query('SELECT `users`.`id_number`, `users`.`full_name`, `users`.`profile_pic`, `attendance`.`time_in`, `attendance`.`time_out`
FROM `users`
LEFT JOIN `attendance` ON `attendance`.`student_id` = `users`.`id_number` AND `attendance`.`event_id` = 1
WHERE `users`.`id_number` = :users.id_number:', [...], false)
 2 APPPATH\Controllers\Admin.php(206): CodeIgniter\Database\BaseBuilder->get()
 3 SYSTEMPATH\CodeIgniter.php(933): App\Controllers\Admin->attendance_monitoring()
 4 SYSTEMPATH\CodeIgniter.php(507): CodeIgniter\CodeIgniter->runController(Object(App\Controllers\Admin))
 5 SYSTEMPATH\CodeIgniter.php(354): CodeIgniter\CodeIgniter->handleRequest(null, Object(Config\Cache), false)
 6 SYSTEMPATH\Boot.php(363): CodeIgniter\CodeIgniter->run()
 7 SYSTEMPATH\Boot.php(68): CodeIgniter\Boot::runCodeIgniter(Object(CodeIgniter\CodeIgniter))
 8 FCPATH\index.php(59): CodeIgniter\Boot::bootWeb(Object(Config\Paths))
CRITICAL - 2026-03-08 04:14:59 --> [Caused by] CodeIgniter\Database\Exceptions\DatabaseException: Unknown column 'attendance.time_out' in 'field list'
in SYSTEMPATH\Database\MySQLi\Connection.php on line 332.
 1 SYSTEMPATH\Database\BaseConnection.php(729): CodeIgniter\Database\MySQLi\Connection->execute('SELECT `users`.`id_number`, `users`.`full_name`, `users`.`profile_pic`, `attendance`.`time_in`, `attendance`.`time_out`
FROM `users`
LEFT JOIN `attendance` ON `attendance`.`student_id` = `users`.`id_number` AND `attendance`.`event_id` = 1
WHERE `users`.`id_number` = \'23-a-01647\'')
 2 SYSTEMPATH\Database\BaseConnection.php(646): CodeIgniter\Database\BaseConnection->simpleQuery('SELECT `users`.`id_number`, `users`.`full_name`, `users`.`profile_pic`, `attendance`.`time_in`, `attendance`.`time_out`
FROM `users`
LEFT JOIN `attendance` ON `attendance`.`student_id` = `users`.`id_number` AND `attendance`.`event_id` = 1
WHERE `users`.`id_number` = \'23-a-01647\'')
 3 SYSTEMPATH\Database\BaseBuilder.php(1649): CodeIgniter\Database\BaseConnection->query('SELECT `users`.`id_number`, `users`.`full_name`, `users`.`profile_pic`, `attendance`.`time_in`, `attendance`.`time_out`
FROM `users`
LEFT JOIN `attendance` ON `attendance`.`student_id` = `users`.`id_number` AND `attendance`.`event_id` = 1
WHERE `users`.`id_number` = :users.id_number:', [...], false)
 4 APPPATH\Controllers\Admin.php(206): CodeIgniter\Database\BaseBuilder->get()
 5 SYSTEMPATH\CodeIgniter.php(933): App\Controllers\Admin->attendance_monitoring()
 6 SYSTEMPATH\CodeIgniter.php(507): CodeIgniter\CodeIgniter->runController(Object(App\Controllers\Admin))
 7 SYSTEMPATH\CodeIgniter.php(354): CodeIgniter\CodeIgniter->handleRequest(null, Object(Config\Cache), false)
 8 SYSTEMPATH\Boot.php(363): CodeIgniter\CodeIgniter->run()
 9 SYSTEMPATH\Boot.php(68): CodeIgniter\Boot::runCodeIgniter(Object(CodeIgniter\CodeIgniter))
10 FCPATH\index.php(59): CodeIgniter\Boot::bootWeb(Object(Config\Paths))
CRITICAL - 2026-03-08 04:14:59 --> [Caused by] mysqli_sql_exception: Unknown column 'attendance.time_out' in 'field list'
in SYSTEMPATH\Database\MySQLi\Connection.php on line 327.
 1 SYSTEMPATH\Database\MySQLi\Connection.php(327): mysqli->query('SELECT `users`.`id_number`, `users`.`full_name`, `users`.`profile_pic`, `attendance`.`time_in`, `attendance`.`time_out`
FROM `users`
LEFT JOIN `attendance` ON `attendance`.`student_id` = `users`.`id_number` AND `attendance`.`event_id` = 1
WHERE `users`.`id_number` = \'23-a-01647\'', 0)
 2 SYSTEMPATH\Database\BaseConnection.php(729): CodeIgniter\Database\MySQLi\Connection->execute('SELECT `users`.`id_number`, `users`.`full_name`, `users`.`profile_pic`, `attendance`.`time_in`, `attendance`.`time_out`
FROM `users`
LEFT JOIN `attendance` ON `attendance`.`student_id` = `users`.`id_number` AND `attendance`.`event_id` = 1
WHERE `users`.`id_number` = \'23-a-01647\'')
 3 SYSTEMPATH\Database\BaseConnection.php(646): CodeIgniter\Database\BaseConnection->simpleQuery('SELECT `users`.`id_number`, `users`.`full_name`, `users`.`profile_pic`, `attendance`.`time_in`, `attendance`.`time_out`
FROM `users`
LEFT JOIN `attendance` ON `attendance`.`student_id` = `users`.`id_number` AND `attendance`.`event_id` = 1
WHERE `users`.`id_number` = \'23-a-01647\'')
 4 SYSTEMPATH\Database\BaseBuilder.php(1649): CodeIgniter\Database\BaseConnection->query('SELECT `users`.`id_number`, `users`.`full_name`, `users`.`profile_pic`, `attendance`.`time_in`, `attendance`.`time_out`
FROM `users`
LEFT JOIN `attendance` ON `attendance`.`student_id` = `users`.`id_number` AND `attendance`.`event_id` = 1
WHERE `users`.`id_number` = :users.id_number:', [...], false)
 5 APPPATH\Controllers\Admin.php(206): CodeIgniter\Database\BaseBuilder->get()
 6 SYSTEMPATH\CodeIgniter.php(933): App\Controllers\Admin->attendance_monitoring()
 7 SYSTEMPATH\CodeIgniter.php(507): CodeIgniter\CodeIgniter->runController(Object(App\Controllers\Admin))
 8 SYSTEMPATH\CodeIgniter.php(354): CodeIgniter\CodeIgniter->handleRequest(null, Object(Config\Cache), false)
 9 SYSTEMPATH\Boot.php(363): CodeIgniter\CodeIgniter->run()
10 SYSTEMPATH\Boot.php(68): CodeIgniter\Boot::runCodeIgniter(Object(CodeIgniter\CodeIgniter))
11 FCPATH\index.php(59): CodeIgniter\Boot::bootWeb(Object(Config\Paths))
ERROR - 2026-03-08 04:15:03 --> mysqli_sql_exception: Unknown column 'attendance.time_out' in 'field list' in C:\xampp\htdocs\system\system\Database\MySQLi\Connection.php:327
Stack trace:
#0 C:\xampp\htdocs\system\system\Database\MySQLi\Connection.php(327): mysqli->query('SELECT `users`....', 0)
#1 C:\xampp\htdocs\system\system\Database\BaseConnection.php(729): CodeIgniter\Database\MySQLi\Connection->execute('SELECT `users`....')
#2 C:\xampp\htdocs\system\system\Database\BaseConnection.php(646): CodeIgniter\Database\BaseConnection->simpleQuery('SELECT `users`....')
#3 C:\xampp\htdocs\system\system\Database\BaseBuilder.php(1649): CodeIgniter\Database\BaseConnection->query('SELECT `users`....', Array, false)
#4 C:\xampp\htdocs\system\app\Controllers\Admin.php(206): CodeIgniter\Database\BaseBuilder->get()
#5 C:\xampp\htdocs\system\system\CodeIgniter.php(933): App\Controllers\Admin->attendance_monitoring()
#6 C:\xampp\htdocs\system\system\CodeIgniter.php(507): CodeIgniter\CodeIgniter->runController(Object(App\Controllers\Admin))
#7 C:\xampp\htdocs\system\system\CodeIgniter.php(354): CodeIgniter\CodeIgniter->handleRequest(NULL, Object(Config\Cache), false)
#8 C:\xampp\htdocs\system\system\Boot.php(363): CodeIgniter\CodeIgniter->run()
#9 C:\xampp\htdocs\system\system\Boot.php(68): CodeIgniter\Boot::runCodeIgniter(Object(CodeIgniter\CodeIgniter))
#10 C:\xampp\htdocs\system\public\index.php(59): CodeIgniter\Boot::bootWeb(Object(Config\Paths))
#11 {main}
CRITICAL - 2026-03-08 04:15:03 --> CodeIgniter\Database\Exceptions\DatabaseException: Unknown column 'attendance.time_out' in 'field list'
[Method: GET, Route: admin/attendance_monitoring]
in SYSTEMPATH\Database\BaseConnection.php on line 684.
 1 SYSTEMPATH\Database\BaseBuilder.php(1649): CodeIgniter\Database\BaseConnection->query('SELECT `users`.`id_number`, `users`.`full_name`, `users`.`profile_pic`, `attendance`.`time_in`, `attendance`.`time_out`
FROM `users`
LEFT JOIN `attendance` ON `attendance`.`student_id` = `users`.`id_number` AND `attendance`.`event_id` = 1
WHERE `users`.`id_number` = :users.id_number:', [...], false)
 2 APPPATH\Controllers\Admin.php(206): CodeIgniter\Database\BaseBuilder->get()
 3 SYSTEMPATH\CodeIgniter.php(933): App\Controllers\Admin->attendance_monitoring()
 4 SYSTEMPATH\CodeIgniter.php(507): CodeIgniter\CodeIgniter->runController(Object(App\Controllers\Admin))
 5 SYSTEMPATH\CodeIgniter.php(354): CodeIgniter\CodeIgniter->handleRequest(null, Object(Config\Cache), false)
 6 SYSTEMPATH\Boot.php(363): CodeIgniter\CodeIgniter->run()
 7 SYSTEMPATH\Boot.php(68): CodeIgniter\Boot::runCodeIgniter(Object(CodeIgniter\CodeIgniter))
 8 FCPATH\index.php(59): CodeIgniter\Boot::bootWeb(Object(Config\Paths))
CRITICAL - 2026-03-08 04:15:03 --> [Caused by] CodeIgniter\Database\Exceptions\DatabaseException: Unknown column 'attendance.time_out' in 'field list'
in SYSTEMPATH\Database\MySQLi\Connection.php on line 332.
 1 SYSTEMPATH\Database\BaseConnection.php(729): CodeIgniter\Database\MySQLi\Connection->execute('SELECT `users`.`id_number`, `users`.`full_name`, `users`.`profile_pic`, `attendance`.`time_in`, `attendance`.`time_out`
FROM `users`
LEFT JOIN `attendance` ON `attendance`.`student_id` = `users`.`id_number` AND `attendance`.`event_id` = 1
WHERE `users`.`id_number` = \'23-a-01647\'')
 2 SYSTEMPATH\Database\BaseConnection.php(646): CodeIgniter\Database\BaseConnection->simpleQuery('SELECT `users`.`id_number`, `users`.`full_name`, `users`.`profile_pic`, `attendance`.`time_in`, `attendance`.`time_out`
FROM `users`
LEFT JOIN `attendance` ON `attendance`.`student_id` = `users`.`id_number` AND `attendance`.`event_id` = 1
WHERE `users`.`id_number` = \'23-a-01647\'')
 3 SYSTEMPATH\Database\BaseBuilder.php(1649): CodeIgniter\Database\BaseConnection->query('SELECT `users`.`id_number`, `users`.`full_name`, `users`.`profile_pic`, `attendance`.`time_in`, `attendance`.`time_out`
FROM `users`
LEFT JOIN `attendance` ON `attendance`.`student_id` = `users`.`id_number` AND `attendance`.`event_id` = 1
WHERE `users`.`id_number` = :users.id_number:', [...], false)
 4 APPPATH\Controllers\Admin.php(206): CodeIgniter\Database\BaseBuilder->get()
 5 SYSTEMPATH\CodeIgniter.php(933): App\Controllers\Admin->attendance_monitoring()
 6 SYSTEMPATH\CodeIgniter.php(507): CodeIgniter\CodeIgniter->runController(Object(App\Controllers\Admin))
 7 SYSTEMPATH\CodeIgniter.php(354): CodeIgniter\CodeIgniter->handleRequest(null, Object(Config\Cache), false)
 8 SYSTEMPATH\Boot.php(363): CodeIgniter\CodeIgniter->run()
 9 SYSTEMPATH\Boot.php(68): CodeIgniter\Boot::runCodeIgniter(Object(CodeIgniter\CodeIgniter))
10 FCPATH\index.php(59): CodeIgniter\Boot::bootWeb(Object(Config\Paths))
CRITICAL - 2026-03-08 04:15:03 --> [Caused by] mysqli_sql_exception: Unknown column 'attendance.time_out' in 'field list'
in SYSTEMPATH\Database\MySQLi\Connection.php on line 327.
 1 SYSTEMPATH\Database\MySQLi\Connection.php(327): mysqli->query('SELECT `users`.`id_number`, `users`.`full_name`, `users`.`profile_pic`, `attendance`.`time_in`, `attendance`.`time_out`
FROM `users`
LEFT JOIN `attendance` ON `attendance`.`student_id` = `users`.`id_number` AND `attendance`.`event_id` = 1
WHERE `users`.`id_number` = \'23-a-01647\'', 0)
 2 SYSTEMPATH\Database\BaseConnection.php(729): CodeIgniter\Database\MySQLi\Connection->execute('SELECT `users`.`id_number`, `users`.`full_name`, `users`.`profile_pic`, `attendance`.`time_in`, `attendance`.`time_out`
FROM `users`
LEFT JOIN `attendance` ON `attendance`.`student_id` = `users`.`id_number` AND `attendance`.`event_id` = 1
WHERE `users`.`id_number` = \'23-a-01647\'')
 3 SYSTEMPATH\Database\BaseConnection.php(646): CodeIgniter\Database\BaseConnection->simpleQuery('SELECT `users`.`id_number`, `users`.`full_name`, `users`.`profile_pic`, `attendance`.`time_in`, `attendance`.`time_out`
FROM `users`
LEFT JOIN `attendance` ON `attendance`.`student_id` = `users`.`id_number` AND `attendance`.`event_id` = 1
WHERE `users`.`id_number` = \'23-a-01647\'')
 4 SYSTEMPATH\Database\BaseBuilder.php(1649): CodeIgniter\Database\BaseConnection->query('SELECT `users`.`id_number`, `users`.`full_name`, `users`.`profile_pic`, `attendance`.`time_in`, `attendance`.`time_out`
FROM `users`
LEFT JOIN `attendance` ON `attendance`.`student_id` = `users`.`id_number` AND `attendance`.`event_id` = 1
WHERE `users`.`id_number` = :users.id_number:', [...], false)
 5 APPPATH\Controllers\Admin.php(206): CodeIgniter\Database\BaseBuilder->get()
 6 SYSTEMPATH\CodeIgniter.php(933): App\Controllers\Admin->attendance_monitoring()
 7 SYSTEMPATH\CodeIgniter.php(507): CodeIgniter\CodeIgniter->runController(Object(App\Controllers\Admin))
 8 SYSTEMPATH\CodeIgniter.php(354): CodeIgniter\CodeIgniter->handleRequest(null, Object(Config\Cache), false)
 9 SYSTEMPATH\Boot.php(363): CodeIgniter\CodeIgniter->run()
10 SYSTEMPATH\Boot.php(68): CodeIgniter\Boot::runCodeIgniter(Object(CodeIgniter\CodeIgniter))
11 FCPATH\index.php(59): CodeIgniter\Boot::bootWeb(Object(Config\Paths))
ERROR - 2026-03-08 04:15:23 --> mysqli_sql_exception: Unknown column 'attendance.time_out' in 'field list' in C:\xampp\htdocs\system\system\Database\MySQLi\Connection.php:327
Stack trace:
#0 C:\xampp\htdocs\system\system\Database\MySQLi\Connection.php(327): mysqli->query('SELECT `users`....', 0)
#1 C:\xampp\htdocs\system\system\Database\BaseConnection.php(729): CodeIgniter\Database\MySQLi\Connection->execute('SELECT `users`....')
#2 C:\xampp\htdocs\system\system\Database\BaseConnection.php(646): CodeIgniter\Database\BaseConnection->simpleQuery('SELECT `users`....')
#3 C:\xampp\htdocs\system\system\Database\BaseBuilder.php(1649): CodeIgniter\Database\BaseConnection->query('SELECT `users`....', Array, false)
#4 C:\xampp\htdocs\system\app\Controllers\Admin.php(206): CodeIgniter\Database\BaseBuilder->get()
#5 C:\xampp\htdocs\system\system\CodeIgniter.php(933): App\Controllers\Admin->attendance_monitoring()
#6 C:\xampp\htdocs\system\system\CodeIgniter.php(507): CodeIgniter\CodeIgniter->runController(Object(App\Controllers\Admin))
#7 C:\xampp\htdocs\system\system\CodeIgniter.php(354): CodeIgniter\CodeIgniter->handleRequest(NULL, Object(Config\Cache), false)
#8 C:\xampp\htdocs\system\system\Boot.php(363): CodeIgniter\CodeIgniter->run()
#9 C:\xampp\htdocs\system\system\Boot.php(68): CodeIgniter\Boot::runCodeIgniter(Object(CodeIgniter\CodeIgniter))
#10 C:\xampp\htdocs\system\public\index.php(59): CodeIgniter\Boot::bootWeb(Object(Config\Paths))
#11 {main}
CRITICAL - 2026-03-08 04:15:23 --> CodeIgniter\Database\Exceptions\DatabaseException: Unknown column 'attendance.time_out' in 'field list'
[Method: GET, Route: admin/attendance_monitoring]
in SYSTEMPATH\Database\BaseConnection.php on line 684.
 1 SYSTEMPATH\Database\BaseBuilder.php(1649): CodeIgniter\Database\BaseConnection->query('SELECT `users`.`id_number`, `users`.`full_name`, `users`.`profile_pic`, `attendance`.`time_in`, `attendance`.`time_out`
FROM `users`
LEFT JOIN `attendance` ON `attendance`.`student_id` = `users`.`id_number` AND `attendance`.`event_id` = 1
WHERE `users`.`id_number` = :users.id_number:', [...], false)
 2 APPPATH\Controllers\Admin.php(206): CodeIgniter\Database\BaseBuilder->get()
 3 SYSTEMPATH\CodeIgniter.php(933): App\Controllers\Admin->attendance_monitoring()
 4 SYSTEMPATH\CodeIgniter.php(507): CodeIgniter\CodeIgniter->runController(Object(App\Controllers\Admin))
 5 SYSTEMPATH\CodeIgniter.php(354): CodeIgniter\CodeIgniter->handleRequest(null, Object(Config\Cache), false)
 6 SYSTEMPATH\Boot.php(363): CodeIgniter\CodeIgniter->run()
 7 SYSTEMPATH\Boot.php(68): CodeIgniter\Boot::runCodeIgniter(Object(CodeIgniter\CodeIgniter))
 8 FCPATH\index.php(59): CodeIgniter\Boot::bootWeb(Object(Config\Paths))
CRITICAL - 2026-03-08 04:15:23 --> [Caused by] CodeIgniter\Database\Exceptions\DatabaseException: Unknown column 'attendance.time_out' in 'field list'
in SYSTEMPATH\Database\MySQLi\Connection.php on line 332.
 1 SYSTEMPATH\Database\BaseConnection.php(729): CodeIgniter\Database\MySQLi\Connection->execute('SELECT `users`.`id_number`, `users`.`full_name`, `users`.`profile_pic`, `attendance`.`time_in`, `attendance`.`time_out`
FROM `users`
LEFT JOIN `attendance` ON `attendance`.`student_id` = `users`.`id_number` AND `attendance`.`event_id` = 1
WHERE `users`.`id_number` = \'23-a-01647\'')
 2 SYSTEMPATH\Database\BaseConnection.php(646): CodeIgniter\Database\BaseConnection->simpleQuery('SELECT `users`.`id_number`, `users`.`full_name`, `users`.`profile_pic`, `attendance`.`time_in`, `attendance`.`time_out`
FROM `users`
LEFT JOIN `attendance` ON `attendance`.`student_id` = `users`.`id_number` AND `attendance`.`event_id` = 1
WHERE `users`.`id_number` = \'23-a-01647\'')
 3 SYSTEMPATH\Database\BaseBuilder.php(1649): CodeIgniter\Database\BaseConnection->query('SELECT `users`.`id_number`, `users`.`full_name`, `users`.`profile_pic`, `attendance`.`time_in`, `attendance`.`time_out`
FROM `users`
LEFT JOIN `attendance` ON `attendance`.`student_id` = `users`.`id_number` AND `attendance`.`event_id` = 1
WHERE `users`.`id_number` = :users.id_number:', [...], false)
 4 APPPATH\Controllers\Admin.php(206): CodeIgniter\Database\BaseBuilder->get()
 5 SYSTEMPATH\CodeIgniter.php(933): App\Controllers\Admin->attendance_monitoring()
 6 SYSTEMPATH\CodeIgniter.php(507): CodeIgniter\CodeIgniter->runController(Object(App\Controllers\Admin))
 7 SYSTEMPATH\CodeIgniter.php(354): CodeIgniter\CodeIgniter->handleRequest(null, Object(Config\Cache), false)
 8 SYSTEMPATH\Boot.php(363): CodeIgniter\CodeIgniter->run()
 9 SYSTEMPATH\Boot.php(68): CodeIgniter\Boot::runCodeIgniter(Object(CodeIgniter\CodeIgniter))
10 FCPATH\index.php(59): CodeIgniter\Boot::bootWeb(Object(Config\Paths))
CRITICAL - 2026-03-08 04:15:23 --> [Caused by] mysqli_sql_exception: Unknown column 'attendance.time_out' in 'field list'
in SYSTEMPATH\Database\MySQLi\Connection.php on line 327.
 1 SYSTEMPATH\Database\MySQLi\Connection.php(327): mysqli->query('SELECT `users`.`id_number`, `users`.`full_name`, `users`.`profile_pic`, `attendance`.`time_in`, `attendance`.`time_out`
FROM `users`
LEFT JOIN `attendance` ON `attendance`.`student_id` = `users`.`id_number` AND `attendance`.`event_id` = 1
WHERE `users`.`id_number` = \'23-a-01647\'', 0)
 2 SYSTEMPATH\Database\BaseConnection.php(729): CodeIgniter\Database\MySQLi\Connection->execute('SELECT `users`.`id_number`, `users`.`full_name`, `users`.`profile_pic`, `attendance`.`time_in`, `attendance`.`time_out`
FROM `users`
LEFT JOIN `attendance` ON `attendance`.`student_id` = `users`.`id_number` AND `attendance`.`event_id` = 1
WHERE `users`.`id_number` = \'23-a-01647\'')
 3 SYSTEMPATH\Database\BaseConnection.php(646): CodeIgniter\Database\BaseConnection->simpleQuery('SELECT `users`.`id_number`, `users`.`full_name`, `users`.`profile_pic`, `attendance`.`time_in`, `attendance`.`time_out`
FROM `users`
LEFT JOIN `attendance` ON `attendance`.`student_id` = `users`.`id_number` AND `attendance`.`event_id` = 1
WHERE `users`.`id_number` = \'23-a-01647\'')
 4 SYSTEMPATH\Database\BaseBuilder.php(1649): CodeIgniter\Database\BaseConnection->query('SELECT `users`.`id_number`, `users`.`full_name`, `users`.`profile_pic`, `attendance`.`time_in`, `attendance`.`time_out`
FROM `users`
LEFT JOIN `attendance` ON `attendance`.`student_id` = `users`.`id_number` AND `attendance`.`event_id` = 1
WHERE `users`.`id_number` = :users.id_number:', [...], false)
 5 APPPATH\Controllers\Admin.php(206): CodeIgniter\Database\BaseBuilder->get()
 6 SYSTEMPATH\CodeIgniter.php(933): App\Controllers\Admin->attendance_monitoring()
 7 SYSTEMPATH\CodeIgniter.php(507): CodeIgniter\CodeIgniter->runController(Object(App\Controllers\Admin))
 8 SYSTEMPATH\CodeIgniter.php(354): CodeIgniter\CodeIgniter->handleRequest(null, Object(Config\Cache), false)
 9 SYSTEMPATH\Boot.php(363): CodeIgniter\CodeIgniter->run()
10 SYSTEMPATH\Boot.php(68): CodeIgniter\Boot::runCodeIgniter(Object(CodeIgniter\CodeIgniter))
11 FCPATH\index.php(59): CodeIgniter\Boot::bootWeb(Object(Config\Paths))
ERROR - 2026-03-08 04:15:24 --> mysqli_sql_exception: Unknown column 'attendance.time_out' in 'field list' in C:\xampp\htdocs\system\system\Database\MySQLi\Connection.php:327
Stack trace:
#0 C:\xampp\htdocs\system\system\Database\MySQLi\Connection.php(327): mysqli->query('SELECT `users`....', 0)
#1 C:\xampp\htdocs\system\system\Database\BaseConnection.php(729): CodeIgniter\Database\MySQLi\Connection->execute('SELECT `users`....')
#2 C:\xampp\htdocs\system\system\Database\BaseConnection.php(646): CodeIgniter\Database\BaseConnection->simpleQuery('SELECT `users`....')
#3 C:\xampp\htdocs\system\system\Database\BaseBuilder.php(1649): CodeIgniter\Database\BaseConnection->query('SELECT `users`....', Array, false)
#4 C:\xampp\htdocs\system\app\Controllers\Admin.php(206): CodeIgniter\Database\BaseBuilder->get()
#5 C:\xampp\htdocs\system\system\CodeIgniter.php(933): App\Controllers\Admin->attendance_monitoring()
#6 C:\xampp\htdocs\system\system\CodeIgniter.php(507): CodeIgniter\CodeIgniter->runController(Object(App\Controllers\Admin))
#7 C:\xampp\htdocs\system\system\CodeIgniter.php(354): CodeIgniter\CodeIgniter->handleRequest(NULL, Object(Config\Cache), false)
#8 C:\xampp\htdocs\system\system\Boot.php(363): CodeIgniter\CodeIgniter->run()
#9 C:\xampp\htdocs\system\system\Boot.php(68): CodeIgniter\Boot::runCodeIgniter(Object(CodeIgniter\CodeIgniter))
#10 C:\xampp\htdocs\system\public\index.php(59): CodeIgniter\Boot::bootWeb(Object(Config\Paths))
#11 {main}
CRITICAL - 2026-03-08 04:15:24 --> CodeIgniter\Database\Exceptions\DatabaseException: Unknown column 'attendance.time_out' in 'field list'
[Method: GET, Route: admin/attendance_monitoring]
in SYSTEMPATH\Database\BaseConnection.php on line 684.
 1 SYSTEMPATH\Database\BaseBuilder.php(1649): CodeIgniter\Database\BaseConnection->query('SELECT `users`.`id_number`, `users`.`full_name`, `users`.`profile_pic`, `attendance`.`time_in`, `attendance`.`time_out`
FROM `users`
LEFT JOIN `attendance` ON `attendance`.`student_id` = `users`.`id_number` AND `attendance`.`event_id` = 1
WHERE `users`.`id_number` = :users.id_number:', [...], false)
 2 APPPATH\Controllers\Admin.php(206): CodeIgniter\Database\BaseBuilder->get()
 3 SYSTEMPATH\CodeIgniter.php(933): App\Controllers\Admin->attendance_monitoring()
 4 SYSTEMPATH\CodeIgniter.php(507): CodeIgniter\CodeIgniter->runController(Object(App\Controllers\Admin))
 5 SYSTEMPATH\CodeIgniter.php(354): CodeIgniter\CodeIgniter->handleRequest(null, Object(Config\Cache), false)
 6 SYSTEMPATH\Boot.php(363): CodeIgniter\CodeIgniter->run()
 7 SYSTEMPATH\Boot.php(68): CodeIgniter\Boot::runCodeIgniter(Object(CodeIgniter\CodeIgniter))
 8 FCPATH\index.php(59): CodeIgniter\Boot::bootWeb(Object(Config\Paths))
CRITICAL - 2026-03-08 04:15:24 --> [Caused by] CodeIgniter\Database\Exceptions\DatabaseException: Unknown column 'attendance.time_out' in 'field list'
in SYSTEMPATH\Database\MySQLi\Connection.php on line 332.
 1 SYSTEMPATH\Database\BaseConnection.php(729): CodeIgniter\Database\MySQLi\Connection->execute('SELECT `users`.`id_number`, `users`.`full_name`, `users`.`profile_pic`, `attendance`.`time_in`, `attendance`.`time_out`
FROM `users`
LEFT JOIN `attendance` ON `attendance`.`student_id` = `users`.`id_number` AND `attendance`.`event_id` = 1
WHERE `users`.`id_number` = \'23-a-01647\'')
 2 SYSTEMPATH\Database\BaseConnection.php(646): CodeIgniter\Database\BaseConnection->simpleQuery('SELECT `users`.`id_number`, `users`.`full_name`, `users`.`profile_pic`, `attendance`.`time_in`, `attendance`.`time_out`
FROM `users`
LEFT JOIN `attendance` ON `attendance`.`student_id` = `users`.`id_number` AND `attendance`.`event_id` = 1
WHERE `users`.`id_number` = \'23-a-01647\'')
 3 SYSTEMPATH\Database\BaseBuilder.php(1649): CodeIgniter\Database\BaseConnection->query('SELECT `users`.`id_number`, `users`.`full_name`, `users`.`profile_pic`, `attendance`.`time_in`, `attendance`.`time_out`
FROM `users`
LEFT JOIN `attendance` ON `attendance`.`student_id` = `users`.`id_number` AND `attendance`.`event_id` = 1
WHERE `users`.`id_number` = :users.id_number:', [...], false)
 4 APPPATH\Controllers\Admin.php(206): CodeIgniter\Database\BaseBuilder->get()
 5 SYSTEMPATH\CodeIgniter.php(933): App\Controllers\Admin->attendance_monitoring()
 6 SYSTEMPATH\CodeIgniter.php(507): CodeIgniter\CodeIgniter->runController(Object(App\Controllers\Admin))
 7 SYSTEMPATH\CodeIgniter.php(354): CodeIgniter\CodeIgniter->handleRequest(null, Object(Config\Cache), false)
 8 SYSTEMPATH\Boot.php(363): CodeIgniter\CodeIgniter->run()
 9 SYSTEMPATH\Boot.php(68): CodeIgniter\Boot::runCodeIgniter(Object(CodeIgniter\CodeIgniter))
10 FCPATH\index.php(59): CodeIgniter\Boot::bootWeb(Object(Config\Paths))
CRITICAL - 2026-03-08 04:15:24 --> [Caused by] mysqli_sql_exception: Unknown column 'attendance.time_out' in 'field list'
in SYSTEMPATH\Database\MySQLi\Connection.php on line 327.
 1 SYSTEMPATH\Database\MySQLi\Connection.php(327): mysqli->query('SELECT `users`.`id_number`, `users`.`full_name`, `users`.`profile_pic`, `attendance`.`time_in`, `attendance`.`time_out`
FROM `users`
LEFT JOIN `attendance` ON `attendance`.`student_id` = `users`.`id_number` AND `attendance`.`event_id` = 1
WHERE `users`.`id_number` = \'23-a-01647\'', 0)
 2 SYSTEMPATH\Database\BaseConnection.php(729): CodeIgniter\Database\MySQLi\Connection->execute('SELECT `users`.`id_number`, `users`.`full_name`, `users`.`profile_pic`, `attendance`.`time_in`, `attendance`.`time_out`
FROM `users`
LEFT JOIN `attendance` ON `attendance`.`student_id` = `users`.`id_number` AND `attendance`.`event_id` = 1
WHERE `users`.`id_number` = \'23-a-01647\'')
 3 SYSTEMPATH\Database\BaseConnection.php(646): CodeIgniter\Database\BaseConnection->simpleQuery('SELECT `users`.`id_number`, `users`.`full_name`, `users`.`profile_pic`, `attendance`.`time_in`, `attendance`.`time_out`
FROM `users`
LEFT JOIN `attendance` ON `attendance`.`student_id` = `users`.`id_number` AND `attendance`.`event_id` = 1
WHERE `users`.`id_number` = \'23-a-01647\'')
 4 SYSTEMPATH\Database\BaseBuilder.php(1649): CodeIgniter\Database\BaseConnection->query('SELECT `users`.`id_number`, `users`.`full_name`, `users`.`profile_pic`, `attendance`.`time_in`, `attendance`.`time_out`
FROM `users`
LEFT JOIN `attendance` ON `attendance`.`student_id` = `users`.`id_number` AND `attendance`.`event_id` = 1
WHERE `users`.`id_number` = :users.id_number:', [...], false)
 5 APPPATH\Controllers\Admin.php(206): CodeIgniter\Database\BaseBuilder->get()
 6 SYSTEMPATH\CodeIgniter.php(933): App\Controllers\Admin->attendance_monitoring()
 7 SYSTEMPATH\CodeIgniter.php(507): CodeIgniter\CodeIgniter->runController(Object(App\Controllers\Admin))
 8 SYSTEMPATH\CodeIgniter.php(354): CodeIgniter\CodeIgniter->handleRequest(null, Object(Config\Cache), false)
 9 SYSTEMPATH\Boot.php(363): CodeIgniter\CodeIgniter->run()
10 SYSTEMPATH\Boot.php(68): CodeIgniter\Boot::runCodeIgniter(Object(CodeIgniter\CodeIgniter))
11 FCPATH\index.php(59): CodeIgniter\Boot::bootWeb(Object(Config\Paths))
ERROR - 2026-03-08 04:15:28 --> mysqli_sql_exception: Unknown column 'attendance.time_out' in 'field list' in C:\xampp\htdocs\system\system\Database\MySQLi\Connection.php:327
Stack trace:
#0 C:\xampp\htdocs\system\system\Database\MySQLi\Connection.php(327): mysqli->query('SELECT `users`....', 0)
#1 C:\xampp\htdocs\system\system\Database\BaseConnection.php(729): CodeIgniter\Database\MySQLi\Connection->execute('SELECT `users`....')
#2 C:\xampp\htdocs\system\system\Database\BaseConnection.php(646): CodeIgniter\Database\BaseConnection->simpleQuery('SELECT `users`....')
#3 C:\xampp\htdocs\system\system\Database\BaseBuilder.php(1649): CodeIgniter\Database\BaseConnection->query('SELECT `users`....', Array, false)
#4 C:\xampp\htdocs\system\app\Controllers\Admin.php(206): CodeIgniter\Database\BaseBuilder->get()
#5 C:\xampp\htdocs\system\system\CodeIgniter.php(933): App\Controllers\Admin->attendance_monitoring()
#6 C:\xampp\htdocs\system\system\CodeIgniter.php(507): CodeIgniter\CodeIgniter->runController(Object(App\Controllers\Admin))
#7 C:\xampp\htdocs\system\system\CodeIgniter.php(354): CodeIgniter\CodeIgniter->handleRequest(NULL, Object(Config\Cache), false)
#8 C:\xampp\htdocs\system\system\Boot.php(363): CodeIgniter\CodeIgniter->run()
#9 C:\xampp\htdocs\system\system\Boot.php(68): CodeIgniter\Boot::runCodeIgniter(Object(CodeIgniter\CodeIgniter))
#10 C:\xampp\htdocs\system\public\index.php(59): CodeIgniter\Boot::bootWeb(Object(Config\Paths))
#11 {main}
CRITICAL - 2026-03-08 04:15:28 --> CodeIgniter\Database\Exceptions\DatabaseException: Unknown column 'attendance.time_out' in 'field list'
[Method: GET, Route: admin/attendance_monitoring]
in SYSTEMPATH\Database\BaseConnection.php on line 684.
 1 SYSTEMPATH\Database\BaseBuilder.php(1649): CodeIgniter\Database\BaseConnection->query('SELECT `users`.`id_number`, `users`.`full_name`, `users`.`profile_pic`, `attendance`.`time_in`, `attendance`.`time_out`
FROM `users`
LEFT JOIN `attendance` ON `attendance`.`student_id` = `users`.`id_number` AND `attendance`.`event_id` = 1
WHERE `users`.`id_number` = :users.id_number:', [...], false)
 2 APPPATH\Controllers\Admin.php(206): CodeIgniter\Database\BaseBuilder->get()
 3 SYSTEMPATH\CodeIgniter.php(933): App\Controllers\Admin->attendance_monitoring()
 4 SYSTEMPATH\CodeIgniter.php(507): CodeIgniter\CodeIgniter->runController(Object(App\Controllers\Admin))
 5 SYSTEMPATH\CodeIgniter.php(354): CodeIgniter\CodeIgniter->handleRequest(null, Object(Config\Cache), false)
 6 SYSTEMPATH\Boot.php(363): CodeIgniter\CodeIgniter->run()
 7 SYSTEMPATH\Boot.php(68): CodeIgniter\Boot::runCodeIgniter(Object(CodeIgniter\CodeIgniter))
 8 FCPATH\index.php(59): CodeIgniter\Boot::bootWeb(Object(Config\Paths))
CRITICAL - 2026-03-08 04:15:28 --> [Caused by] CodeIgniter\Database\Exceptions\DatabaseException: Unknown column 'attendance.time_out' in 'field list'
in SYSTEMPATH\Database\MySQLi\Connection.php on line 332.
 1 SYSTEMPATH\Database\BaseConnection.php(729): CodeIgniter\Database\MySQLi\Connection->execute('SELECT `users`.`id_number`, `users`.`full_name`, `users`.`profile_pic`, `attendance`.`time_in`, `attendance`.`time_out`
FROM `users`
LEFT JOIN `attendance` ON `attendance`.`student_id` = `users`.`id_number` AND `attendance`.`event_id` = 1
WHERE `users`.`id_number` = \'23-a-01647\'')
 2 SYSTEMPATH\Database\BaseConnection.php(646): CodeIgniter\Database\BaseConnection->simpleQuery('SELECT `users`.`id_number`, `users`.`full_name`, `users`.`profile_pic`, `attendance`.`time_in`, `attendance`.`time_out`
FROM `users`
LEFT JOIN `attendance` ON `attendance`.`student_id` = `users`.`id_number` AND `attendance`.`event_id` = 1
WHERE `users`.`id_number` = \'23-a-01647\'')
 3 SYSTEMPATH\Database\BaseBuilder.php(1649): CodeIgniter\Database\BaseConnection->query('SELECT `users`.`id_number`, `users`.`full_name`, `users`.`profile_pic`, `attendance`.`time_in`, `attendance`.`time_out`
FROM `users`
LEFT JOIN `attendance` ON `attendance`.`student_id` = `users`.`id_number` AND `attendance`.`event_id` = 1
WHERE `users`.`id_number` = :users.id_number:', [...], false)
 4 APPPATH\Controllers\Admin.php(206): CodeIgniter\Database\BaseBuilder->get()
 5 SYSTEMPATH\CodeIgniter.php(933): App\Controllers\Admin->attendance_monitoring()
 6 SYSTEMPATH\CodeIgniter.php(507): CodeIgniter\CodeIgniter->runController(Object(App\Controllers\Admin))
 7 SYSTEMPATH\CodeIgniter.php(354): CodeIgniter\CodeIgniter->handleRequest(null, Object(Config\Cache), false)
 8 SYSTEMPATH\Boot.php(363): CodeIgniter\CodeIgniter->run()
 9 SYSTEMPATH\Boot.php(68): CodeIgniter\Boot::runCodeIgniter(Object(CodeIgniter\CodeIgniter))
10 FCPATH\index.php(59): CodeIgniter\Boot::bootWeb(Object(Config\Paths))
CRITICAL - 2026-03-08 04:15:28 --> [Caused by] mysqli_sql_exception: Unknown column 'attendance.time_out' in 'field list'
in SYSTEMPATH\Database\MySQLi\Connection.php on line 327.
 1 SYSTEMPATH\Database\MySQLi\Connection.php(327): mysqli->query('SELECT `users`.`id_number`, `users`.`full_name`, `users`.`profile_pic`, `attendance`.`time_in`, `attendance`.`time_out`
FROM `users`
LEFT JOIN `attendance` ON `attendance`.`student_id` = `users`.`id_number` AND `attendance`.`event_id` = 1
WHERE `users`.`id_number` = \'23-a-01647\'', 0)
 2 SYSTEMPATH\Database\BaseConnection.php(729): CodeIgniter\Database\MySQLi\Connection->execute('SELECT `users`.`id_number`, `users`.`full_name`, `users`.`profile_pic`, `attendance`.`time_in`, `attendance`.`time_out`
FROM `users`
LEFT JOIN `attendance` ON `attendance`.`student_id` = `users`.`id_number` AND `attendance`.`event_id` = 1
WHERE `users`.`id_number` = \'23-a-01647\'')
 3 SYSTEMPATH\Database\BaseConnection.php(646): CodeIgniter\Database\BaseConnection->simpleQuery('SELECT `users`.`id_number`, `users`.`full_name`, `users`.`profile_pic`, `attendance`.`time_in`, `attendance`.`time_out`
FROM `users`
LEFT JOIN `attendance` ON `attendance`.`student_id` = `users`.`id_number` AND `attendance`.`event_id` = 1
WHERE `users`.`id_number` = \'23-a-01647\'')
 4 SYSTEMPATH\Database\BaseBuilder.php(1649): CodeIgniter\Database\BaseConnection->query('SELECT `users`.`id_number`, `users`.`full_name`, `users`.`profile_pic`, `attendance`.`time_in`, `attendance`.`time_out`
FROM `users`
LEFT JOIN `attendance` ON `attendance`.`student_id` = `users`.`id_number` AND `attendance`.`event_id` = 1
WHERE `users`.`id_number` = :users.id_number:', [...], false)
 5 APPPATH\Controllers\Admin.php(206): CodeIgniter\Database\BaseBuilder->get()
 6 SYSTEMPATH\CodeIgniter.php(933): App\Controllers\Admin->attendance_monitoring()
 7 SYSTEMPATH\CodeIgniter.php(507): CodeIgniter\CodeIgniter->runController(Object(App\Controllers\Admin))
 8 SYSTEMPATH\CodeIgniter.php(354): CodeIgniter\CodeIgniter->handleRequest(null, Object(Config\Cache), false)
 9 SYSTEMPATH\Boot.php(363): CodeIgniter\CodeIgniter->run()
10 SYSTEMPATH\Boot.php(68): CodeIgniter\Boot::runCodeIgniter(Object(CodeIgniter\CodeIgniter))
11 FCPATH\index.php(59): CodeIgniter\Boot::bootWeb(Object(Config\Paths))
ERROR - 2026-03-08 04:18:00 --> mysqli_sql_exception: Unknown column 'attendance.time_out' in 'field list' in C:\xampp\htdocs\system\system\Database\MySQLi\Connection.php:327
Stack trace:
#0 C:\xampp\htdocs\system\system\Database\MySQLi\Connection.php(327): mysqli->query('SELECT `users`....', 0)
#1 C:\xampp\htdocs\system\system\Database\BaseConnection.php(729): CodeIgniter\Database\MySQLi\Connection->execute('SELECT `users`....')
#2 C:\xampp\htdocs\system\system\Database\BaseConnection.php(646): CodeIgniter\Database\BaseConnection->simpleQuery('SELECT `users`....')
#3 C:\xampp\htdocs\system\system\Database\BaseBuilder.php(1649): CodeIgniter\Database\BaseConnection->query('SELECT `users`....', Array, false)
#4 C:\xampp\htdocs\system\app\Controllers\Admin.php(206): CodeIgniter\Database\BaseBuilder->get()
#5 C:\xampp\htdocs\system\system\CodeIgniter.php(933): App\Controllers\Admin->attendance_monitoring()
#6 C:\xampp\htdocs\system\system\CodeIgniter.php(507): CodeIgniter\CodeIgniter->runController(Object(App\Controllers\Admin))
#7 C:\xampp\htdocs\system\system\CodeIgniter.php(354): CodeIgniter\CodeIgniter->handleRequest(NULL, Object(Config\Cache), false)
#8 C:\xampp\htdocs\system\system\Boot.php(363): CodeIgniter\CodeIgniter->run()
#9 C:\xampp\htdocs\system\system\Boot.php(68): CodeIgniter\Boot::runCodeIgniter(Object(CodeIgniter\CodeIgniter))
#10 C:\xampp\htdocs\system\public\index.php(59): CodeIgniter\Boot::bootWeb(Object(Config\Paths))
#11 {main}
CRITICAL - 2026-03-08 04:18:00 --> CodeIgniter\Database\Exceptions\DatabaseException: Unknown column 'attendance.time_out' in 'field list'
[Method: GET, Route: admin/attendance_monitoring]
in SYSTEMPATH\Database\BaseConnection.php on line 684.
 1 SYSTEMPATH\Database\BaseBuilder.php(1649): CodeIgniter\Database\BaseConnection->query('SELECT `users`.`id_number`, `users`.`full_name`, `users`.`profile_pic`, `attendance`.`time_in`, `attendance`.`time_out`
FROM `users`
LEFT JOIN `attendance` ON `attendance`.`student_id` = `users`.`id_number` AND `attendance`.`event_id` = 1
WHERE `users`.`id_number` = :users.id_number:', [...], false)
 2 APPPATH\Controllers\Admin.php(206): CodeIgniter\Database\BaseBuilder->get()
 3 SYSTEMPATH\CodeIgniter.php(933): App\Controllers\Admin->attendance_monitoring()
 4 SYSTEMPATH\CodeIgniter.php(507): CodeIgniter\CodeIgniter->runController(Object(App\Controllers\Admin))
 5 SYSTEMPATH\CodeIgniter.php(354): CodeIgniter\CodeIgniter->handleRequest(null, Object(Config\Cache), false)
 6 SYSTEMPATH\Boot.php(363): CodeIgniter\CodeIgniter->run()
 7 SYSTEMPATH\Boot.php(68): CodeIgniter\Boot::runCodeIgniter(Object(CodeIgniter\CodeIgniter))
 8 FCPATH\index.php(59): CodeIgniter\Boot::bootWeb(Object(Config\Paths))
CRITICAL - 2026-03-08 04:18:00 --> [Caused by] CodeIgniter\Database\Exceptions\DatabaseException: Unknown column 'attendance.time_out' in 'field list'
in SYSTEMPATH\Database\MySQLi\Connection.php on line 332.
 1 SYSTEMPATH\Database\BaseConnection.php(729): CodeIgniter\Database\MySQLi\Connection->execute('SELECT `users`.`id_number`, `users`.`full_name`, `users`.`profile_pic`, `attendance`.`time_in`, `attendance`.`time_out`
FROM `users`
LEFT JOIN `attendance` ON `attendance`.`student_id` = `users`.`id_number` AND `attendance`.`event_id` = 1
WHERE `users`.`id_number` = \'23-a-01647\'')
 2 SYSTEMPATH\Database\BaseConnection.php(646): CodeIgniter\Database\BaseConnection->simpleQuery('SELECT `users`.`id_number`, `users`.`full_name`, `users`.`profile_pic`, `attendance`.`time_in`, `attendance`.`time_out`
FROM `users`
LEFT JOIN `attendance` ON `attendance`.`student_id` = `users`.`id_number` AND `attendance`.`event_id` = 1
WHERE `users`.`id_number` = \'23-a-01647\'')
 3 SYSTEMPATH\Database\BaseBuilder.php(1649): CodeIgniter\Database\BaseConnection->query('SELECT `users`.`id_number`, `users`.`full_name`, `users`.`profile_pic`, `attendance`.`time_in`, `attendance`.`time_out`
FROM `users`
LEFT JOIN `attendance` ON `attendance`.`student_id` = `users`.`id_number` AND `attendance`.`event_id` = 1
WHERE `users`.`id_number` = :users.id_number:', [...], false)
 4 APPPATH\Controllers\Admin.php(206): CodeIgniter\Database\BaseBuilder->get()
 5 SYSTEMPATH\CodeIgniter.php(933): App\Controllers\Admin->attendance_monitoring()
 6 SYSTEMPATH\CodeIgniter.php(507): CodeIgniter\CodeIgniter->runController(Object(App\Controllers\Admin))
 7 SYSTEMPATH\CodeIgniter.php(354): CodeIgniter\CodeIgniter->handleRequest(null, Object(Config\Cache), false)
 8 SYSTEMPATH\Boot.php(363): CodeIgniter\CodeIgniter->run()
 9 SYSTEMPATH\Boot.php(68): CodeIgniter\Boot::runCodeIgniter(Object(CodeIgniter\CodeIgniter))
10 FCPATH\index.php(59): CodeIgniter\Boot::bootWeb(Object(Config\Paths))
CRITICAL - 2026-03-08 04:18:00 --> [Caused by] mysqli_sql_exception: Unknown column 'attendance.time_out' in 'field list'
in SYSTEMPATH\Database\MySQLi\Connection.php on line 327.
 1 SYSTEMPATH\Database\MySQLi\Connection.php(327): mysqli->query('SELECT `users`.`id_number`, `users`.`full_name`, `users`.`profile_pic`, `attendance`.`time_in`, `attendance`.`time_out`
FROM `users`
LEFT JOIN `attendance` ON `attendance`.`student_id` = `users`.`id_number` AND `attendance`.`event_id` = 1
WHERE `users`.`id_number` = \'23-a-01647\'', 0)
 2 SYSTEMPATH\Database\BaseConnection.php(729): CodeIgniter\Database\MySQLi\Connection->execute('SELECT `users`.`id_number`, `users`.`full_name`, `users`.`profile_pic`, `attendance`.`time_in`, `attendance`.`time_out`
FROM `users`
LEFT JOIN `attendance` ON `attendance`.`student_id` = `users`.`id_number` AND `attendance`.`event_id` = 1
WHERE `users`.`id_number` = \'23-a-01647\'')
 3 SYSTEMPATH\Database\BaseConnection.php(646): CodeIgniter\Database\BaseConnection->simpleQuery('SELECT `users`.`id_number`, `users`.`full_name`, `users`.`profile_pic`, `attendance`.`time_in`, `attendance`.`time_out`
FROM `users`
LEFT JOIN `attendance` ON `attendance`.`student_id` = `users`.`id_number` AND `attendance`.`event_id` = 1
WHERE `users`.`id_number` = \'23-a-01647\'')
 4 SYSTEMPATH\Database\BaseBuilder.php(1649): CodeIgniter\Database\BaseConnection->query('SELECT `users`.`id_number`, `users`.`full_name`, `users`.`profile_pic`, `attendance`.`time_in`, `attendance`.`time_out`
FROM `users`
LEFT JOIN `attendance` ON `attendance`.`student_id` = `users`.`id_number` AND `attendance`.`event_id` = 1
WHERE `users`.`id_number` = :users.id_number:', [...], false)
 5 APPPATH\Controllers\Admin.php(206): CodeIgniter\Database\BaseBuilder->get()
 6 SYSTEMPATH\CodeIgniter.php(933): App\Controllers\Admin->attendance_monitoring()
 7 SYSTEMPATH\CodeIgniter.php(507): CodeIgniter\CodeIgniter->runController(Object(App\Controllers\Admin))
 8 SYSTEMPATH\CodeIgniter.php(354): CodeIgniter\CodeIgniter->handleRequest(null, Object(Config\Cache), false)
 9 SYSTEMPATH\Boot.php(363): CodeIgniter\CodeIgniter->run()
10 SYSTEMPATH\Boot.php(68): CodeIgniter\Boot::runCodeIgniter(Object(CodeIgniter\CodeIgniter))
11 FCPATH\index.php(59): CodeIgniter\Boot::bootWeb(Object(Config\Paths))
ERROR - 2026-03-08 04:18:11 --> mysqli_sql_exception: Unknown column 'attendance.time_out' in 'field list' in C:\xampp\htdocs\system\system\Database\MySQLi\Connection.php:327
Stack trace:
#0 C:\xampp\htdocs\system\system\Database\MySQLi\Connection.php(327): mysqli->query('SELECT `users`....', 0)
#1 C:\xampp\htdocs\system\system\Database\BaseConnection.php(729): CodeIgniter\Database\MySQLi\Connection->execute('SELECT `users`....')
#2 C:\xampp\htdocs\system\system\Database\BaseConnection.php(646): CodeIgniter\Database\BaseConnection->simpleQuery('SELECT `users`....')
#3 C:\xampp\htdocs\system\system\Database\BaseBuilder.php(1649): CodeIgniter\Database\BaseConnection->query('SELECT `users`....', Array, false)
#4 C:\xampp\htdocs\system\app\Controllers\Admin.php(206): CodeIgniter\Database\BaseBuilder->get()
#5 C:\xampp\htdocs\system\system\CodeIgniter.php(933): App\Controllers\Admin->attendance_monitoring()
#6 C:\xampp\htdocs\system\system\CodeIgniter.php(507): CodeIgniter\CodeIgniter->runController(Object(App\Controllers\Admin))
#7 C:\xampp\htdocs\system\system\CodeIgniter.php(354): CodeIgniter\CodeIgniter->handleRequest(NULL, Object(Config\Cache), false)
#8 C:\xampp\htdocs\system\system\Boot.php(363): CodeIgniter\CodeIgniter->run()
#9 C:\xampp\htdocs\system\system\Boot.php(68): CodeIgniter\Boot::runCodeIgniter(Object(CodeIgniter\CodeIgniter))
#10 C:\xampp\htdocs\system\public\index.php(59): CodeIgniter\Boot::bootWeb(Object(Config\Paths))
#11 {main}
CRITICAL - 2026-03-08 04:18:11 --> CodeIgniter\Database\Exceptions\DatabaseException: Unknown column 'attendance.time_out' in 'field list'
[Method: GET, Route: admin/attendance_monitoring]
in SYSTEMPATH\Database\BaseConnection.php on line 684.
 1 SYSTEMPATH\Database\BaseBuilder.php(1649): CodeIgniter\Database\BaseConnection->query('SELECT `users`.`id_number`, `users`.`full_name`, `users`.`profile_pic`, `attendance`.`time_in`, `attendance`.`time_out`
FROM `users`
LEFT JOIN `attendance` ON `attendance`.`student_id` = `users`.`id_number` AND `attendance`.`event_id` = 1
WHERE `users`.`id_number` = :users.id_number:', [...], false)
 2 APPPATH\Controllers\Admin.php(206): CodeIgniter\Database\BaseBuilder->get()
 3 SYSTEMPATH\CodeIgniter.php(933): App\Controllers\Admin->attendance_monitoring()
 4 SYSTEMPATH\CodeIgniter.php(507): CodeIgniter\CodeIgniter->runController(Object(App\Controllers\Admin))
 5 SYSTEMPATH\CodeIgniter.php(354): CodeIgniter\CodeIgniter->handleRequest(null, Object(Config\Cache), false)
 6 SYSTEMPATH\Boot.php(363): CodeIgniter\CodeIgniter->run()
 7 SYSTEMPATH\Boot.php(68): CodeIgniter\Boot::runCodeIgniter(Object(CodeIgniter\CodeIgniter))
 8 FCPATH\index.php(59): CodeIgniter\Boot::bootWeb(Object(Config\Paths))
CRITICAL - 2026-03-08 04:18:11 --> [Caused by] CodeIgniter\Database\Exceptions\DatabaseException: Unknown column 'attendance.time_out' in 'field list'
in SYSTEMPATH\Database\MySQLi\Connection.php on line 332.
 1 SYSTEMPATH\Database\BaseConnection.php(729): CodeIgniter\Database\MySQLi\Connection->execute('SELECT `users`.`id_number`, `users`.`full_name`, `users`.`profile_pic`, `attendance`.`time_in`, `attendance`.`time_out`
FROM `users`
LEFT JOIN `attendance` ON `attendance`.`student_id` = `users`.`id_number` AND `attendance`.`event_id` = 1
WHERE `users`.`id_number` = \'23-a-01647\'')
 2 SYSTEMPATH\Database\BaseConnection.php(646): CodeIgniter\Database\BaseConnection->simpleQuery('SELECT `users`.`id_number`, `users`.`full_name`, `users`.`profile_pic`, `attendance`.`time_in`, `attendance`.`time_out`
FROM `users`
LEFT JOIN `attendance` ON `attendance`.`student_id` = `users`.`id_number` AND `attendance`.`event_id` = 1
WHERE `users`.`id_number` = \'23-a-01647\'')
 3 SYSTEMPATH\Database\BaseBuilder.php(1649): CodeIgniter\Database\BaseConnection->query('SELECT `users`.`id_number`, `users`.`full_name`, `users`.`profile_pic`, `attendance`.`time_in`, `attendance`.`time_out`
FROM `users`
LEFT JOIN `attendance` ON `attendance`.`student_id` = `users`.`id_number` AND `attendance`.`event_id` = 1
WHERE `users`.`id_number` = :users.id_number:', [...], false)
 4 APPPATH\Controllers\Admin.php(206): CodeIgniter\Database\BaseBuilder->get()
 5 SYSTEMPATH\CodeIgniter.php(933): App\Controllers\Admin->attendance_monitoring()
 6 SYSTEMPATH\CodeIgniter.php(507): CodeIgniter\CodeIgniter->runController(Object(App\Controllers\Admin))
 7 SYSTEMPATH\CodeIgniter.php(354): CodeIgniter\CodeIgniter->handleRequest(null, Object(Config\Cache), false)
 8 SYSTEMPATH\Boot.php(363): CodeIgniter\CodeIgniter->run()
 9 SYSTEMPATH\Boot.php(68): CodeIgniter\Boot::runCodeIgniter(Object(CodeIgniter\CodeIgniter))
10 FCPATH\index.php(59): CodeIgniter\Boot::bootWeb(Object(Config\Paths))
CRITICAL - 2026-03-08 04:18:11 --> [Caused by] mysqli_sql_exception: Unknown column 'attendance.time_out' in 'field list'
in SYSTEMPATH\Database\MySQLi\Connection.php on line 327.
 1 SYSTEMPATH\Database\MySQLi\Connection.php(327): mysqli->query('SELECT `users`.`id_number`, `users`.`full_name`, `users`.`profile_pic`, `attendance`.`time_in`, `attendance`.`time_out`
FROM `users`
LEFT JOIN `attendance` ON `attendance`.`student_id` = `users`.`id_number` AND `attendance`.`event_id` = 1
WHERE `users`.`id_number` = \'23-a-01647\'', 0)
 2 SYSTEMPATH\Database\BaseConnection.php(729): CodeIgniter\Database\MySQLi\Connection->execute('SELECT `users`.`id_number`, `users`.`full_name`, `users`.`profile_pic`, `attendance`.`time_in`, `attendance`.`time_out`
FROM `users`
LEFT JOIN `attendance` ON `attendance`.`student_id` = `users`.`id_number` AND `attendance`.`event_id` = 1
WHERE `users`.`id_number` = \'23-a-01647\'')
 3 SYSTEMPATH\Database\BaseConnection.php(646): CodeIgniter\Database\BaseConnection->simpleQuery('SELECT `users`.`id_number`, `users`.`full_name`, `users`.`profile_pic`, `attendance`.`time_in`, `attendance`.`time_out`
FROM `users`
LEFT JOIN `attendance` ON `attendance`.`student_id` = `users`.`id_number` AND `attendance`.`event_id` = 1
WHERE `users`.`id_number` = \'23-a-01647\'')
 4 SYSTEMPATH\Database\BaseBuilder.php(1649): CodeIgniter\Database\BaseConnection->query('SELECT `users`.`id_number`, `users`.`full_name`, `users`.`profile_pic`, `attendance`.`time_in`, `attendance`.`time_out`
FROM `users`
LEFT JOIN `attendance` ON `attendance`.`student_id` = `users`.`id_number` AND `attendance`.`event_id` = 1
WHERE `users`.`id_number` = :users.id_number:', [...], false)
 5 APPPATH\Controllers\Admin.php(206): CodeIgniter\Database\BaseBuilder->get()
 6 SYSTEMPATH\CodeIgniter.php(933): App\Controllers\Admin->attendance_monitoring()
 7 SYSTEMPATH\CodeIgniter.php(507): CodeIgniter\CodeIgniter->runController(Object(App\Controllers\Admin))
 8 SYSTEMPATH\CodeIgniter.php(354): CodeIgniter\CodeIgniter->handleRequest(null, Object(Config\Cache), false)
 9 SYSTEMPATH\Boot.php(363): CodeIgniter\CodeIgniter->run()
10 SYSTEMPATH\Boot.php(68): CodeIgniter\Boot::runCodeIgniter(Object(CodeIgniter\CodeIgniter))
11 FCPATH\index.php(59): CodeIgniter\Boot::bootWeb(Object(Config\Paths))
ERROR - 2026-03-08 04:22:05 --> mysqli_sql_exception: Unknown column 'attendance.time_out' in 'field list' in C:\xampp\htdocs\system\system\Database\MySQLi\Connection.php:327
Stack trace:
#0 C:\xampp\htdocs\system\system\Database\MySQLi\Connection.php(327): mysqli->query('SELECT `users`....', 0)
#1 C:\xampp\htdocs\system\system\Database\BaseConnection.php(729): CodeIgniter\Database\MySQLi\Connection->execute('SELECT `users`....')
#2 C:\xampp\htdocs\system\system\Database\BaseConnection.php(646): CodeIgniter\Database\BaseConnection->simpleQuery('SELECT `users`....')
#3 C:\xampp\htdocs\system\system\Database\BaseBuilder.php(1649): CodeIgniter\Database\BaseConnection->query('SELECT `users`....', Array, false)
#4 C:\xampp\htdocs\system\app\Controllers\Admin.php(210): CodeIgniter\Database\BaseBuilder->get()
#5 C:\xampp\htdocs\system\system\CodeIgniter.php(933): App\Controllers\Admin->attendance_monitoring()
#6 C:\xampp\htdocs\system\system\CodeIgniter.php(507): CodeIgniter\CodeIgniter->runController(Object(App\Controllers\Admin))
#7 C:\xampp\htdocs\system\system\CodeIgniter.php(354): CodeIgniter\CodeIgniter->handleRequest(NULL, Object(Config\Cache), false)
#8 C:\xampp\htdocs\system\system\Boot.php(363): CodeIgniter\CodeIgniter->run()
#9 C:\xampp\htdocs\system\system\Boot.php(68): CodeIgniter\Boot::runCodeIgniter(Object(CodeIgniter\CodeIgniter))
#10 C:\xampp\htdocs\system\public\index.php(59): CodeIgniter\Boot::bootWeb(Object(Config\Paths))
#11 {main}
CRITICAL - 2026-03-08 04:22:05 --> CodeIgniter\Database\Exceptions\DatabaseException: Unknown column 'attendance.time_out' in 'field list'
[Method: GET, Route: admin/attendance_monitoring]
in SYSTEMPATH\Database\BaseConnection.php on line 684.
 1 SYSTEMPATH\Database\BaseBuilder.php(1649): CodeIgniter\Database\BaseConnection->query('SELECT `users`.`id_number`, `users`.`full_name`, `users`.`profile_pic`, `attendance`.`time_in`, `attendance`.`time_out`
FROM `users`
LEFT JOIN `attendance` ON `attendance`.`student_id` = `users`.`id_number` AND `attendance`.`event_id` = 1
WHERE `users`.`id_number` = :users.id_number:', [...], false)
 2 APPPATH\Controllers\Admin.php(210): CodeIgniter\Database\BaseBuilder->get()
 3 SYSTEMPATH\CodeIgniter.php(933): App\Controllers\Admin->attendance_monitoring()
 4 SYSTEMPATH\CodeIgniter.php(507): CodeIgniter\CodeIgniter->runController(Object(App\Controllers\Admin))
 5 SYSTEMPATH\CodeIgniter.php(354): CodeIgniter\CodeIgniter->handleRequest(null, Object(Config\Cache), false)
 6 SYSTEMPATH\Boot.php(363): CodeIgniter\CodeIgniter->run()
 7 SYSTEMPATH\Boot.php(68): CodeIgniter\Boot::runCodeIgniter(Object(CodeIgniter\CodeIgniter))
 8 FCPATH\index.php(59): CodeIgniter\Boot::bootWeb(Object(Config\Paths))
CRITICAL - 2026-03-08 04:22:05 --> [Caused by] CodeIgniter\Database\Exceptions\DatabaseException: Unknown column 'attendance.time_out' in 'field list'
in SYSTEMPATH\Database\MySQLi\Connection.php on line 332.
 1 SYSTEMPATH\Database\BaseConnection.php(729): CodeIgniter\Database\MySQLi\Connection->execute('SELECT `users`.`id_number`, `users`.`full_name`, `users`.`profile_pic`, `attendance`.`time_in`, `attendance`.`time_out`
FROM `users`
LEFT JOIN `attendance` ON `attendance`.`student_id` = `users`.`id_number` AND `attendance`.`event_id` = 1
WHERE `users`.`id_number` = \'23-a-01647\'')
 2 SYSTEMPATH\Database\BaseConnection.php(646): CodeIgniter\Database\BaseConnection->simpleQuery('SELECT `users`.`id_number`, `users`.`full_name`, `users`.`profile_pic`, `attendance`.`time_in`, `attendance`.`time_out`
FROM `users`
LEFT JOIN `attendance` ON `attendance`.`student_id` = `users`.`id_number` AND `attendance`.`event_id` = 1
WHERE `users`.`id_number` = \'23-a-01647\'')
 3 SYSTEMPATH\Database\BaseBuilder.php(1649): CodeIgniter\Database\BaseConnection->query('SELECT `users`.`id_number`, `users`.`full_name`, `users`.`profile_pic`, `attendance`.`time_in`, `attendance`.`time_out`
FROM `users`
LEFT JOIN `attendance` ON `attendance`.`student_id` = `users`.`id_number` AND `attendance`.`event_id` = 1
WHERE `users`.`id_number` = :users.id_number:', [...], false)
 4 APPPATH\Controllers\Admin.php(210): CodeIgniter\Database\BaseBuilder->get()
 5 SYSTEMPATH\CodeIgniter.php(933): App\Controllers\Admin->attendance_monitoring()
 6 SYSTEMPATH\CodeIgniter.php(507): CodeIgniter\CodeIgniter->runController(Object(App\Controllers\Admin))
 7 SYSTEMPATH\CodeIgniter.php(354): CodeIgniter\CodeIgniter->handleRequest(null, Object(Config\Cache), false)
 8 SYSTEMPATH\Boot.php(363): CodeIgniter\CodeIgniter->run()
 9 SYSTEMPATH\Boot.php(68): CodeIgniter\Boot::runCodeIgniter(Object(CodeIgniter\CodeIgniter))
10 FCPATH\index.php(59): CodeIgniter\Boot::bootWeb(Object(Config\Paths))
CRITICAL - 2026-03-08 04:22:05 --> [Caused by] mysqli_sql_exception: Unknown column 'attendance.time_out' in 'field list'
in SYSTEMPATH\Database\MySQLi\Connection.php on line 327.
 1 SYSTEMPATH\Database\MySQLi\Connection.php(327): mysqli->query('SELECT `users`.`id_number`, `users`.`full_name`, `users`.`profile_pic`, `attendance`.`time_in`, `attendance`.`time_out`
FROM `users`
LEFT JOIN `attendance` ON `attendance`.`student_id` = `users`.`id_number` AND `attendance`.`event_id` = 1
WHERE `users`.`id_number` = \'23-a-01647\'', 0)
 2 SYSTEMPATH\Database\BaseConnection.php(729): CodeIgniter\Database\MySQLi\Connection->execute('SELECT `users`.`id_number`, `users`.`full_name`, `users`.`profile_pic`, `attendance`.`time_in`, `attendance`.`time_out`
FROM `users`
LEFT JOIN `attendance` ON `attendance`.`student_id` = `users`.`id_number` AND `attendance`.`event_id` = 1
WHERE `users`.`id_number` = \'23-a-01647\'')
 3 SYSTEMPATH\Database\BaseConnection.php(646): CodeIgniter\Database\BaseConnection->simpleQuery('SELECT `users`.`id_number`, `users`.`full_name`, `users`.`profile_pic`, `attendance`.`time_in`, `attendance`.`time_out`
FROM `users`
LEFT JOIN `attendance` ON `attendance`.`student_id` = `users`.`id_number` AND `attendance`.`event_id` = 1
WHERE `users`.`id_number` = \'23-a-01647\'')
 4 SYSTEMPATH\Database\BaseBuilder.php(1649): CodeIgniter\Database\BaseConnection->query('SELECT `users`.`id_number`, `users`.`full_name`, `users`.`profile_pic`, `attendance`.`time_in`, `attendance`.`time_out`
FROM `users`
LEFT JOIN `attendance` ON `attendance`.`student_id` = `users`.`id_number` AND `attendance`.`event_id` = 1
WHERE `users`.`id_number` = :users.id_number:', [...], false)
 5 APPPATH\Controllers\Admin.php(210): CodeIgniter\Database\BaseBuilder->get()
 6 SYSTEMPATH\CodeIgniter.php(933): App\Controllers\Admin->attendance_monitoring()
 7 SYSTEMPATH\CodeIgniter.php(507): CodeIgniter\CodeIgniter->runController(Object(App\Controllers\Admin))
 8 SYSTEMPATH\CodeIgniter.php(354): CodeIgniter\CodeIgniter->handleRequest(null, Object(Config\Cache), false)
 9 SYSTEMPATH\Boot.php(363): CodeIgniter\CodeIgniter->run()
10 SYSTEMPATH\Boot.php(68): CodeIgniter\Boot::runCodeIgniter(Object(CodeIgniter\CodeIgniter))
11 FCPATH\index.php(59): CodeIgniter\Boot::bootWeb(Object(Config\Paths))
ERROR - 2026-03-08 04:22:11 --> mysqli_sql_exception: Unknown column 'attendance.time_out' in 'field list' in C:\xampp\htdocs\system\system\Database\MySQLi\Connection.php:327
Stack trace:
#0 C:\xampp\htdocs\system\system\Database\MySQLi\Connection.php(327): mysqli->query('SELECT `users`....', 0)
#1 C:\xampp\htdocs\system\system\Database\BaseConnection.php(729): CodeIgniter\Database\MySQLi\Connection->execute('SELECT `users`....')
#2 C:\xampp\htdocs\system\system\Database\BaseConnection.php(646): CodeIgniter\Database\BaseConnection->simpleQuery('SELECT `users`....')
#3 C:\xampp\htdocs\system\system\Database\BaseBuilder.php(1649): CodeIgniter\Database\BaseConnection->query('SELECT `users`....', Array, false)
#4 C:\xampp\htdocs\system\app\Controllers\Admin.php(210): CodeIgniter\Database\BaseBuilder->get()
#5 C:\xampp\htdocs\system\system\CodeIgniter.php(933): App\Controllers\Admin->attendance_monitoring()
#6 C:\xampp\htdocs\system\system\CodeIgniter.php(507): CodeIgniter\CodeIgniter->runController(Object(App\Controllers\Admin))
#7 C:\xampp\htdocs\system\system\CodeIgniter.php(354): CodeIgniter\CodeIgniter->handleRequest(NULL, Object(Config\Cache), false)
#8 C:\xampp\htdocs\system\system\Boot.php(363): CodeIgniter\CodeIgniter->run()
#9 C:\xampp\htdocs\system\system\Boot.php(68): CodeIgniter\Boot::runCodeIgniter(Object(CodeIgniter\CodeIgniter))
#10 C:\xampp\htdocs\system\public\index.php(59): CodeIgniter\Boot::bootWeb(Object(Config\Paths))
#11 {main}
CRITICAL - 2026-03-08 04:22:11 --> CodeIgniter\Database\Exceptions\DatabaseException: Unknown column 'attendance.time_out' in 'field list'
[Method: GET, Route: admin/attendance_monitoring]
in SYSTEMPATH\Database\BaseConnection.php on line 684.
 1 SYSTEMPATH\Database\BaseBuilder.php(1649): CodeIgniter\Database\BaseConnection->query('SELECT `users`.`id_number`, `users`.`full_name`, `users`.`profile_pic`, `attendance`.`time_in`, `attendance`.`time_out`
FROM `users`
LEFT JOIN `attendance` ON `attendance`.`student_id` = `users`.`id_number` AND `attendance`.`event_id` = 1
WHERE `users`.`id_number` = :users.id_number:', [...], false)
 2 APPPATH\Controllers\Admin.php(210): CodeIgniter\Database\BaseBuilder->get()
 3 SYSTEMPATH\CodeIgniter.php(933): App\Controllers\Admin->attendance_monitoring()
 4 SYSTEMPATH\CodeIgniter.php(507): CodeIgniter\CodeIgniter->runController(Object(App\Controllers\Admin))
 5 SYSTEMPATH\CodeIgniter.php(354): CodeIgniter\CodeIgniter->handleRequest(null, Object(Config\Cache), false)
 6 SYSTEMPATH\Boot.php(363): CodeIgniter\CodeIgniter->run()
 7 SYSTEMPATH\Boot.php(68): CodeIgniter\Boot::runCodeIgniter(Object(CodeIgniter\CodeIgniter))
 8 FCPATH\index.php(59): CodeIgniter\Boot::bootWeb(Object(Config\Paths))
CRITICAL - 2026-03-08 04:22:11 --> [Caused by] CodeIgniter\Database\Exceptions\DatabaseException: Unknown column 'attendance.time_out' in 'field list'
in SYSTEMPATH\Database\MySQLi\Connection.php on line 332.
 1 SYSTEMPATH\Database\BaseConnection.php(729): CodeIgniter\Database\MySQLi\Connection->execute('SELECT `users`.`id_number`, `users`.`full_name`, `users`.`profile_pic`, `attendance`.`time_in`, `attendance`.`time_out`
FROM `users`
LEFT JOIN `attendance` ON `attendance`.`student_id` = `users`.`id_number` AND `attendance`.`event_id` = 1
WHERE `users`.`id_number` = \'23-a-01647\'')
 2 SYSTEMPATH\Database\BaseConnection.php(646): CodeIgniter\Database\BaseConnection->simpleQuery('SELECT `users`.`id_number`, `users`.`full_name`, `users`.`profile_pic`, `attendance`.`time_in`, `attendance`.`time_out`
FROM `users`
LEFT JOIN `attendance` ON `attendance`.`student_id` = `users`.`id_number` AND `attendance`.`event_id` = 1
WHERE `users`.`id_number` = \'23-a-01647\'')
 3 SYSTEMPATH\Database\BaseBuilder.php(1649): CodeIgniter\Database\BaseConnection->query('SELECT `users`.`id_number`, `users`.`full_name`, `users`.`profile_pic`, `attendance`.`time_in`, `attendance`.`time_out`
FROM `users`
LEFT JOIN `attendance` ON `attendance`.`student_id` = `users`.`id_number` AND `attendance`.`event_id` = 1
WHERE `users`.`id_number` = :users.id_number:', [...], false)
 4 APPPATH\Controllers\Admin.php(210): CodeIgniter\Database\BaseBuilder->get()
 5 SYSTEMPATH\CodeIgniter.php(933): App\Controllers\Admin->attendance_monitoring()
 6 SYSTEMPATH\CodeIgniter.php(507): CodeIgniter\CodeIgniter->runController(Object(App\Controllers\Admin))
 7 SYSTEMPATH\CodeIgniter.php(354): CodeIgniter\CodeIgniter->handleRequest(null, Object(Config\Cache), false)
 8 SYSTEMPATH\Boot.php(363): CodeIgniter\CodeIgniter->run()
 9 SYSTEMPATH\Boot.php(68): CodeIgniter\Boot::runCodeIgniter(Object(CodeIgniter\CodeIgniter))
10 FCPATH\index.php(59): CodeIgniter\Boot::bootWeb(Object(Config\Paths))
CRITICAL - 2026-03-08 04:22:11 --> [Caused by] mysqli_sql_exception: Unknown column 'attendance.time_out' in 'field list'
in SYSTEMPATH\Database\MySQLi\Connection.php on line 327.
 1 SYSTEMPATH\Database\MySQLi\Connection.php(327): mysqli->query('SELECT `users`.`id_number`, `users`.`full_name`, `users`.`profile_pic`, `attendance`.`time_in`, `attendance`.`time_out`
FROM `users`
LEFT JOIN `attendance` ON `attendance`.`student_id` = `users`.`id_number` AND `attendance`.`event_id` = 1
WHERE `users`.`id_number` = \'23-a-01647\'', 0)
 2 SYSTEMPATH\Database\BaseConnection.php(729): CodeIgniter\Database\MySQLi\Connection->execute('SELECT `users`.`id_number`, `users`.`full_name`, `users`.`profile_pic`, `attendance`.`time_in`, `attendance`.`time_out`
FROM `users`
LEFT JOIN `attendance` ON `attendance`.`student_id` = `users`.`id_number` AND `attendance`.`event_id` = 1
WHERE `users`.`id_number` = \'23-a-01647\'')
 3 SYSTEMPATH\Database\BaseConnection.php(646): CodeIgniter\Database\BaseConnection->simpleQuery('SELECT `users`.`id_number`, `users`.`full_name`, `users`.`profile_pic`, `attendance`.`time_in`, `attendance`.`time_out`
FROM `users`
LEFT JOIN `attendance` ON `attendance`.`student_id` = `users`.`id_number` AND `attendance`.`event_id` = 1
WHERE `users`.`id_number` = \'23-a-01647\'')
 4 SYSTEMPATH\Database\BaseBuilder.php(1649): CodeIgniter\Database\BaseConnection->query('SELECT `users`.`id_number`, `users`.`full_name`, `users`.`profile_pic`, `attendance`.`time_in`, `attendance`.`time_out`
FROM `users`
LEFT JOIN `attendance` ON `attendance`.`student_id` = `users`.`id_number` AND `attendance`.`event_id` = 1
WHERE `users`.`id_number` = :users.id_number:', [...], false)
 5 APPPATH\Controllers\Admin.php(210): CodeIgniter\Database\BaseBuilder->get()
 6 SYSTEMPATH\CodeIgniter.php(933): App\Controllers\Admin->attendance_monitoring()
 7 SYSTEMPATH\CodeIgniter.php(507): CodeIgniter\CodeIgniter->runController(Object(App\Controllers\Admin))
 8 SYSTEMPATH\CodeIgniter.php(354): CodeIgniter\CodeIgniter->handleRequest(null, Object(Config\Cache), false)
 9 SYSTEMPATH\Boot.php(363): CodeIgniter\CodeIgniter->run()
10 SYSTEMPATH\Boot.php(68): CodeIgniter\Boot::runCodeIgniter(Object(CodeIgniter\CodeIgniter))
11 FCPATH\index.php(59): CodeIgniter\Boot::bootWeb(Object(Config\Paths))
ERROR - 2026-03-08 04:22:43 --> mysqli_sql_exception: Unknown column 'attendance.time_out' in 'field list' in C:\xampp\htdocs\system\system\Database\MySQLi\Connection.php:327
Stack trace:
#0 C:\xampp\htdocs\system\system\Database\MySQLi\Connection.php(327): mysqli->query('SELECT `users`....', 0)
#1 C:\xampp\htdocs\system\system\Database\BaseConnection.php(729): CodeIgniter\Database\MySQLi\Connection->execute('SELECT `users`....')
#2 C:\xampp\htdocs\system\system\Database\BaseConnection.php(646): CodeIgniter\Database\BaseConnection->simpleQuery('SELECT `users`....')
#3 C:\xampp\htdocs\system\system\Database\BaseBuilder.php(1649): CodeIgniter\Database\BaseConnection->query('SELECT `users`....', Array, false)
#4 C:\xampp\htdocs\system\app\Controllers\Admin.php(210): CodeIgniter\Database\BaseBuilder->get()
#5 C:\xampp\htdocs\system\system\CodeIgniter.php(933): App\Controllers\Admin->attendance_monitoring()
#6 C:\xampp\htdocs\system\system\CodeIgniter.php(507): CodeIgniter\CodeIgniter->runController(Object(App\Controllers\Admin))
#7 C:\xampp\htdocs\system\system\CodeIgniter.php(354): CodeIgniter\CodeIgniter->handleRequest(NULL, Object(Config\Cache), false)
#8 C:\xampp\htdocs\system\system\Boot.php(363): CodeIgniter\CodeIgniter->run()
#9 C:\xampp\htdocs\system\system\Boot.php(68): CodeIgniter\Boot::runCodeIgniter(Object(CodeIgniter\CodeIgniter))
#10 C:\xampp\htdocs\system\public\index.php(59): CodeIgniter\Boot::bootWeb(Object(Config\Paths))
#11 {main}
CRITICAL - 2026-03-08 04:22:43 --> CodeIgniter\Database\Exceptions\DatabaseException: Unknown column 'attendance.time_out' in 'field list'
[Method: GET, Route: admin/attendance_monitoring]
in SYSTEMPATH\Database\BaseConnection.php on line 684.
 1 SYSTEMPATH\Database\BaseBuilder.php(1649): CodeIgniter\Database\BaseConnection->query('SELECT `users`.`id_number`, `users`.`full_name`, `users`.`profile_pic`, `attendance`.`time_in`, `attendance`.`time_out`
FROM `users`
LEFT JOIN `attendance` ON `attendance`.`student_id` = `users`.`id_number` AND `attendance`.`event_id` = 1
WHERE `users`.`id_number` = :users.id_number:', [...], false)
 2 APPPATH\Controllers\Admin.php(210): CodeIgniter\Database\BaseBuilder->get()
 3 SYSTEMPATH\CodeIgniter.php(933): App\Controllers\Admin->attendance_monitoring()
 4 SYSTEMPATH\CodeIgniter.php(507): CodeIgniter\CodeIgniter->runController(Object(App\Controllers\Admin))
 5 SYSTEMPATH\CodeIgniter.php(354): CodeIgniter\CodeIgniter->handleRequest(null, Object(Config\Cache), false)
 6 SYSTEMPATH\Boot.php(363): CodeIgniter\CodeIgniter->run()
 7 SYSTEMPATH\Boot.php(68): CodeIgniter\Boot::runCodeIgniter(Object(CodeIgniter\CodeIgniter))
 8 FCPATH\index.php(59): CodeIgniter\Boot::bootWeb(Object(Config\Paths))
CRITICAL - 2026-03-08 04:22:43 --> [Caused by] CodeIgniter\Database\Exceptions\DatabaseException: Unknown column 'attendance.time_out' in 'field list'
in SYSTEMPATH\Database\MySQLi\Connection.php on line 332.
 1 SYSTEMPATH\Database\BaseConnection.php(729): CodeIgniter\Database\MySQLi\Connection->execute('SELECT `users`.`id_number`, `users`.`full_name`, `users`.`profile_pic`, `attendance`.`time_in`, `attendance`.`time_out`
FROM `users`
LEFT JOIN `attendance` ON `attendance`.`student_id` = `users`.`id_number` AND `attendance`.`event_id` = 1
WHERE `users`.`id_number` = \'23-A-01647\'')
 2 SYSTEMPATH\Database\BaseConnection.php(646): CodeIgniter\Database\BaseConnection->simpleQuery('SELECT `users`.`id_number`, `users`.`full_name`, `users`.`profile_pic`, `attendance`.`time_in`, `attendance`.`time_out`
FROM `users`
LEFT JOIN `attendance` ON `attendance`.`student_id` = `users`.`id_number` AND `attendance`.`event_id` = 1
WHERE `users`.`id_number` = \'23-A-01647\'')
 3 SYSTEMPATH\Database\BaseBuilder.php(1649): CodeIgniter\Database\BaseConnection->query('SELECT `users`.`id_number`, `users`.`full_name`, `users`.`profile_pic`, `attendance`.`time_in`, `attendance`.`time_out`
FROM `users`
LEFT JOIN `attendance` ON `attendance`.`student_id` = `users`.`id_number` AND `attendance`.`event_id` = 1
WHERE `users`.`id_number` = :users.id_number:', [...], false)
 4 APPPATH\Controllers\Admin.php(210): CodeIgniter\Database\BaseBuilder->get()
 5 SYSTEMPATH\CodeIgniter.php(933): App\Controllers\Admin->attendance_monitoring()
 6 SYSTEMPATH\CodeIgniter.php(507): CodeIgniter\CodeIgniter->runController(Object(App\Controllers\Admin))
 7 SYSTEMPATH\CodeIgniter.php(354): CodeIgniter\CodeIgniter->handleRequest(null, Object(Config\Cache), false)
 8 SYSTEMPATH\Boot.php(363): CodeIgniter\CodeIgniter->run()
 9 SYSTEMPATH\Boot.php(68): CodeIgniter\Boot::runCodeIgniter(Object(CodeIgniter\CodeIgniter))
10 FCPATH\index.php(59): CodeIgniter\Boot::bootWeb(Object(Config\Paths))
CRITICAL - 2026-03-08 04:22:43 --> [Caused by] mysqli_sql_exception: Unknown column 'attendance.time_out' in 'field list'
in SYSTEMPATH\Database\MySQLi\Connection.php on line 327.
 1 SYSTEMPATH\Database\MySQLi\Connection.php(327): mysqli->query('SELECT `users`.`id_number`, `users`.`full_name`, `users`.`profile_pic`, `attendance`.`time_in`, `attendance`.`time_out`
FROM `users`
LEFT JOIN `attendance` ON `attendance`.`student_id` = `users`.`id_number` AND `attendance`.`event_id` = 1
WHERE `users`.`id_number` = \'23-A-01647\'', 0)
 2 SYSTEMPATH\Database\BaseConnection.php(729): CodeIgniter\Database\MySQLi\Connection->execute('SELECT `users`.`id_number`, `users`.`full_name`, `users`.`profile_pic`, `attendance`.`time_in`, `attendance`.`time_out`
FROM `users`
LEFT JOIN `attendance` ON `attendance`.`student_id` = `users`.`id_number` AND `attendance`.`event_id` = 1
WHERE `users`.`id_number` = \'23-A-01647\'')
 3 SYSTEMPATH\Database\BaseConnection.php(646): CodeIgniter\Database\BaseConnection->simpleQuery('SELECT `users`.`id_number`, `users`.`full_name`, `users`.`profile_pic`, `attendance`.`time_in`, `attendance`.`time_out`
FROM `users`
LEFT JOIN `attendance` ON `attendance`.`student_id` = `users`.`id_number` AND `attendance`.`event_id` = 1
WHERE `users`.`id_number` = \'23-A-01647\'')
 4 SYSTEMPATH\Database\BaseBuilder.php(1649): CodeIgniter\Database\BaseConnection->query('SELECT `users`.`id_number`, `users`.`full_name`, `users`.`profile_pic`, `attendance`.`time_in`, `attendance`.`time_out`
FROM `users`
LEFT JOIN `attendance` ON `attendance`.`student_id` = `users`.`id_number` AND `attendance`.`event_id` = 1
WHERE `users`.`id_number` = :users.id_number:', [...], false)
 5 APPPATH\Controllers\Admin.php(210): CodeIgniter\Database\BaseBuilder->get()
 6 SYSTEMPATH\CodeIgniter.php(933): App\Controllers\Admin->attendance_monitoring()
 7 SYSTEMPATH\CodeIgniter.php(507): CodeIgniter\CodeIgniter->runController(Object(App\Controllers\Admin))
 8 SYSTEMPATH\CodeIgniter.php(354): CodeIgniter\CodeIgniter->handleRequest(null, Object(Config\Cache), false)
 9 SYSTEMPATH\Boot.php(363): CodeIgniter\CodeIgniter->run()
10 SYSTEMPATH\Boot.php(68): CodeIgniter\Boot::runCodeIgniter(Object(CodeIgniter\CodeIgniter))
11 FCPATH\index.php(59): CodeIgniter\Boot::bootWeb(Object(Config\Paths))
ERROR - 2026-03-08 04:25:26 --> mysqli_sql_exception: Unknown column 'attendance.time_out' in 'field list' in C:\xampp\htdocs\system\system\Database\MySQLi\Connection.php:327
Stack trace:
#0 C:\xampp\htdocs\system\system\Database\MySQLi\Connection.php(327): mysqli->query('SELECT `users`....', 0)
#1 C:\xampp\htdocs\system\system\Database\BaseConnection.php(729): CodeIgniter\Database\MySQLi\Connection->execute('SELECT `users`....')
#2 C:\xampp\htdocs\system\system\Database\BaseConnection.php(646): CodeIgniter\Database\BaseConnection->simpleQuery('SELECT `users`....')
#3 C:\xampp\htdocs\system\system\Database\BaseBuilder.php(1649): CodeIgniter\Database\BaseConnection->query('SELECT `users`....', Array, false)
#4 C:\xampp\htdocs\system\app\Controllers\Admin.php(210): CodeIgniter\Database\BaseBuilder->get()
#5 C:\xampp\htdocs\system\system\CodeIgniter.php(933): App\Controllers\Admin->attendance_monitoring()
#6 C:\xampp\htdocs\system\system\CodeIgniter.php(507): CodeIgniter\CodeIgniter->runController(Object(App\Controllers\Admin))
#7 C:\xampp\htdocs\system\system\CodeIgniter.php(354): CodeIgniter\CodeIgniter->handleRequest(NULL, Object(Config\Cache), false)
#8 C:\xampp\htdocs\system\system\Boot.php(363): CodeIgniter\CodeIgniter->run()
#9 C:\xampp\htdocs\system\system\Boot.php(68): CodeIgniter\Boot::runCodeIgniter(Object(CodeIgniter\CodeIgniter))
#10 C:\xampp\htdocs\system\public\index.php(59): CodeIgniter\Boot::bootWeb(Object(Config\Paths))
#11 {main}
CRITICAL - 2026-03-08 04:25:26 --> CodeIgniter\Database\Exceptions\DatabaseException: Unknown column 'attendance.time_out' in 'field list'
[Method: GET, Route: admin/attendance_monitoring]
in SYSTEMPATH\Database\BaseConnection.php on line 684.
 1 SYSTEMPATH\Database\BaseBuilder.php(1649): CodeIgniter\Database\BaseConnection->query('SELECT `users`.`id_number`, `users`.`full_name`, `users`.`profile_pic`, `attendance`.`time_in`, `attendance`.`time_out`
FROM `users`
LEFT JOIN `attendance` ON `attendance`.`student_id` = `users`.`id_number` AND `attendance`.`event_id` = 1
WHERE `users`.`id_number` = :users.id_number:', [...], false)
 2 APPPATH\Controllers\Admin.php(210): CodeIgniter\Database\BaseBuilder->get()
 3 SYSTEMPATH\CodeIgniter.php(933): App\Controllers\Admin->attendance_monitoring()
 4 SYSTEMPATH\CodeIgniter.php(507): CodeIgniter\CodeIgniter->runController(Object(App\Controllers\Admin))
 5 SYSTEMPATH\CodeIgniter.php(354): CodeIgniter\CodeIgniter->handleRequest(null, Object(Config\Cache), false)
 6 SYSTEMPATH\Boot.php(363): CodeIgniter\CodeIgniter->run()
 7 SYSTEMPATH\Boot.php(68): CodeIgniter\Boot::runCodeIgniter(Object(CodeIgniter\CodeIgniter))
 8 FCPATH\index.php(59): CodeIgniter\Boot::bootWeb(Object(Config\Paths))
CRITICAL - 2026-03-08 04:25:26 --> [Caused by] CodeIgniter\Database\Exceptions\DatabaseException: Unknown column 'attendance.time_out' in 'field list'
in SYSTEMPATH\Database\MySQLi\Connection.php on line 332.
 1 SYSTEMPATH\Database\BaseConnection.php(729): CodeIgniter\Database\MySQLi\Connection->execute('SELECT `users`.`id_number`, `users`.`full_name`, `users`.`profile_pic`, `attendance`.`time_in`, `attendance`.`time_out`
FROM `users`
LEFT JOIN `attendance` ON `attendance`.`student_id` = `users`.`id_number` AND `attendance`.`event_id` = 1
WHERE `users`.`id_number` = \'23-a-01647\'')
 2 SYSTEMPATH\Database\BaseConnection.php(646): CodeIgniter\Database\BaseConnection->simpleQuery('SELECT `users`.`id_number`, `users`.`full_name`, `users`.`profile_pic`, `attendance`.`time_in`, `attendance`.`time_out`
FROM `users`
LEFT JOIN `attendance` ON `attendance`.`student_id` = `users`.`id_number` AND `attendance`.`event_id` = 1
WHERE `users`.`id_number` = \'23-a-01647\'')
 3 SYSTEMPATH\Database\BaseBuilder.php(1649): CodeIgniter\Database\BaseConnection->query('SELECT `users`.`id_number`, `users`.`full_name`, `users`.`profile_pic`, `attendance`.`time_in`, `attendance`.`time_out`
FROM `users`
LEFT JOIN `attendance` ON `attendance`.`student_id` = `users`.`id_number` AND `attendance`.`event_id` = 1
WHERE `users`.`id_number` = :users.id_number:', [...], false)
 4 APPPATH\Controllers\Admin.php(210): CodeIgniter\Database\BaseBuilder->get()
 5 SYSTEMPATH\CodeIgniter.php(933): App\Controllers\Admin->attendance_monitoring()
 6 SYSTEMPATH\CodeIgniter.php(507): CodeIgniter\CodeIgniter->runController(Object(App\Controllers\Admin))
 7 SYSTEMPATH\CodeIgniter.php(354): CodeIgniter\CodeIgniter->handleRequest(null, Object(Config\Cache), false)
 8 SYSTEMPATH\Boot.php(363): CodeIgniter\CodeIgniter->run()
 9 SYSTEMPATH\Boot.php(68): CodeIgniter\Boot::runCodeIgniter(Object(CodeIgniter\CodeIgniter))
10 FCPATH\index.php(59): CodeIgniter\Boot::bootWeb(Object(Config\Paths))
CRITICAL - 2026-03-08 04:25:26 --> [Caused by] mysqli_sql_exception: Unknown column 'attendance.time_out' in 'field list'
in SYSTEMPATH\Database\MySQLi\Connection.php on line 327.
 1 SYSTEMPATH\Database\MySQLi\Connection.php(327): mysqli->query('SELECT `users`.`id_number`, `users`.`full_name`, `users`.`profile_pic`, `attendance`.`time_in`, `attendance`.`time_out`
FROM `users`
LEFT JOIN `attendance` ON `attendance`.`student_id` = `users`.`id_number` AND `attendance`.`event_id` = 1
WHERE `users`.`id_number` = \'23-a-01647\'', 0)
 2 SYSTEMPATH\Database\BaseConnection.php(729): CodeIgniter\Database\MySQLi\Connection->execute('SELECT `users`.`id_number`, `users`.`full_name`, `users`.`profile_pic`, `attendance`.`time_in`, `attendance`.`time_out`
FROM `users`
LEFT JOIN `attendance` ON `attendance`.`student_id` = `users`.`id_number` AND `attendance`.`event_id` = 1
WHERE `users`.`id_number` = \'23-a-01647\'')
 3 SYSTEMPATH\Database\BaseConnection.php(646): CodeIgniter\Database\BaseConnection->simpleQuery('SELECT `users`.`id_number`, `users`.`full_name`, `users`.`profile_pic`, `attendance`.`time_in`, `attendance`.`time_out`
FROM `users`
LEFT JOIN `attendance` ON `attendance`.`student_id` = `users`.`id_number` AND `attendance`.`event_id` = 1
WHERE `users`.`id_number` = \'23-a-01647\'')
 4 SYSTEMPATH\Database\BaseBuilder.php(1649): CodeIgniter\Database\BaseConnection->query('SELECT `users`.`id_number`, `users`.`full_name`, `users`.`profile_pic`, `attendance`.`time_in`, `attendance`.`time_out`
FROM `users`
LEFT JOIN `attendance` ON `attendance`.`student_id` = `users`.`id_number` AND `attendance`.`event_id` = 1
WHERE `users`.`id_number` = :users.id_number:', [...], false)
 5 APPPATH\Controllers\Admin.php(210): CodeIgniter\Database\BaseBuilder->get()
 6 SYSTEMPATH\CodeIgniter.php(933): App\Controllers\Admin->attendance_monitoring()
 7 SYSTEMPATH\CodeIgniter.php(507): CodeIgniter\CodeIgniter->runController(Object(App\Controllers\Admin))
 8 SYSTEMPATH\CodeIgniter.php(354): CodeIgniter\CodeIgniter->handleRequest(null, Object(Config\Cache), false)
 9 SYSTEMPATH\Boot.php(363): CodeIgniter\CodeIgniter->run()
10 SYSTEMPATH\Boot.php(68): CodeIgniter\Boot::runCodeIgniter(Object(CodeIgniter\CodeIgniter))
11 FCPATH\index.php(59): CodeIgniter\Boot::bootWeb(Object(Config\Paths))
ERROR - 2026-03-08 04:28:48 --> mysqli_sql_exception: Unknown column 'attendance.time_out' in 'field list' in C:\xampp\htdocs\system\system\Database\MySQLi\Connection.php:327
Stack trace:
#0 C:\xampp\htdocs\system\system\Database\MySQLi\Connection.php(327): mysqli->query('SELECT `users`....', 0)
#1 C:\xampp\htdocs\system\system\Database\BaseConnection.php(729): CodeIgniter\Database\MySQLi\Connection->execute('SELECT `users`....')
#2 C:\xampp\htdocs\system\system\Database\BaseConnection.php(646): CodeIgniter\Database\BaseConnection->simpleQuery('SELECT `users`....')
#3 C:\xampp\htdocs\system\system\Database\BaseBuilder.php(1649): CodeIgniter\Database\BaseConnection->query('SELECT `users`....', Array, false)
#4 C:\xampp\htdocs\system\app\Controllers\Admin.php(210): CodeIgniter\Database\BaseBuilder->get()
#5 C:\xampp\htdocs\system\system\CodeIgniter.php(933): App\Controllers\Admin->attendance_monitoring()
#6 C:\xampp\htdocs\system\system\CodeIgniter.php(507): CodeIgniter\CodeIgniter->runController(Object(App\Controllers\Admin))
#7 C:\xampp\htdocs\system\system\CodeIgniter.php(354): CodeIgniter\CodeIgniter->handleRequest(NULL, Object(Config\Cache), false)
#8 C:\xampp\htdocs\system\system\Boot.php(363): CodeIgniter\CodeIgniter->run()
#9 C:\xampp\htdocs\system\system\Boot.php(68): CodeIgniter\Boot::runCodeIgniter(Object(CodeIgniter\CodeIgniter))
#10 C:\xampp\htdocs\system\public\index.php(59): CodeIgniter\Boot::bootWeb(Object(Config\Paths))
#11 {main}
CRITICAL - 2026-03-08 04:28:48 --> CodeIgniter\Database\Exceptions\DatabaseException: Unknown column 'attendance.time_out' in 'field list'
[Method: GET, Route: admin/attendance_monitoring]
in SYSTEMPATH\Database\BaseConnection.php on line 684.
 1 SYSTEMPATH\Database\BaseBuilder.php(1649): CodeIgniter\Database\BaseConnection->query('SELECT `users`.`id_number`, `users`.`full_name`, `users`.`profile_pic`, `attendance`.`time_in`, `attendance`.`time_out`
FROM `users`
LEFT JOIN `attendance` ON `attendance`.`student_id` = `users`.`id_number` AND `attendance`.`event_id` = 1
WHERE `users`.`id_number` = :users.id_number:', [...], false)
 2 APPPATH\Controllers\Admin.php(210): CodeIgniter\Database\BaseBuilder->get()
 3 SYSTEMPATH\CodeIgniter.php(933): App\Controllers\Admin->attendance_monitoring()
 4 SYSTEMPATH\CodeIgniter.php(507): CodeIgniter\CodeIgniter->runController(Object(App\Controllers\Admin))
 5 SYSTEMPATH\CodeIgniter.php(354): CodeIgniter\CodeIgniter->handleRequest(null, Object(Config\Cache), false)
 6 SYSTEMPATH\Boot.php(363): CodeIgniter\CodeIgniter->run()
 7 SYSTEMPATH\Boot.php(68): CodeIgniter\Boot::runCodeIgniter(Object(CodeIgniter\CodeIgniter))
 8 FCPATH\index.php(59): CodeIgniter\Boot::bootWeb(Object(Config\Paths))
CRITICAL - 2026-03-08 04:28:48 --> [Caused by] CodeIgniter\Database\Exceptions\DatabaseException: Unknown column 'attendance.time_out' in 'field list'
in SYSTEMPATH\Database\MySQLi\Connection.php on line 332.
 1 SYSTEMPATH\Database\BaseConnection.php(729): CodeIgniter\Database\MySQLi\Connection->execute('SELECT `users`.`id_number`, `users`.`full_name`, `users`.`profile_pic`, `attendance`.`time_in`, `attendance`.`time_out`
FROM `users`
LEFT JOIN `attendance` ON `attendance`.`student_id` = `users`.`id_number` AND `attendance`.`event_id` = 1
WHERE `users`.`id_number` = \'23-a-01647\'')
 2 SYSTEMPATH\Database\BaseConnection.php(646): CodeIgniter\Database\BaseConnection->simpleQuery('SELECT `users`.`id_number`, `users`.`full_name`, `users`.`profile_pic`, `attendance`.`time_in`, `attendance`.`time_out`
FROM `users`
LEFT JOIN `attendance` ON `attendance`.`student_id` = `users`.`id_number` AND `attendance`.`event_id` = 1
WHERE `users`.`id_number` = \'23-a-01647\'')
 3 SYSTEMPATH\Database\BaseBuilder.php(1649): CodeIgniter\Database\BaseConnection->query('SELECT `users`.`id_number`, `users`.`full_name`, `users`.`profile_pic`, `attendance`.`time_in`, `attendance`.`time_out`
FROM `users`
LEFT JOIN `attendance` ON `attendance`.`student_id` = `users`.`id_number` AND `attendance`.`event_id` = 1
WHERE `users`.`id_number` = :users.id_number:', [...], false)
 4 APPPATH\Controllers\Admin.php(210): CodeIgniter\Database\BaseBuilder->get()
 5 SYSTEMPATH\CodeIgniter.php(933): App\Controllers\Admin->attendance_monitoring()
 6 SYSTEMPATH\CodeIgniter.php(507): CodeIgniter\CodeIgniter->runController(Object(App\Controllers\Admin))
 7 SYSTEMPATH\CodeIgniter.php(354): CodeIgniter\CodeIgniter->handleRequest(null, Object(Config\Cache), false)
 8 SYSTEMPATH\Boot.php(363): CodeIgniter\CodeIgniter->run()
 9 SYSTEMPATH\Boot.php(68): CodeIgniter\Boot::runCodeIgniter(Object(CodeIgniter\CodeIgniter))
10 FCPATH\index.php(59): CodeIgniter\Boot::bootWeb(Object(Config\Paths))
CRITICAL - 2026-03-08 04:28:48 --> [Caused by] mysqli_sql_exception: Unknown column 'attendance.time_out' in 'field list'
in SYSTEMPATH\Database\MySQLi\Connection.php on line 327.
 1 SYSTEMPATH\Database\MySQLi\Connection.php(327): mysqli->query('SELECT `users`.`id_number`, `users`.`full_name`, `users`.`profile_pic`, `attendance`.`time_in`, `attendance`.`time_out`
FROM `users`
LEFT JOIN `attendance` ON `attendance`.`student_id` = `users`.`id_number` AND `attendance`.`event_id` = 1
WHERE `users`.`id_number` = \'23-a-01647\'', 0)
 2 SYSTEMPATH\Database\BaseConnection.php(729): CodeIgniter\Database\MySQLi\Connection->execute('SELECT `users`.`id_number`, `users`.`full_name`, `users`.`profile_pic`, `attendance`.`time_in`, `attendance`.`time_out`
FROM `users`
LEFT JOIN `attendance` ON `attendance`.`student_id` = `users`.`id_number` AND `attendance`.`event_id` = 1
WHERE `users`.`id_number` = \'23-a-01647\'')
 3 SYSTEMPATH\Database\BaseConnection.php(646): CodeIgniter\Database\BaseConnection->simpleQuery('SELECT `users`.`id_number`, `users`.`full_name`, `users`.`profile_pic`, `attendance`.`time_in`, `attendance`.`time_out`
FROM `users`
LEFT JOIN `attendance` ON `attendance`.`student_id` = `users`.`id_number` AND `attendance`.`event_id` = 1
WHERE `users`.`id_number` = \'23-a-01647\'')
 4 SYSTEMPATH\Database\BaseBuilder.php(1649): CodeIgniter\Database\BaseConnection->query('SELECT `users`.`id_number`, `users`.`full_name`, `users`.`profile_pic`, `attendance`.`time_in`, `attendance`.`time_out`
FROM `users`
LEFT JOIN `attendance` ON `attendance`.`student_id` = `users`.`id_number` AND `attendance`.`event_id` = 1
WHERE `users`.`id_number` = :users.id_number:', [...], false)
 5 APPPATH\Controllers\Admin.php(210): CodeIgniter\Database\BaseBuilder->get()
 6 SYSTEMPATH\CodeIgniter.php(933): App\Controllers\Admin->attendance_monitoring()
 7 SYSTEMPATH\CodeIgniter.php(507): CodeIgniter\CodeIgniter->runController(Object(App\Controllers\Admin))
 8 SYSTEMPATH\CodeIgniter.php(354): CodeIgniter\CodeIgniter->handleRequest(null, Object(Config\Cache), false)
 9 SYSTEMPATH\Boot.php(363): CodeIgniter\CodeIgniter->run()
10 SYSTEMPATH\Boot.php(68): CodeIgniter\Boot::runCodeIgniter(Object(CodeIgniter\CodeIgniter))
11 FCPATH\index.php(59): CodeIgniter\Boot::bootWeb(Object(Config\Paths))
ERROR - 2026-03-08 04:37:36 --> mysqli_sql_exception: Unknown column 'attendance.time_out' in 'field list' in C:\xampp\htdocs\system\system\Database\MySQLi\Connection.php:327
Stack trace:
#0 C:\xampp\htdocs\system\system\Database\MySQLi\Connection.php(327): mysqli->query('SELECT `users`....', 0)
#1 C:\xampp\htdocs\system\system\Database\BaseConnection.php(729): CodeIgniter\Database\MySQLi\Connection->execute('SELECT `users`....')
#2 C:\xampp\htdocs\system\system\Database\BaseConnection.php(646): CodeIgniter\Database\BaseConnection->simpleQuery('SELECT `users`....')
#3 C:\xampp\htdocs\system\system\Database\BaseBuilder.php(1649): CodeIgniter\Database\BaseConnection->query('SELECT `users`....', Array, false)
#4 C:\xampp\htdocs\system\app\Controllers\Admin.php(38): CodeIgniter\Database\BaseBuilder->get()
#5 C:\xampp\htdocs\system\system\CodeIgniter.php(933): App\Controllers\Admin->index()
#6 C:\xampp\htdocs\system\system\CodeIgniter.php(507): CodeIgniter\CodeIgniter->runController(Object(App\Controllers\Admin))
#7 C:\xampp\htdocs\system\system\CodeIgniter.php(354): CodeIgniter\CodeIgniter->handleRequest(NULL, Object(Config\Cache), false)
#8 C:\xampp\htdocs\system\system\Boot.php(363): CodeIgniter\CodeIgniter->run()
#9 C:\xampp\htdocs\system\system\Boot.php(68): CodeIgniter\Boot::runCodeIgniter(Object(CodeIgniter\CodeIgniter))
#10 C:\xampp\htdocs\system\public\index.php(59): CodeIgniter\Boot::bootWeb(Object(Config\Paths))
#11 {main}
CRITICAL - 2026-03-08 04:37:36 --> CodeIgniter\Database\Exceptions\DatabaseException: Unknown column 'attendance.time_out' in 'field list'
[Method: GET, Route: admin]
in SYSTEMPATH\Database\BaseConnection.php on line 684.
 1 SYSTEMPATH\Database\BaseBuilder.php(1649): CodeIgniter\Database\BaseConnection->query('SELECT `users`.`id_number`, `users`.`full_name`, `users`.`course`, `users`.`year_level_id`, `users`.`profile_pic`, `attendance`.`time_in`, `attendance`.`time_out`
FROM `users`
LEFT JOIN `attendance` ON `attendance`.`student_id` = `users`.`id_number` AND `attendance`.`event_id` = 1
WHERE `users`.`id_number` = :users.id_number:', [...], false)
 2 APPPATH\Controllers\Admin.php(38): CodeIgniter\Database\BaseBuilder->get()
 3 SYSTEMPATH\CodeIgniter.php(933): App\Controllers\Admin->index()
 4 SYSTEMPATH\CodeIgniter.php(507): CodeIgniter\CodeIgniter->runController(Object(App\Controllers\Admin))
 5 SYSTEMPATH\CodeIgniter.php(354): CodeIgniter\CodeIgniter->handleRequest(null, Object(Config\Cache), false)
 6 SYSTEMPATH\Boot.php(363): CodeIgniter\CodeIgniter->run()
 7 SYSTEMPATH\Boot.php(68): CodeIgniter\Boot::runCodeIgniter(Object(CodeIgniter\CodeIgniter))
 8 FCPATH\index.php(59): CodeIgniter\Boot::bootWeb(Object(Config\Paths))
CRITICAL - 2026-03-08 04:37:36 --> [Caused by] CodeIgniter\Database\Exceptions\DatabaseException: Unknown column 'attendance.time_out' in 'field list'
in SYSTEMPATH\Database\MySQLi\Connection.php on line 332.
 1 SYSTEMPATH\Database\BaseConnection.php(729): CodeIgniter\Database\MySQLi\Connection->execute('SELECT `users`.`id_number`, `users`.`full_name`, `users`.`course`, `users`.`year_level_id`, `users`.`profile_pic`, `attendance`.`time_in`, `attendance`.`time_out`
FROM `users`
LEFT JOIN `attendance` ON `attendance`.`student_id` = `users`.`id_number` AND `attendance`.`event_id` = 1
WHERE `users`.`id_number` = \'23-a-01647\'')
 2 SYSTEMPATH\Database\BaseConnection.php(646): CodeIgniter\Database\BaseConnection->simpleQuery('SELECT `users`.`id_number`, `users`.`full_name`, `users`.`course`, `users`.`year_level_id`, `users`.`profile_pic`, `attendance`.`time_in`, `attendance`.`time_out`
FROM `users`
LEFT JOIN `attendance` ON `attendance`.`student_id` = `users`.`id_number` AND `attendance`.`event_id` = 1
WHERE `users`.`id_number` = \'23-a-01647\'')
 3 SYSTEMPATH\Database\BaseBuilder.php(1649): CodeIgniter\Database\BaseConnection->query('SELECT `users`.`id_number`, `users`.`full_name`, `users`.`course`, `users`.`year_level_id`, `users`.`profile_pic`, `attendance`.`time_in`, `attendance`.`time_out`
FROM `users`
LEFT JOIN `attendance` ON `attendance`.`student_id` = `users`.`id_number` AND `attendance`.`event_id` = 1
WHERE `users`.`id_number` = :users.id_number:', [...], false)
 4 APPPATH\Controllers\Admin.php(38): CodeIgniter\Database\BaseBuilder->get()
 5 SYSTEMPATH\CodeIgniter.php(933): App\Controllers\Admin->index()
 6 SYSTEMPATH\CodeIgniter.php(507): CodeIgniter\CodeIgniter->runController(Object(App\Controllers\Admin))
 7 SYSTEMPATH\CodeIgniter.php(354): CodeIgniter\CodeIgniter->handleRequest(null, Object(Config\Cache), false)
 8 SYSTEMPATH\Boot.php(363): CodeIgniter\CodeIgniter->run()
 9 SYSTEMPATH\Boot.php(68): CodeIgniter\Boot::runCodeIgniter(Object(CodeIgniter\CodeIgniter))
10 FCPATH\index.php(59): CodeIgniter\Boot::bootWeb(Object(Config\Paths))
CRITICAL - 2026-03-08 04:37:36 --> [Caused by] mysqli_sql_exception: Unknown column 'attendance.time_out' in 'field list'
in SYSTEMPATH\Database\MySQLi\Connection.php on line 327.
 1 SYSTEMPATH\Database\MySQLi\Connection.php(327): mysqli->query('SELECT `users`.`id_number`, `users`.`full_name`, `users`.`course`, `users`.`year_level_id`, `users`.`profile_pic`, `attendance`.`time_in`, `attendance`.`time_out`
FROM `users`
LEFT JOIN `attendance` ON `attendance`.`student_id` = `users`.`id_number` AND `attendance`.`event_id` = 1
WHERE `users`.`id_number` = \'23-a-01647\'', 0)
 2 SYSTEMPATH\Database\BaseConnection.php(729): CodeIgniter\Database\MySQLi\Connection->execute('SELECT `users`.`id_number`, `users`.`full_name`, `users`.`course`, `users`.`year_level_id`, `users`.`profile_pic`, `attendance`.`time_in`, `attendance`.`time_out`
FROM `users`
LEFT JOIN `attendance` ON `attendance`.`student_id` = `users`.`id_number` AND `attendance`.`event_id` = 1
WHERE `users`.`id_number` = \'23-a-01647\'')
 3 SYSTEMPATH\Database\BaseConnection.php(646): CodeIgniter\Database\BaseConnection->simpleQuery('SELECT `users`.`id_number`, `users`.`full_name`, `users`.`course`, `users`.`year_level_id`, `users`.`profile_pic`, `attendance`.`time_in`, `attendance`.`time_out`
FROM `users`
LEFT JOIN `attendance` ON `attendance`.`student_id` = `users`.`id_number` AND `attendance`.`event_id` = 1
WHERE `users`.`id_number` = \'23-a-01647\'')
 4 SYSTEMPATH\Database\BaseBuilder.php(1649): CodeIgniter\Database\BaseConnection->query('SELECT `users`.`id_number`, `users`.`full_name`, `users`.`course`, `users`.`year_level_id`, `users`.`profile_pic`, `attendance`.`time_in`, `attendance`.`time_out`
FROM `users`
LEFT JOIN `attendance` ON `attendance`.`student_id` = `users`.`id_number` AND `attendance`.`event_id` = 1
WHERE `users`.`id_number` = :users.id_number:', [...], false)
 5 APPPATH\Controllers\Admin.php(38): CodeIgniter\Database\BaseBuilder->get()
 6 SYSTEMPATH\CodeIgniter.php(933): App\Controllers\Admin->index()
 7 SYSTEMPATH\CodeIgniter.php(507): CodeIgniter\CodeIgniter->runController(Object(App\Controllers\Admin))
 8 SYSTEMPATH\CodeIgniter.php(354): CodeIgniter\CodeIgniter->handleRequest(null, Object(Config\Cache), false)
 9 SYSTEMPATH\Boot.php(363): CodeIgniter\CodeIgniter->run()
10 SYSTEMPATH\Boot.php(68): CodeIgniter\Boot::runCodeIgniter(Object(CodeIgniter\CodeIgniter))
11 FCPATH\index.php(59): CodeIgniter\Boot::bootWeb(Object(Config\Paths))
ERROR - 2026-03-08 04:39:06 --> mysqli_sql_exception: Unknown column 'attendance.time_out' in 'field list' in C:\xampp\htdocs\system\system\Database\MySQLi\Connection.php:327
Stack trace:
#0 C:\xampp\htdocs\system\system\Database\MySQLi\Connection.php(327): mysqli->query('SELECT `users`....', 0)
#1 C:\xampp\htdocs\system\system\Database\BaseConnection.php(729): CodeIgniter\Database\MySQLi\Connection->execute('SELECT `users`....')
#2 C:\xampp\htdocs\system\system\Database\BaseConnection.php(646): CodeIgniter\Database\BaseConnection->simpleQuery('SELECT `users`....')
#3 C:\xampp\htdocs\system\system\Database\BaseBuilder.php(1649): CodeIgniter\Database\BaseConnection->query('SELECT `users`....', Array, false)
#4 C:\xampp\htdocs\system\app\Controllers\Admin.php(38): CodeIgniter\Database\BaseBuilder->get()
#5 C:\xampp\htdocs\system\system\CodeIgniter.php(933): App\Controllers\Admin->index()
#6 C:\xampp\htdocs\system\system\CodeIgniter.php(507): CodeIgniter\CodeIgniter->runController(Object(App\Controllers\Admin))
#7 C:\xampp\htdocs\system\system\CodeIgniter.php(354): CodeIgniter\CodeIgniter->handleRequest(NULL, Object(Config\Cache), false)
#8 C:\xampp\htdocs\system\system\Boot.php(363): CodeIgniter\CodeIgniter->run()
#9 C:\xampp\htdocs\system\system\Boot.php(68): CodeIgniter\Boot::runCodeIgniter(Object(CodeIgniter\CodeIgniter))
#10 C:\xampp\htdocs\system\public\index.php(59): CodeIgniter\Boot::bootWeb(Object(Config\Paths))
#11 {main}
CRITICAL - 2026-03-08 04:39:06 --> CodeIgniter\Database\Exceptions\DatabaseException: Unknown column 'attendance.time_out' in 'field list'
[Method: GET, Route: admin]
in SYSTEMPATH\Database\BaseConnection.php on line 684.
 1 SYSTEMPATH\Database\BaseBuilder.php(1649): CodeIgniter\Database\BaseConnection->query('SELECT `users`.`id_number`, `users`.`full_name`, `users`.`course`, `users`.`year_level_id`, `users`.`profile_pic`, `attendance`.`time_in`, `attendance`.`time_out`
FROM `users`
LEFT JOIN `attendance` ON `attendance`.`student_id` = `users`.`id_number` AND `attendance`.`event_id` = 1
WHERE `users`.`id_number` = :users.id_number:', [...], false)
 2 APPPATH\Controllers\Admin.php(38): CodeIgniter\Database\BaseBuilder->get()
 3 SYSTEMPATH\CodeIgniter.php(933): App\Controllers\Admin->index()
 4 SYSTEMPATH\CodeIgniter.php(507): CodeIgniter\CodeIgniter->runController(Object(App\Controllers\Admin))
 5 SYSTEMPATH\CodeIgniter.php(354): CodeIgniter\CodeIgniter->handleRequest(null, Object(Config\Cache), false)
 6 SYSTEMPATH\Boot.php(363): CodeIgniter\CodeIgniter->run()
 7 SYSTEMPATH\Boot.php(68): CodeIgniter\Boot::runCodeIgniter(Object(CodeIgniter\CodeIgniter))
 8 FCPATH\index.php(59): CodeIgniter\Boot::bootWeb(Object(Config\Paths))
CRITICAL - 2026-03-08 04:39:06 --> [Caused by] CodeIgniter\Database\Exceptions\DatabaseException: Unknown column 'attendance.time_out' in 'field list'
in SYSTEMPATH\Database\MySQLi\Connection.php on line 332.
 1 SYSTEMPATH\Database\BaseConnection.php(729): CodeIgniter\Database\MySQLi\Connection->execute('SELECT `users`.`id_number`, `users`.`full_name`, `users`.`course`, `users`.`year_level_id`, `users`.`profile_pic`, `attendance`.`time_in`, `attendance`.`time_out`
FROM `users`
LEFT JOIN `attendance` ON `attendance`.`student_id` = `users`.`id_number` AND `attendance`.`event_id` = 1
WHERE `users`.`id_number` = \'23-a-01234\'')
 2 SYSTEMPATH\Database\BaseConnection.php(646): CodeIgniter\Database\BaseConnection->simpleQuery('SELECT `users`.`id_number`, `users`.`full_name`, `users`.`course`, `users`.`year_level_id`, `users`.`profile_pic`, `attendance`.`time_in`, `attendance`.`time_out`
FROM `users`
LEFT JOIN `attendance` ON `attendance`.`student_id` = `users`.`id_number` AND `attendance`.`event_id` = 1
WHERE `users`.`id_number` = \'23-a-01234\'')
 3 SYSTEMPATH\Database\BaseBuilder.php(1649): CodeIgniter\Database\BaseConnection->query('SELECT `users`.`id_number`, `users`.`full_name`, `users`.`course`, `users`.`year_level_id`, `users`.`profile_pic`, `attendance`.`time_in`, `attendance`.`time_out`
FROM `users`
LEFT JOIN `attendance` ON `attendance`.`student_id` = `users`.`id_number` AND `attendance`.`event_id` = 1
WHERE `users`.`id_number` = :users.id_number:', [...], false)
 4 APPPATH\Controllers\Admin.php(38): CodeIgniter\Database\BaseBuilder->get()
 5 SYSTEMPATH\CodeIgniter.php(933): App\Controllers\Admin->index()
 6 SYSTEMPATH\CodeIgniter.php(507): CodeIgniter\CodeIgniter->runController(Object(App\Controllers\Admin))
 7 SYSTEMPATH\CodeIgniter.php(354): CodeIgniter\CodeIgniter->handleRequest(null, Object(Config\Cache), false)
 8 SYSTEMPATH\Boot.php(363): CodeIgniter\CodeIgniter->run()
 9 SYSTEMPATH\Boot.php(68): CodeIgniter\Boot::runCodeIgniter(Object(CodeIgniter\CodeIgniter))
10 FCPATH\index.php(59): CodeIgniter\Boot::bootWeb(Object(Config\Paths))
CRITICAL - 2026-03-08 04:39:06 --> [Caused by] mysqli_sql_exception: Unknown column 'attendance.time_out' in 'field list'
in SYSTEMPATH\Database\MySQLi\Connection.php on line 327.
 1 SYSTEMPATH\Database\MySQLi\Connection.php(327): mysqli->query('SELECT `users`.`id_number`, `users`.`full_name`, `users`.`course`, `users`.`year_level_id`, `users`.`profile_pic`, `attendance`.`time_in`, `attendance`.`time_out`
FROM `users`
LEFT JOIN `attendance` ON `attendance`.`student_id` = `users`.`id_number` AND `attendance`.`event_id` = 1
WHERE `users`.`id_number` = \'23-a-01234\'', 0)
 2 SYSTEMPATH\Database\BaseConnection.php(729): CodeIgniter\Database\MySQLi\Connection->execute('SELECT `users`.`id_number`, `users`.`full_name`, `users`.`course`, `users`.`year_level_id`, `users`.`profile_pic`, `attendance`.`time_in`, `attendance`.`time_out`
FROM `users`
LEFT JOIN `attendance` ON `attendance`.`student_id` = `users`.`id_number` AND `attendance`.`event_id` = 1
WHERE `users`.`id_number` = \'23-a-01234\'')
 3 SYSTEMPATH\Database\BaseConnection.php(646): CodeIgniter\Database\BaseConnection->simpleQuery('SELECT `users`.`id_number`, `users`.`full_name`, `users`.`course`, `users`.`year_level_id`, `users`.`profile_pic`, `attendance`.`time_in`, `attendance`.`time_out`
FROM `users`
LEFT JOIN `attendance` ON `attendance`.`student_id` = `users`.`id_number` AND `attendance`.`event_id` = 1
WHERE `users`.`id_number` = \'23-a-01234\'')
 4 SYSTEMPATH\Database\BaseBuilder.php(1649): CodeIgniter\Database\BaseConnection->query('SELECT `users`.`id_number`, `users`.`full_name`, `users`.`course`, `users`.`year_level_id`, `users`.`profile_pic`, `attendance`.`time_in`, `attendance`.`time_out`
FROM `users`
LEFT JOIN `attendance` ON `attendance`.`student_id` = `users`.`id_number` AND `attendance`.`event_id` = 1
WHERE `users`.`id_number` = :users.id_number:', [...], false)
 5 APPPATH\Controllers\Admin.php(38): CodeIgniter\Database\BaseBuilder->get()
 6 SYSTEMPATH\CodeIgniter.php(933): App\Controllers\Admin->index()
 7 SYSTEMPATH\CodeIgniter.php(507): CodeIgniter\CodeIgniter->runController(Object(App\Controllers\Admin))
 8 SYSTEMPATH\CodeIgniter.php(354): CodeIgniter\CodeIgniter->handleRequest(null, Object(Config\Cache), false)
 9 SYSTEMPATH\Boot.php(363): CodeIgniter\CodeIgniter->run()
10 SYSTEMPATH\Boot.php(68): CodeIgniter\Boot::runCodeIgniter(Object(CodeIgniter\CodeIgniter))
11 FCPATH\index.php(59): CodeIgniter\Boot::bootWeb(Object(Config\Paths))
ERROR - 2026-03-08 04:39:24 --> mysqli_sql_exception: Unknown column 'attendance.time_out' in 'field list' in C:\xampp\htdocs\system\system\Database\MySQLi\Connection.php:327
Stack trace:
#0 C:\xampp\htdocs\system\system\Database\MySQLi\Connection.php(327): mysqli->query('SELECT `users`....', 0)
#1 C:\xampp\htdocs\system\system\Database\BaseConnection.php(729): CodeIgniter\Database\MySQLi\Connection->execute('SELECT `users`....')
#2 C:\xampp\htdocs\system\system\Database\BaseConnection.php(646): CodeIgniter\Database\BaseConnection->simpleQuery('SELECT `users`....')
#3 C:\xampp\htdocs\system\system\Database\BaseBuilder.php(1649): CodeIgniter\Database\BaseConnection->query('SELECT `users`....', Array, false)
#4 C:\xampp\htdocs\system\app\Controllers\Admin.php(38): CodeIgniter\Database\BaseBuilder->get()
#5 C:\xampp\htdocs\system\system\CodeIgniter.php(933): App\Controllers\Admin->index()
#6 C:\xampp\htdocs\system\system\CodeIgniter.php(507): CodeIgniter\CodeIgniter->runController(Object(App\Controllers\Admin))
#7 C:\xampp\htdocs\system\system\CodeIgniter.php(354): CodeIgniter\CodeIgniter->handleRequest(NULL, Object(Config\Cache), false)
#8 C:\xampp\htdocs\system\system\Boot.php(363): CodeIgniter\CodeIgniter->run()
#9 C:\xampp\htdocs\system\system\Boot.php(68): CodeIgniter\Boot::runCodeIgniter(Object(CodeIgniter\CodeIgniter))
#10 C:\xampp\htdocs\system\public\index.php(59): CodeIgniter\Boot::bootWeb(Object(Config\Paths))
#11 {main}
CRITICAL - 2026-03-08 04:39:24 --> CodeIgniter\Database\Exceptions\DatabaseException: Unknown column 'attendance.time_out' in 'field list'
[Method: GET, Route: admin]
in SYSTEMPATH\Database\BaseConnection.php on line 684.
 1 SYSTEMPATH\Database\BaseBuilder.php(1649): CodeIgniter\Database\BaseConnection->query('SELECT `users`.`id_number`, `users`.`full_name`, `users`.`course`, `users`.`year_level_id`, `users`.`profile_pic`, `attendance`.`time_in`, `attendance`.`time_out`
FROM `users`
LEFT JOIN `attendance` ON `attendance`.`student_id` = `users`.`id_number` AND `attendance`.`event_id` = 1
WHERE `users`.`id_number` = :users.id_number:', [...], false)
 2 APPPATH\Controllers\Admin.php(38): CodeIgniter\Database\BaseBuilder->get()
 3 SYSTEMPATH\CodeIgniter.php(933): App\Controllers\Admin->index()
 4 SYSTEMPATH\CodeIgniter.php(507): CodeIgniter\CodeIgniter->runController(Object(App\Controllers\Admin))
 5 SYSTEMPATH\CodeIgniter.php(354): CodeIgniter\CodeIgniter->handleRequest(null, Object(Config\Cache), false)
 6 SYSTEMPATH\Boot.php(363): CodeIgniter\CodeIgniter->run()
 7 SYSTEMPATH\Boot.php(68): CodeIgniter\Boot::runCodeIgniter(Object(CodeIgniter\CodeIgniter))
 8 FCPATH\index.php(59): CodeIgniter\Boot::bootWeb(Object(Config\Paths))
CRITICAL - 2026-03-08 04:39:24 --> [Caused by] CodeIgniter\Database\Exceptions\DatabaseException: Unknown column 'attendance.time_out' in 'field list'
in SYSTEMPATH\Database\MySQLi\Connection.php on line 332.
 1 SYSTEMPATH\Database\BaseConnection.php(729): CodeIgniter\Database\MySQLi\Connection->execute('SELECT `users`.`id_number`, `users`.`full_name`, `users`.`course`, `users`.`year_level_id`, `users`.`profile_pic`, `attendance`.`time_in`, `attendance`.`time_out`
FROM `users`
LEFT JOIN `attendance` ON `attendance`.`student_id` = `users`.`id_number` AND `attendance`.`event_id` = 1
WHERE `users`.`id_number` = \'23-a-01234\'')
 2 SYSTEMPATH\Database\BaseConnection.php(646): CodeIgniter\Database\BaseConnection->simpleQuery('SELECT `users`.`id_number`, `users`.`full_name`, `users`.`course`, `users`.`year_level_id`, `users`.`profile_pic`, `attendance`.`time_in`, `attendance`.`time_out`
FROM `users`
LEFT JOIN `attendance` ON `attendance`.`student_id` = `users`.`id_number` AND `attendance`.`event_id` = 1
WHERE `users`.`id_number` = \'23-a-01234\'')
 3 SYSTEMPATH\Database\BaseBuilder.php(1649): CodeIgniter\Database\BaseConnection->query('SELECT `users`.`id_number`, `users`.`full_name`, `users`.`course`, `users`.`year_level_id`, `users`.`profile_pic`, `attendance`.`time_in`, `attendance`.`time_out`
FROM `users`
LEFT JOIN `attendance` ON `attendance`.`student_id` = `users`.`id_number` AND `attendance`.`event_id` = 1
WHERE `users`.`id_number` = :users.id_number:', [...], false)
 4 APPPATH\Controllers\Admin.php(38): CodeIgniter\Database\BaseBuilder->get()
 5 SYSTEMPATH\CodeIgniter.php(933): App\Controllers\Admin->index()
 6 SYSTEMPATH\CodeIgniter.php(507): CodeIgniter\CodeIgniter->runController(Object(App\Controllers\Admin))
 7 SYSTEMPATH\CodeIgniter.php(354): CodeIgniter\CodeIgniter->handleRequest(null, Object(Config\Cache), false)
 8 SYSTEMPATH\Boot.php(363): CodeIgniter\CodeIgniter->run()
 9 SYSTEMPATH\Boot.php(68): CodeIgniter\Boot::runCodeIgniter(Object(CodeIgniter\CodeIgniter))
10 FCPATH\index.php(59): CodeIgniter\Boot::bootWeb(Object(Config\Paths))
CRITICAL - 2026-03-08 04:39:24 --> [Caused by] mysqli_sql_exception: Unknown column 'attendance.time_out' in 'field list'
in SYSTEMPATH\Database\MySQLi\Connection.php on line 327.
 1 SYSTEMPATH\Database\MySQLi\Connection.php(327): mysqli->query('SELECT `users`.`id_number`, `users`.`full_name`, `users`.`course`, `users`.`year_level_id`, `users`.`profile_pic`, `attendance`.`time_in`, `attendance`.`time_out`
FROM `users`
LEFT JOIN `attendance` ON `attendance`.`student_id` = `users`.`id_number` AND `attendance`.`event_id` = 1
WHERE `users`.`id_number` = \'23-a-01234\'', 0)
 2 SYSTEMPATH\Database\BaseConnection.php(729): CodeIgniter\Database\MySQLi\Connection->execute('SELECT `users`.`id_number`, `users`.`full_name`, `users`.`course`, `users`.`year_level_id`, `users`.`profile_pic`, `attendance`.`time_in`, `attendance`.`time_out`
FROM `users`
LEFT JOIN `attendance` ON `attendance`.`student_id` = `users`.`id_number` AND `attendance`.`event_id` = 1
WHERE `users`.`id_number` = \'23-a-01234\'')
 3 SYSTEMPATH\Database\BaseConnection.php(646): CodeIgniter\Database\BaseConnection->simpleQuery('SELECT `users`.`id_number`, `users`.`full_name`, `users`.`course`, `users`.`year_level_id`, `users`.`profile_pic`, `attendance`.`time_in`, `attendance`.`time_out`
FROM `users`
LEFT JOIN `attendance` ON `attendance`.`student_id` = `users`.`id_number` AND `attendance`.`event_id` = 1
WHERE `users`.`id_number` = \'23-a-01234\'')
 4 SYSTEMPATH\Database\BaseBuilder.php(1649): CodeIgniter\Database\BaseConnection->query('SELECT `users`.`id_number`, `users`.`full_name`, `users`.`course`, `users`.`year_level_id`, `users`.`profile_pic`, `attendance`.`time_in`, `attendance`.`time_out`
FROM `users`
LEFT JOIN `attendance` ON `attendance`.`student_id` = `users`.`id_number` AND `attendance`.`event_id` = 1
WHERE `users`.`id_number` = :users.id_number:', [...], false)
 5 APPPATH\Controllers\Admin.php(38): CodeIgniter\Database\BaseBuilder->get()
 6 SYSTEMPATH\CodeIgniter.php(933): App\Controllers\Admin->index()
 7 SYSTEMPATH\CodeIgniter.php(507): CodeIgniter\CodeIgniter->runController(Object(App\Controllers\Admin))
 8 SYSTEMPATH\CodeIgniter.php(354): CodeIgniter\CodeIgniter->handleRequest(null, Object(Config\Cache), false)
 9 SYSTEMPATH\Boot.php(363): CodeIgniter\CodeIgniter->run()
10 SYSTEMPATH\Boot.php(68): CodeIgniter\Boot::runCodeIgniter(Object(CodeIgniter\CodeIgniter))
11 FCPATH\index.php(59): CodeIgniter\Boot::bootWeb(Object(Config\Paths))
ERROR - 2026-03-08 04:41:36 --> mysqli_sql_exception: Unknown column 'attendance.time_out' in 'field list' in C:\xampp\htdocs\system\system\Database\MySQLi\Connection.php:327
Stack trace:
#0 C:\xampp\htdocs\system\system\Database\MySQLi\Connection.php(327): mysqli->query('SELECT `users`....', 0)
#1 C:\xampp\htdocs\system\system\Database\BaseConnection.php(729): CodeIgniter\Database\MySQLi\Connection->execute('SELECT `users`....')
#2 C:\xampp\htdocs\system\system\Database\BaseConnection.php(646): CodeIgniter\Database\BaseConnection->simpleQuery('SELECT `users`....')
#3 C:\xampp\htdocs\system\system\Database\BaseBuilder.php(1649): CodeIgniter\Database\BaseConnection->query('SELECT `users`....', Array, false)
#4 C:\xampp\htdocs\system\app\Controllers\Admin.php(38): CodeIgniter\Database\BaseBuilder->get()
#5 C:\xampp\htdocs\system\system\CodeIgniter.php(933): App\Controllers\Admin->index()
#6 C:\xampp\htdocs\system\system\CodeIgniter.php(507): CodeIgniter\CodeIgniter->runController(Object(App\Controllers\Admin))
#7 C:\xampp\htdocs\system\system\CodeIgniter.php(354): CodeIgniter\CodeIgniter->handleRequest(NULL, Object(Config\Cache), false)
#8 C:\xampp\htdocs\system\system\Boot.php(363): CodeIgniter\CodeIgniter->run()
#9 C:\xampp\htdocs\system\system\Boot.php(68): CodeIgniter\Boot::runCodeIgniter(Object(CodeIgniter\CodeIgniter))
#10 C:\xampp\htdocs\system\public\index.php(59): CodeIgniter\Boot::bootWeb(Object(Config\Paths))
#11 {main}
CRITICAL - 2026-03-08 04:41:36 --> CodeIgniter\Database\Exceptions\DatabaseException: Unknown column 'attendance.time_out' in 'field list'
[Method: GET, Route: admin]
in SYSTEMPATH\Database\BaseConnection.php on line 684.
 1 SYSTEMPATH\Database\BaseBuilder.php(1649): CodeIgniter\Database\BaseConnection->query('SELECT `users`.`id_number`, `users`.`full_name`, `users`.`course`, `users`.`year_level_id`, `users`.`profile_pic`, `attendance`.`time_in`, `attendance`.`time_out`
FROM `users`
LEFT JOIN `attendance` ON `attendance`.`student_id` = `users`.`id_number` AND `attendance`.`event_id` = 1
WHERE `users`.`id_number` = :users.id_number:', [...], false)
 2 APPPATH\Controllers\Admin.php(38): CodeIgniter\Database\BaseBuilder->get()
 3 SYSTEMPATH\CodeIgniter.php(933): App\Controllers\Admin->index()
 4 SYSTEMPATH\CodeIgniter.php(507): CodeIgniter\CodeIgniter->runController(Object(App\Controllers\Admin))
 5 SYSTEMPATH\CodeIgniter.php(354): CodeIgniter\CodeIgniter->handleRequest(null, Object(Config\Cache), false)
 6 SYSTEMPATH\Boot.php(363): CodeIgniter\CodeIgniter->run()
 7 SYSTEMPATH\Boot.php(68): CodeIgniter\Boot::runCodeIgniter(Object(CodeIgniter\CodeIgniter))
 8 FCPATH\index.php(59): CodeIgniter\Boot::bootWeb(Object(Config\Paths))
CRITICAL - 2026-03-08 04:41:36 --> [Caused by] CodeIgniter\Database\Exceptions\DatabaseException: Unknown column 'attendance.time_out' in 'field list'
in SYSTEMPATH\Database\MySQLi\Connection.php on line 332.
 1 SYSTEMPATH\Database\BaseConnection.php(729): CodeIgniter\Database\MySQLi\Connection->execute('SELECT `users`.`id_number`, `users`.`full_name`, `users`.`course`, `users`.`year_level_id`, `users`.`profile_pic`, `attendance`.`time_in`, `attendance`.`time_out`
FROM `users`
LEFT JOIN `attendance` ON `attendance`.`student_id` = `users`.`id_number` AND `attendance`.`event_id` = 1
WHERE `users`.`id_number` = \'23-a-01234\'')
 2 SYSTEMPATH\Database\BaseConnection.php(646): CodeIgniter\Database\BaseConnection->simpleQuery('SELECT `users`.`id_number`, `users`.`full_name`, `users`.`course`, `users`.`year_level_id`, `users`.`profile_pic`, `attendance`.`time_in`, `attendance`.`time_out`
FROM `users`
LEFT JOIN `attendance` ON `attendance`.`student_id` = `users`.`id_number` AND `attendance`.`event_id` = 1
WHERE `users`.`id_number` = \'23-a-01234\'')
 3 SYSTEMPATH\Database\BaseBuilder.php(1649): CodeIgniter\Database\BaseConnection->query('SELECT `users`.`id_number`, `users`.`full_name`, `users`.`course`, `users`.`year_level_id`, `users`.`profile_pic`, `attendance`.`time_in`, `attendance`.`time_out`
FROM `users`
LEFT JOIN `attendance` ON `attendance`.`student_id` = `users`.`id_number` AND `attendance`.`event_id` = 1
WHERE `users`.`id_number` = :users.id_number:', [...], false)
 4 APPPATH\Controllers\Admin.php(38): CodeIgniter\Database\BaseBuilder->get()
 5 SYSTEMPATH\CodeIgniter.php(933): App\Controllers\Admin->index()
 6 SYSTEMPATH\CodeIgniter.php(507): CodeIgniter\CodeIgniter->runController(Object(App\Controllers\Admin))
 7 SYSTEMPATH\CodeIgniter.php(354): CodeIgniter\CodeIgniter->handleRequest(null, Object(Config\Cache), false)
 8 SYSTEMPATH\Boot.php(363): CodeIgniter\CodeIgniter->run()
 9 SYSTEMPATH\Boot.php(68): CodeIgniter\Boot::runCodeIgniter(Object(CodeIgniter\CodeIgniter))
10 FCPATH\index.php(59): CodeIgniter\Boot::bootWeb(Object(Config\Paths))
CRITICAL - 2026-03-08 04:41:36 --> [Caused by] mysqli_sql_exception: Unknown column 'attendance.time_out' in 'field list'
in SYSTEMPATH\Database\MySQLi\Connection.php on line 327.
 1 SYSTEMPATH\Database\MySQLi\Connection.php(327): mysqli->query('SELECT `users`.`id_number`, `users`.`full_name`, `users`.`course`, `users`.`year_level_id`, `users`.`profile_pic`, `attendance`.`time_in`, `attendance`.`time_out`
FROM `users`
LEFT JOIN `attendance` ON `attendance`.`student_id` = `users`.`id_number` AND `attendance`.`event_id` = 1
WHERE `users`.`id_number` = \'23-a-01234\'', 0)
 2 SYSTEMPATH\Database\BaseConnection.php(729): CodeIgniter\Database\MySQLi\Connection->execute('SELECT `users`.`id_number`, `users`.`full_name`, `users`.`course`, `users`.`year_level_id`, `users`.`profile_pic`, `attendance`.`time_in`, `attendance`.`time_out`
FROM `users`
LEFT JOIN `attendance` ON `attendance`.`student_id` = `users`.`id_number` AND `attendance`.`event_id` = 1
WHERE `users`.`id_number` = \'23-a-01234\'')
 3 SYSTEMPATH\Database\BaseConnection.php(646): CodeIgniter\Database\BaseConnection->simpleQuery('SELECT `users`.`id_number`, `users`.`full_name`, `users`.`course`, `users`.`year_level_id`, `users`.`profile_pic`, `attendance`.`time_in`, `attendance`.`time_out`
FROM `users`
LEFT JOIN `attendance` ON `attendance`.`student_id` = `users`.`id_number` AND `attendance`.`event_id` = 1
WHERE `users`.`id_number` = \'23-a-01234\'')
 4 SYSTEMPATH\Database\BaseBuilder.php(1649): CodeIgniter\Database\BaseConnection->query('SELECT `users`.`id_number`, `users`.`full_name`, `users`.`course`, `users`.`year_level_id`, `users`.`profile_pic`, `attendance`.`time_in`, `attendance`.`time_out`
FROM `users`
LEFT JOIN `attendance` ON `attendance`.`student_id` = `users`.`id_number` AND `attendance`.`event_id` = 1
WHERE `users`.`id_number` = :users.id_number:', [...], false)
 5 APPPATH\Controllers\Admin.php(38): CodeIgniter\Database\BaseBuilder->get()
 6 SYSTEMPATH\CodeIgniter.php(933): App\Controllers\Admin->index()
 7 SYSTEMPATH\CodeIgniter.php(507): CodeIgniter\CodeIgniter->runController(Object(App\Controllers\Admin))
 8 SYSTEMPATH\CodeIgniter.php(354): CodeIgniter\CodeIgniter->handleRequest(null, Object(Config\Cache), false)
 9 SYSTEMPATH\Boot.php(363): CodeIgniter\CodeIgniter->run()
10 SYSTEMPATH\Boot.php(68): CodeIgniter\Boot::runCodeIgniter(Object(CodeIgniter\CodeIgniter))
11 FCPATH\index.php(59): CodeIgniter\Boot::bootWeb(Object(Config\Paths))
ERROR - 2026-03-08 04:41:37 --> mysqli_sql_exception: Unknown column 'attendance.time_out' in 'field list' in C:\xampp\htdocs\system\system\Database\MySQLi\Connection.php:327
Stack trace:
#0 C:\xampp\htdocs\system\system\Database\MySQLi\Connection.php(327): mysqli->query('SELECT `users`....', 0)
#1 C:\xampp\htdocs\system\system\Database\BaseConnection.php(729): CodeIgniter\Database\MySQLi\Connection->execute('SELECT `users`....')
#2 C:\xampp\htdocs\system\system\Database\BaseConnection.php(646): CodeIgniter\Database\BaseConnection->simpleQuery('SELECT `users`....')
#3 C:\xampp\htdocs\system\system\Database\BaseBuilder.php(1649): CodeIgniter\Database\BaseConnection->query('SELECT `users`....', Array, false)
#4 C:\xampp\htdocs\system\app\Controllers\Admin.php(38): CodeIgniter\Database\BaseBuilder->get()
#5 C:\xampp\htdocs\system\system\CodeIgniter.php(933): App\Controllers\Admin->index()
#6 C:\xampp\htdocs\system\system\CodeIgniter.php(507): CodeIgniter\CodeIgniter->runController(Object(App\Controllers\Admin))
#7 C:\xampp\htdocs\system\system\CodeIgniter.php(354): CodeIgniter\CodeIgniter->handleRequest(NULL, Object(Config\Cache), false)
#8 C:\xampp\htdocs\system\system\Boot.php(363): CodeIgniter\CodeIgniter->run()
#9 C:\xampp\htdocs\system\system\Boot.php(68): CodeIgniter\Boot::runCodeIgniter(Object(CodeIgniter\CodeIgniter))
#10 C:\xampp\htdocs\system\public\index.php(59): CodeIgniter\Boot::bootWeb(Object(Config\Paths))
#11 {main}
CRITICAL - 2026-03-08 04:41:37 --> CodeIgniter\Database\Exceptions\DatabaseException: Unknown column 'attendance.time_out' in 'field list'
[Method: GET, Route: admin]
in SYSTEMPATH\Database\BaseConnection.php on line 684.
 1 SYSTEMPATH\Database\BaseBuilder.php(1649): CodeIgniter\Database\BaseConnection->query('SELECT `users`.`id_number`, `users`.`full_name`, `users`.`course`, `users`.`year_level_id`, `users`.`profile_pic`, `attendance`.`time_in`, `attendance`.`time_out`
FROM `users`
LEFT JOIN `attendance` ON `attendance`.`student_id` = `users`.`id_number` AND `attendance`.`event_id` = 1
WHERE `users`.`id_number` = :users.id_number:', [...], false)
 2 APPPATH\Controllers\Admin.php(38): CodeIgniter\Database\BaseBuilder->get()
 3 SYSTEMPATH\CodeIgniter.php(933): App\Controllers\Admin->index()
 4 SYSTEMPATH\CodeIgniter.php(507): CodeIgniter\CodeIgniter->runController(Object(App\Controllers\Admin))
 5 SYSTEMPATH\CodeIgniter.php(354): CodeIgniter\CodeIgniter->handleRequest(null, Object(Config\Cache), false)
 6 SYSTEMPATH\Boot.php(363): CodeIgniter\CodeIgniter->run()
 7 SYSTEMPATH\Boot.php(68): CodeIgniter\Boot::runCodeIgniter(Object(CodeIgniter\CodeIgniter))
 8 FCPATH\index.php(59): CodeIgniter\Boot::bootWeb(Object(Config\Paths))
CRITICAL - 2026-03-08 04:41:37 --> [Caused by] CodeIgniter\Database\Exceptions\DatabaseException: Unknown column 'attendance.time_out' in 'field list'
in SYSTEMPATH\Database\MySQLi\Connection.php on line 332.
 1 SYSTEMPATH\Database\BaseConnection.php(729): CodeIgniter\Database\MySQLi\Connection->execute('SELECT `users`.`id_number`, `users`.`full_name`, `users`.`course`, `users`.`year_level_id`, `users`.`profile_pic`, `attendance`.`time_in`, `attendance`.`time_out`
FROM `users`
LEFT JOIN `attendance` ON `attendance`.`student_id` = `users`.`id_number` AND `attendance`.`event_id` = 1
WHERE `users`.`id_number` = \'23-a-01234\'')
 2 SYSTEMPATH\Database\BaseConnection.php(646): CodeIgniter\Database\BaseConnection->simpleQuery('SELECT `users`.`id_number`, `users`.`full_name`, `users`.`course`, `users`.`year_level_id`, `users`.`profile_pic`, `attendance`.`time_in`, `attendance`.`time_out`
FROM `users`
LEFT JOIN `attendance` ON `attendance`.`student_id` = `users`.`id_number` AND `attendance`.`event_id` = 1
WHERE `users`.`id_number` = \'23-a-01234\'')
 3 SYSTEMPATH\Database\BaseBuilder.php(1649): CodeIgniter\Database\BaseConnection->query('SELECT `users`.`id_number`, `users`.`full_name`, `users`.`course`, `users`.`year_level_id`, `users`.`profile_pic`, `attendance`.`time_in`, `attendance`.`time_out`
FROM `users`
LEFT JOIN `attendance` ON `attendance`.`student_id` = `users`.`id_number` AND `attendance`.`event_id` = 1
WHERE `users`.`id_number` = :users.id_number:', [...], false)
 4 APPPATH\Controllers\Admin.php(38): CodeIgniter\Database\BaseBuilder->get()
 5 SYSTEMPATH\CodeIgniter.php(933): App\Controllers\Admin->index()
 6 SYSTEMPATH\CodeIgniter.php(507): CodeIgniter\CodeIgniter->runController(Object(App\Controllers\Admin))
 7 SYSTEMPATH\CodeIgniter.php(354): CodeIgniter\CodeIgniter->handleRequest(null, Object(Config\Cache), false)
 8 SYSTEMPATH\Boot.php(363): CodeIgniter\CodeIgniter->run()
 9 SYSTEMPATH\Boot.php(68): CodeIgniter\Boot::runCodeIgniter(Object(CodeIgniter\CodeIgniter))
10 FCPATH\index.php(59): CodeIgniter\Boot::bootWeb(Object(Config\Paths))
CRITICAL - 2026-03-08 04:41:37 --> [Caused by] mysqli_sql_exception: Unknown column 'attendance.time_out' in 'field list'
in SYSTEMPATH\Database\MySQLi\Connection.php on line 327.
 1 SYSTEMPATH\Database\MySQLi\Connection.php(327): mysqli->query('SELECT `users`.`id_number`, `users`.`full_name`, `users`.`course`, `users`.`year_level_id`, `users`.`profile_pic`, `attendance`.`time_in`, `attendance`.`time_out`
FROM `users`
LEFT JOIN `attendance` ON `attendance`.`student_id` = `users`.`id_number` AND `attendance`.`event_id` = 1
WHERE `users`.`id_number` = \'23-a-01234\'', 0)
 2 SYSTEMPATH\Database\BaseConnection.php(729): CodeIgniter\Database\MySQLi\Connection->execute('SELECT `users`.`id_number`, `users`.`full_name`, `users`.`course`, `users`.`year_level_id`, `users`.`profile_pic`, `attendance`.`time_in`, `attendance`.`time_out`
FROM `users`
LEFT JOIN `attendance` ON `attendance`.`student_id` = `users`.`id_number` AND `attendance`.`event_id` = 1
WHERE `users`.`id_number` = \'23-a-01234\'')
 3 SYSTEMPATH\Database\BaseConnection.php(646): CodeIgniter\Database\BaseConnection->simpleQuery('SELECT `users`.`id_number`, `users`.`full_name`, `users`.`course`, `users`.`year_level_id`, `users`.`profile_pic`, `attendance`.`time_in`, `attendance`.`time_out`
FROM `users`
LEFT JOIN `attendance` ON `attendance`.`student_id` = `users`.`id_number` AND `attendance`.`event_id` = 1
WHERE `users`.`id_number` = \'23-a-01234\'')
 4 SYSTEMPATH\Database\BaseBuilder.php(1649): CodeIgniter\Database\BaseConnection->query('SELECT `users`.`id_number`, `users`.`full_name`, `users`.`course`, `users`.`year_level_id`, `users`.`profile_pic`, `attendance`.`time_in`, `attendance`.`time_out`
FROM `users`
LEFT JOIN `attendance` ON `attendance`.`student_id` = `users`.`id_number` AND `attendance`.`event_id` = 1
WHERE `users`.`id_number` = :users.id_number:', [...], false)
 5 APPPATH\Controllers\Admin.php(38): CodeIgniter\Database\BaseBuilder->get()
 6 SYSTEMPATH\CodeIgniter.php(933): App\Controllers\Admin->index()
 7 SYSTEMPATH\CodeIgniter.php(507): CodeIgniter\CodeIgniter->runController(Object(App\Controllers\Admin))
 8 SYSTEMPATH\CodeIgniter.php(354): CodeIgniter\CodeIgniter->handleRequest(null, Object(Config\Cache), false)
 9 SYSTEMPATH\Boot.php(363): CodeIgniter\CodeIgniter->run()
10 SYSTEMPATH\Boot.php(68): CodeIgniter\Boot::runCodeIgniter(Object(CodeIgniter\CodeIgniter))
11 FCPATH\index.php(59): CodeIgniter\Boot::bootWeb(Object(Config\Paths))
ERROR - 2026-03-08 04:41:37 --> mysqli_sql_exception: Unknown column 'attendance.time_out' in 'field list' in C:\xampp\htdocs\system\system\Database\MySQLi\Connection.php:327
Stack trace:
#0 C:\xampp\htdocs\system\system\Database\MySQLi\Connection.php(327): mysqli->query('SELECT `users`....', 0)
#1 C:\xampp\htdocs\system\system\Database\BaseConnection.php(729): CodeIgniter\Database\MySQLi\Connection->execute('SELECT `users`....')
#2 C:\xampp\htdocs\system\system\Database\BaseConnection.php(646): CodeIgniter\Database\BaseConnection->simpleQuery('SELECT `users`....')
#3 C:\xampp\htdocs\system\system\Database\BaseBuilder.php(1649): CodeIgniter\Database\BaseConnection->query('SELECT `users`....', Array, false)
#4 C:\xampp\htdocs\system\app\Controllers\Admin.php(38): CodeIgniter\Database\BaseBuilder->get()
#5 C:\xampp\htdocs\system\system\CodeIgniter.php(933): App\Controllers\Admin->index()
#6 C:\xampp\htdocs\system\system\CodeIgniter.php(507): CodeIgniter\CodeIgniter->runController(Object(App\Controllers\Admin))
#7 C:\xampp\htdocs\system\system\CodeIgniter.php(354): CodeIgniter\CodeIgniter->handleRequest(NULL, Object(Config\Cache), false)
#8 C:\xampp\htdocs\system\system\Boot.php(363): CodeIgniter\CodeIgniter->run()
#9 C:\xampp\htdocs\system\system\Boot.php(68): CodeIgniter\Boot::runCodeIgniter(Object(CodeIgniter\CodeIgniter))
#10 C:\xampp\htdocs\system\public\index.php(59): CodeIgniter\Boot::bootWeb(Object(Config\Paths))
#11 {main}
CRITICAL - 2026-03-08 04:41:37 --> CodeIgniter\Database\Exceptions\DatabaseException: Unknown column 'attendance.time_out' in 'field list'
[Method: GET, Route: admin]
in SYSTEMPATH\Database\BaseConnection.php on line 684.
 1 SYSTEMPATH\Database\BaseBuilder.php(1649): CodeIgniter\Database\BaseConnection->query('SELECT `users`.`id_number`, `users`.`full_name`, `users`.`course`, `users`.`year_level_id`, `users`.`profile_pic`, `attendance`.`time_in`, `attendance`.`time_out`
FROM `users`
LEFT JOIN `attendance` ON `attendance`.`student_id` = `users`.`id_number` AND `attendance`.`event_id` = 1
WHERE `users`.`id_number` = :users.id_number:', [...], false)
 2 APPPATH\Controllers\Admin.php(38): CodeIgniter\Database\BaseBuilder->get()
 3 SYSTEMPATH\CodeIgniter.php(933): App\Controllers\Admin->index()
 4 SYSTEMPATH\CodeIgniter.php(507): CodeIgniter\CodeIgniter->runController(Object(App\Controllers\Admin))
 5 SYSTEMPATH\CodeIgniter.php(354): CodeIgniter\CodeIgniter->handleRequest(null, Object(Config\Cache), false)
 6 SYSTEMPATH\Boot.php(363): CodeIgniter\CodeIgniter->run()
 7 SYSTEMPATH\Boot.php(68): CodeIgniter\Boot::runCodeIgniter(Object(CodeIgniter\CodeIgniter))
 8 FCPATH\index.php(59): CodeIgniter\Boot::bootWeb(Object(Config\Paths))
CRITICAL - 2026-03-08 04:41:37 --> [Caused by] CodeIgniter\Database\Exceptions\DatabaseException: Unknown column 'attendance.time_out' in 'field list'
in SYSTEMPATH\Database\MySQLi\Connection.php on line 332.
 1 SYSTEMPATH\Database\BaseConnection.php(729): CodeIgniter\Database\MySQLi\Connection->execute('SELECT `users`.`id_number`, `users`.`full_name`, `users`.`course`, `users`.`year_level_id`, `users`.`profile_pic`, `attendance`.`time_in`, `attendance`.`time_out`
FROM `users`
LEFT JOIN `attendance` ON `attendance`.`student_id` = `users`.`id_number` AND `attendance`.`event_id` = 1
WHERE `users`.`id_number` = \'23-a-01234\'')
 2 SYSTEMPATH\Database\BaseConnection.php(646): CodeIgniter\Database\BaseConnection->simpleQuery('SELECT `users`.`id_number`, `users`.`full_name`, `users`.`course`, `users`.`year_level_id`, `users`.`profile_pic`, `attendance`.`time_in`, `attendance`.`time_out`
FROM `users`
LEFT JOIN `attendance` ON `attendance`.`student_id` = `users`.`id_number` AND `attendance`.`event_id` = 1
WHERE `users`.`id_number` = \'23-a-01234\'')
 3 SYSTEMPATH\Database\BaseBuilder.php(1649): CodeIgniter\Database\BaseConnection->query('SELECT `users`.`id_number`, `users`.`full_name`, `users`.`course`, `users`.`year_level_id`, `users`.`profile_pic`, `attendance`.`time_in`, `attendance`.`time_out`
FROM `users`
LEFT JOIN `attendance` ON `attendance`.`student_id` = `users`.`id_number` AND `attendance`.`event_id` = 1
WHERE `users`.`id_number` = :users.id_number:', [...], false)
 4 APPPATH\Controllers\Admin.php(38): CodeIgniter\Database\BaseBuilder->get()
 5 SYSTEMPATH\CodeIgniter.php(933): App\Controllers\Admin->index()
 6 SYSTEMPATH\CodeIgniter.php(507): CodeIgniter\CodeIgniter->runController(Object(App\Controllers\Admin))
 7 SYSTEMPATH\CodeIgniter.php(354): CodeIgniter\CodeIgniter->handleRequest(null, Object(Config\Cache), false)
 8 SYSTEMPATH\Boot.php(363): CodeIgniter\CodeIgniter->run()
 9 SYSTEMPATH\Boot.php(68): CodeIgniter\Boot::runCodeIgniter(Object(CodeIgniter\CodeIgniter))
10 FCPATH\index.php(59): CodeIgniter\Boot::bootWeb(Object(Config\Paths))
CRITICAL - 2026-03-08 04:41:37 --> [Caused by] mysqli_sql_exception: Unknown column 'attendance.time_out' in 'field list'
in SYSTEMPATH\Database\MySQLi\Connection.php on line 327.
 1 SYSTEMPATH\Database\MySQLi\Connection.php(327): mysqli->query('SELECT `users`.`id_number`, `users`.`full_name`, `users`.`course`, `users`.`year_level_id`, `users`.`profile_pic`, `attendance`.`time_in`, `attendance`.`time_out`
FROM `users`
LEFT JOIN `attendance` ON `attendance`.`student_id` = `users`.`id_number` AND `attendance`.`event_id` = 1
WHERE `users`.`id_number` = \'23-a-01234\'', 0)
 2 SYSTEMPATH\Database\BaseConnection.php(729): CodeIgniter\Database\MySQLi\Connection->execute('SELECT `users`.`id_number`, `users`.`full_name`, `users`.`course`, `users`.`year_level_id`, `users`.`profile_pic`, `attendance`.`time_in`, `attendance`.`time_out`
FROM `users`
LEFT JOIN `attendance` ON `attendance`.`student_id` = `users`.`id_number` AND `attendance`.`event_id` = 1
WHERE `users`.`id_number` = \'23-a-01234\'')
 3 SYSTEMPATH\Database\BaseConnection.php(646): CodeIgniter\Database\BaseConnection->simpleQuery('SELECT `users`.`id_number`, `users`.`full_name`, `users`.`course`, `users`.`year_level_id`, `users`.`profile_pic`, `attendance`.`time_in`, `attendance`.`time_out`
FROM `users`
LEFT JOIN `attendance` ON `attendance`.`student_id` = `users`.`id_number` AND `attendance`.`event_id` = 1
WHERE `users`.`id_number` = \'23-a-01234\'')
 4 SYSTEMPATH\Database\BaseBuilder.php(1649): CodeIgniter\Database\BaseConnection->query('SELECT `users`.`id_number`, `users`.`full_name`, `users`.`course`, `users`.`year_level_id`, `users`.`profile_pic`, `attendance`.`time_in`, `attendance`.`time_out`
FROM `users`
LEFT JOIN `attendance` ON `attendance`.`student_id` = `users`.`id_number` AND `attendance`.`event_id` = 1
WHERE `users`.`id_number` = :users.id_number:', [...], false)
 5 APPPATH\Controllers\Admin.php(38): CodeIgniter\Database\BaseBuilder->get()
 6 SYSTEMPATH\CodeIgniter.php(933): App\Controllers\Admin->index()
 7 SYSTEMPATH\CodeIgniter.php(507): CodeIgniter\CodeIgniter->runController(Object(App\Controllers\Admin))
 8 SYSTEMPATH\CodeIgniter.php(354): CodeIgniter\CodeIgniter->handleRequest(null, Object(Config\Cache), false)
 9 SYSTEMPATH\Boot.php(363): CodeIgniter\CodeIgniter->run()
10 SYSTEMPATH\Boot.php(68): CodeIgniter\Boot::runCodeIgniter(Object(CodeIgniter\CodeIgniter))
11 FCPATH\index.php(59): CodeIgniter\Boot::bootWeb(Object(Config\Paths))
ERROR - 2026-03-08 04:41:37 --> mysqli_sql_exception: Unknown column 'attendance.time_out' in 'field list' in C:\xampp\htdocs\system\system\Database\MySQLi\Connection.php:327
Stack trace:
#0 C:\xampp\htdocs\system\system\Database\MySQLi\Connection.php(327): mysqli->query('SELECT `users`....', 0)
#1 C:\xampp\htdocs\system\system\Database\BaseConnection.php(729): CodeIgniter\Database\MySQLi\Connection->execute('SELECT `users`....')
#2 C:\xampp\htdocs\system\system\Database\BaseConnection.php(646): CodeIgniter\Database\BaseConnection->simpleQuery('SELECT `users`....')
#3 C:\xampp\htdocs\system\system\Database\BaseBuilder.php(1649): CodeIgniter\Database\BaseConnection->query('SELECT `users`....', Array, false)
#4 C:\xampp\htdocs\system\app\Controllers\Admin.php(38): CodeIgniter\Database\BaseBuilder->get()
#5 C:\xampp\htdocs\system\system\CodeIgniter.php(933): App\Controllers\Admin->index()
#6 C:\xampp\htdocs\system\system\CodeIgniter.php(507): CodeIgniter\CodeIgniter->runController(Object(App\Controllers\Admin))
#7 C:\xampp\htdocs\system\system\CodeIgniter.php(354): CodeIgniter\CodeIgniter->handleRequest(NULL, Object(Config\Cache), false)
#8 C:\xampp\htdocs\system\system\Boot.php(363): CodeIgniter\CodeIgniter->run()
#9 C:\xampp\htdocs\system\system\Boot.php(68): CodeIgniter\Boot::runCodeIgniter(Object(CodeIgniter\CodeIgniter))
#10 C:\xampp\htdocs\system\public\index.php(59): CodeIgniter\Boot::bootWeb(Object(Config\Paths))
#11 {main}
CRITICAL - 2026-03-08 04:41:37 --> CodeIgniter\Database\Exceptions\DatabaseException: Unknown column 'attendance.time_out' in 'field list'
[Method: GET, Route: admin]
in SYSTEMPATH\Database\BaseConnection.php on line 684.
 1 SYSTEMPATH\Database\BaseBuilder.php(1649): CodeIgniter\Database\BaseConnection->query('SELECT `users`.`id_number`, `users`.`full_name`, `users`.`course`, `users`.`year_level_id`, `users`.`profile_pic`, `attendance`.`time_in`, `attendance`.`time_out`
FROM `users`
LEFT JOIN `attendance` ON `attendance`.`student_id` = `users`.`id_number` AND `attendance`.`event_id` = 1
WHERE `users`.`id_number` = :users.id_number:', [...], false)
 2 APPPATH\Controllers\Admin.php(38): CodeIgniter\Database\BaseBuilder->get()
 3 SYSTEMPATH\CodeIgniter.php(933): App\Controllers\Admin->index()
 4 SYSTEMPATH\CodeIgniter.php(507): CodeIgniter\CodeIgniter->runController(Object(App\Controllers\Admin))
 5 SYSTEMPATH\CodeIgniter.php(354): CodeIgniter\CodeIgniter->handleRequest(null, Object(Config\Cache), false)
 6 SYSTEMPATH\Boot.php(363): CodeIgniter\CodeIgniter->run()
 7 SYSTEMPATH\Boot.php(68): CodeIgniter\Boot::runCodeIgniter(Object(CodeIgniter\CodeIgniter))
 8 FCPATH\index.php(59): CodeIgniter\Boot::bootWeb(Object(Config\Paths))
CRITICAL - 2026-03-08 04:41:37 --> [Caused by] CodeIgniter\Database\Exceptions\DatabaseException: Unknown column 'attendance.time_out' in 'field list'
in SYSTEMPATH\Database\MySQLi\Connection.php on line 332.
 1 SYSTEMPATH\Database\BaseConnection.php(729): CodeIgniter\Database\MySQLi\Connection->execute('SELECT `users`.`id_number`, `users`.`full_name`, `users`.`course`, `users`.`year_level_id`, `users`.`profile_pic`, `attendance`.`time_in`, `attendance`.`time_out`
FROM `users`
LEFT JOIN `attendance` ON `attendance`.`student_id` = `users`.`id_number` AND `attendance`.`event_id` = 1
WHERE `users`.`id_number` = \'23-a-01234\'')
 2 SYSTEMPATH\Database\BaseConnection.php(646): CodeIgniter\Database\BaseConnection->simpleQuery('SELECT `users`.`id_number`, `users`.`full_name`, `users`.`course`, `users`.`year_level_id`, `users`.`profile_pic`, `attendance`.`time_in`, `attendance`.`time_out`
FROM `users`
LEFT JOIN `attendance` ON `attendance`.`student_id` = `users`.`id_number` AND `attendance`.`event_id` = 1
WHERE `users`.`id_number` = \'23-a-01234\'')
 3 SYSTEMPATH\Database\BaseBuilder.php(1649): CodeIgniter\Database\BaseConnection->query('SELECT `users`.`id_number`, `users`.`full_name`, `users`.`course`, `users`.`year_level_id`, `users`.`profile_pic`, `attendance`.`time_in`, `attendance`.`time_out`
FROM `users`
LEFT JOIN `attendance` ON `attendance`.`student_id` = `users`.`id_number` AND `attendance`.`event_id` = 1
WHERE `users`.`id_number` = :users.id_number:', [...], false)
 4 APPPATH\Controllers\Admin.php(38): CodeIgniter\Database\BaseBuilder->get()
 5 SYSTEMPATH\CodeIgniter.php(933): App\Controllers\Admin->index()
 6 SYSTEMPATH\CodeIgniter.php(507): CodeIgniter\CodeIgniter->runController(Object(App\Controllers\Admin))
 7 SYSTEMPATH\CodeIgniter.php(354): CodeIgniter\CodeIgniter->handleRequest(null, Object(Config\Cache), false)
 8 SYSTEMPATH\Boot.php(363): CodeIgniter\CodeIgniter->run()
 9 SYSTEMPATH\Boot.php(68): CodeIgniter\Boot::runCodeIgniter(Object(CodeIgniter\CodeIgniter))
10 FCPATH\index.php(59): CodeIgniter\Boot::bootWeb(Object(Config\Paths))
CRITICAL - 2026-03-08 04:41:37 --> [Caused by] mysqli_sql_exception: Unknown column 'attendance.time_out' in 'field list'
in SYSTEMPATH\Database\MySQLi\Connection.php on line 327.
 1 SYSTEMPATH\Database\MySQLi\Connection.php(327): mysqli->query('SELECT `users`.`id_number`, `users`.`full_name`, `users`.`course`, `users`.`year_level_id`, `users`.`profile_pic`, `attendance`.`time_in`, `attendance`.`time_out`
FROM `users`
LEFT JOIN `attendance` ON `attendance`.`student_id` = `users`.`id_number` AND `attendance`.`event_id` = 1
WHERE `users`.`id_number` = \'23-a-01234\'', 0)
 2 SYSTEMPATH\Database\BaseConnection.php(729): CodeIgniter\Database\MySQLi\Connection->execute('SELECT `users`.`id_number`, `users`.`full_name`, `users`.`course`, `users`.`year_level_id`, `users`.`profile_pic`, `attendance`.`time_in`, `attendance`.`time_out`
FROM `users`
LEFT JOIN `attendance` ON `attendance`.`student_id` = `users`.`id_number` AND `attendance`.`event_id` = 1
WHERE `users`.`id_number` = \'23-a-01234\'')
 3 SYSTEMPATH\Database\BaseConnection.php(646): CodeIgniter\Database\BaseConnection->simpleQuery('SELECT `users`.`id_number`, `users`.`full_name`, `users`.`course`, `users`.`year_level_id`, `users`.`profile_pic`, `attendance`.`time_in`, `attendance`.`time_out`
FROM `users`
LEFT JOIN `attendance` ON `attendance`.`student_id` = `users`.`id_number` AND `attendance`.`event_id` = 1
WHERE `users`.`id_number` = \'23-a-01234\'')
 4 SYSTEMPATH\Database\BaseBuilder.php(1649): CodeIgniter\Database\BaseConnection->query('SELECT `users`.`id_number`, `users`.`full_name`, `users`.`course`, `users`.`year_level_id`, `users`.`profile_pic`, `attendance`.`time_in`, `attendance`.`time_out`
FROM `users`
LEFT JOIN `attendance` ON `attendance`.`student_id` = `users`.`id_number` AND `attendance`.`event_id` = 1
WHERE `users`.`id_number` = :users.id_number:', [...], false)
 5 APPPATH\Controllers\Admin.php(38): CodeIgniter\Database\BaseBuilder->get()
 6 SYSTEMPATH\CodeIgniter.php(933): App\Controllers\Admin->index()
 7 SYSTEMPATH\CodeIgniter.php(507): CodeIgniter\CodeIgniter->runController(Object(App\Controllers\Admin))
 8 SYSTEMPATH\CodeIgniter.php(354): CodeIgniter\CodeIgniter->handleRequest(null, Object(Config\Cache), false)
 9 SYSTEMPATH\Boot.php(363): CodeIgniter\CodeIgniter->run()
10 SYSTEMPATH\Boot.php(68): CodeIgniter\Boot::runCodeIgniter(Object(CodeIgniter\CodeIgniter))
11 FCPATH\index.php(59): CodeIgniter\Boot::bootWeb(Object(Config\Paths))
ERROR - 2026-03-08 04:41:37 --> mysqli_sql_exception: Unknown column 'attendance.time_out' in 'field list' in C:\xampp\htdocs\system\system\Database\MySQLi\Connection.php:327
Stack trace:
#0 C:\xampp\htdocs\system\system\Database\MySQLi\Connection.php(327): mysqli->query('SELECT `users`....', 0)
#1 C:\xampp\htdocs\system\system\Database\BaseConnection.php(729): CodeIgniter\Database\MySQLi\Connection->execute('SELECT `users`....')
#2 C:\xampp\htdocs\system\system\Database\BaseConnection.php(646): CodeIgniter\Database\BaseConnection->simpleQuery('SELECT `users`....')
#3 C:\xampp\htdocs\system\system\Database\BaseBuilder.php(1649): CodeIgniter\Database\BaseConnection->query('SELECT `users`....', Array, false)
#4 C:\xampp\htdocs\system\app\Controllers\Admin.php(38): CodeIgniter\Database\BaseBuilder->get()
#5 C:\xampp\htdocs\system\system\CodeIgniter.php(933): App\Controllers\Admin->index()
#6 C:\xampp\htdocs\system\system\CodeIgniter.php(507): CodeIgniter\CodeIgniter->runController(Object(App\Controllers\Admin))
#7 C:\xampp\htdocs\system\system\CodeIgniter.php(354): CodeIgniter\CodeIgniter->handleRequest(NULL, Object(Config\Cache), false)
#8 C:\xampp\htdocs\system\system\Boot.php(363): CodeIgniter\CodeIgniter->run()
#9 C:\xampp\htdocs\system\system\Boot.php(68): CodeIgniter\Boot::runCodeIgniter(Object(CodeIgniter\CodeIgniter))
#10 C:\xampp\htdocs\system\public\index.php(59): CodeIgniter\Boot::bootWeb(Object(Config\Paths))
#11 {main}
CRITICAL - 2026-03-08 04:41:37 --> CodeIgniter\Database\Exceptions\DatabaseException: Unknown column 'attendance.time_out' in 'field list'
[Method: GET, Route: admin]
in SYSTEMPATH\Database\BaseConnection.php on line 684.
 1 SYSTEMPATH\Database\BaseBuilder.php(1649): CodeIgniter\Database\BaseConnection->query('SELECT `users`.`id_number`, `users`.`full_name`, `users`.`course`, `users`.`year_level_id`, `users`.`profile_pic`, `attendance`.`time_in`, `attendance`.`time_out`
FROM `users`
LEFT JOIN `attendance` ON `attendance`.`student_id` = `users`.`id_number` AND `attendance`.`event_id` = 1
WHERE `users`.`id_number` = :users.id_number:', [...], false)
 2 APPPATH\Controllers\Admin.php(38): CodeIgniter\Database\BaseBuilder->get()
 3 SYSTEMPATH\CodeIgniter.php(933): App\Controllers\Admin->index()
 4 SYSTEMPATH\CodeIgniter.php(507): CodeIgniter\CodeIgniter->runController(Object(App\Controllers\Admin))
 5 SYSTEMPATH\CodeIgniter.php(354): CodeIgniter\CodeIgniter->handleRequest(null, Object(Config\Cache), false)
 6 SYSTEMPATH\Boot.php(363): CodeIgniter\CodeIgniter->run()
 7 SYSTEMPATH\Boot.php(68): CodeIgniter\Boot::runCodeIgniter(Object(CodeIgniter\CodeIgniter))
 8 FCPATH\index.php(59): CodeIgniter\Boot::bootWeb(Object(Config\Paths))
CRITICAL - 2026-03-08 04:41:37 --> [Caused by] CodeIgniter\Database\Exceptions\DatabaseException: Unknown column 'attendance.time_out' in 'field list'
in SYSTEMPATH\Database\MySQLi\Connection.php on line 332.
 1 SYSTEMPATH\Database\BaseConnection.php(729): CodeIgniter\Database\MySQLi\Connection->execute('SELECT `users`.`id_number`, `users`.`full_name`, `users`.`course`, `users`.`year_level_id`, `users`.`profile_pic`, `attendance`.`time_in`, `attendance`.`time_out`
FROM `users`
LEFT JOIN `attendance` ON `attendance`.`student_id` = `users`.`id_number` AND `attendance`.`event_id` = 1
WHERE `users`.`id_number` = \'23-a-01234\'')
 2 SYSTEMPATH\Database\BaseConnection.php(646): CodeIgniter\Database\BaseConnection->simpleQuery('SELECT `users`.`id_number`, `users`.`full_name`, `users`.`course`, `users`.`year_level_id`, `users`.`profile_pic`, `attendance`.`time_in`, `attendance`.`time_out`
FROM `users`
LEFT JOIN `attendance` ON `attendance`.`student_id` = `users`.`id_number` AND `attendance`.`event_id` = 1
WHERE `users`.`id_number` = \'23-a-01234\'')
 3 SYSTEMPATH\Database\BaseBuilder.php(1649): CodeIgniter\Database\BaseConnection->query('SELECT `users`.`id_number`, `users`.`full_name`, `users`.`course`, `users`.`year_level_id`, `users`.`profile_pic`, `attendance`.`time_in`, `attendance`.`time_out`
FROM `users`
LEFT JOIN `attendance` ON `attendance`.`student_id` = `users`.`id_number` AND `attendance`.`event_id` = 1
WHERE `users`.`id_number` = :users.id_number:', [...], false)
 4 APPPATH\Controllers\Admin.php(38): CodeIgniter\Database\BaseBuilder->get()
 5 SYSTEMPATH\CodeIgniter.php(933): App\Controllers\Admin->index()
 6 SYSTEMPATH\CodeIgniter.php(507): CodeIgniter\CodeIgniter->runController(Object(App\Controllers\Admin))
 7 SYSTEMPATH\CodeIgniter.php(354): CodeIgniter\CodeIgniter->handleRequest(null, Object(Config\Cache), false)
 8 SYSTEMPATH\Boot.php(363): CodeIgniter\CodeIgniter->run()
 9 SYSTEMPATH\Boot.php(68): CodeIgniter\Boot::runCodeIgniter(Object(CodeIgniter\CodeIgniter))
10 FCPATH\index.php(59): CodeIgniter\Boot::bootWeb(Object(Config\Paths))
CRITICAL - 2026-03-08 04:41:37 --> [Caused by] mysqli_sql_exception: Unknown column 'attendance.time_out' in 'field list'
in SYSTEMPATH\Database\MySQLi\Connection.php on line 327.
 1 SYSTEMPATH\Database\MySQLi\Connection.php(327): mysqli->query('SELECT `users`.`id_number`, `users`.`full_name`, `users`.`course`, `users`.`year_level_id`, `users`.`profile_pic`, `attendance`.`time_in`, `attendance`.`time_out`
FROM `users`
LEFT JOIN `attendance` ON `attendance`.`student_id` = `users`.`id_number` AND `attendance`.`event_id` = 1
WHERE `users`.`id_number` = \'23-a-01234\'', 0)
 2 SYSTEMPATH\Database\BaseConnection.php(729): CodeIgniter\Database\MySQLi\Connection->execute('SELECT `users`.`id_number`, `users`.`full_name`, `users`.`course`, `users`.`year_level_id`, `users`.`profile_pic`, `attendance`.`time_in`, `attendance`.`time_out`
FROM `users`
LEFT JOIN `attendance` ON `attendance`.`student_id` = `users`.`id_number` AND `attendance`.`event_id` = 1
WHERE `users`.`id_number` = \'23-a-01234\'')
 3 SYSTEMPATH\Database\BaseConnection.php(646): CodeIgniter\Database\BaseConnection->simpleQuery('SELECT `users`.`id_number`, `users`.`full_name`, `users`.`course`, `users`.`year_level_id`, `users`.`profile_pic`, `attendance`.`time_in`, `attendance`.`time_out`
FROM `users`
LEFT JOIN `attendance` ON `attendance`.`student_id` = `users`.`id_number` AND `attendance`.`event_id` = 1
WHERE `users`.`id_number` = \'23-a-01234\'')
 4 SYSTEMPATH\Database\BaseBuilder.php(1649): CodeIgniter\Database\BaseConnection->query('SELECT `users`.`id_number`, `users`.`full_name`, `users`.`course`, `users`.`year_level_id`, `users`.`profile_pic`, `attendance`.`time_in`, `attendance`.`time_out`
FROM `users`
LEFT JOIN `attendance` ON `attendance`.`student_id` = `users`.`id_number` AND `attendance`.`event_id` = 1
WHERE `users`.`id_number` = :users.id_number:', [...], false)
 5 APPPATH\Controllers\Admin.php(38): CodeIgniter\Database\BaseBuilder->get()
 6 SYSTEMPATH\CodeIgniter.php(933): App\Controllers\Admin->index()
 7 SYSTEMPATH\CodeIgniter.php(507): CodeIgniter\CodeIgniter->runController(Object(App\Controllers\Admin))
 8 SYSTEMPATH\CodeIgniter.php(354): CodeIgniter\CodeIgniter->handleRequest(null, Object(Config\Cache), false)
 9 SYSTEMPATH\Boot.php(363): CodeIgniter\CodeIgniter->run()
10 SYSTEMPATH\Boot.php(68): CodeIgniter\Boot::runCodeIgniter(Object(CodeIgniter\CodeIgniter))
11 FCPATH\index.php(59): CodeIgniter\Boot::bootWeb(Object(Config\Paths))
ERROR - 2026-03-08 04:41:37 --> mysqli_sql_exception: Unknown column 'attendance.time_out' in 'field list' in C:\xampp\htdocs\system\system\Database\MySQLi\Connection.php:327
Stack trace:
#0 C:\xampp\htdocs\system\system\Database\MySQLi\Connection.php(327): mysqli->query('SELECT `users`....', 0)
#1 C:\xampp\htdocs\system\system\Database\BaseConnection.php(729): CodeIgniter\Database\MySQLi\Connection->execute('SELECT `users`....')
#2 C:\xampp\htdocs\system\system\Database\BaseConnection.php(646): CodeIgniter\Database\BaseConnection->simpleQuery('SELECT `users`....')
#3 C:\xampp\htdocs\system\system\Database\BaseBuilder.php(1649): CodeIgniter\Database\BaseConnection->query('SELECT `users`....', Array, false)
#4 C:\xampp\htdocs\system\app\Controllers\Admin.php(38): CodeIgniter\Database\BaseBuilder->get()
#5 C:\xampp\htdocs\system\system\CodeIgniter.php(933): App\Controllers\Admin->index()
#6 C:\xampp\htdocs\system\system\CodeIgniter.php(507): CodeIgniter\CodeIgniter->runController(Object(App\Controllers\Admin))
#7 C:\xampp\htdocs\system\system\CodeIgniter.php(354): CodeIgniter\CodeIgniter->handleRequest(NULL, Object(Config\Cache), false)
#8 C:\xampp\htdocs\system\system\Boot.php(363): CodeIgniter\CodeIgniter->run()
#9 C:\xampp\htdocs\system\system\Boot.php(68): CodeIgniter\Boot::runCodeIgniter(Object(CodeIgniter\CodeIgniter))
#10 C:\xampp\htdocs\system\public\index.php(59): CodeIgniter\Boot::bootWeb(Object(Config\Paths))
#11 {main}
CRITICAL - 2026-03-08 04:41:37 --> CodeIgniter\Database\Exceptions\DatabaseException: Unknown column 'attendance.time_out' in 'field list'
[Method: GET, Route: admin]
in SYSTEMPATH\Database\BaseConnection.php on line 684.
 1 SYSTEMPATH\Database\BaseBuilder.php(1649): CodeIgniter\Database\BaseConnection->query('SELECT `users`.`id_number`, `users`.`full_name`, `users`.`course`, `users`.`year_level_id`, `users`.`profile_pic`, `attendance`.`time_in`, `attendance`.`time_out`
FROM `users`
LEFT JOIN `attendance` ON `attendance`.`student_id` = `users`.`id_number` AND `attendance`.`event_id` = 1
WHERE `users`.`id_number` = :users.id_number:', [...], false)
 2 APPPATH\Controllers\Admin.php(38): CodeIgniter\Database\BaseBuilder->get()
 3 SYSTEMPATH\CodeIgniter.php(933): App\Controllers\Admin->index()
 4 SYSTEMPATH\CodeIgniter.php(507): CodeIgniter\CodeIgniter->runController(Object(App\Controllers\Admin))
 5 SYSTEMPATH\CodeIgniter.php(354): CodeIgniter\CodeIgniter->handleRequest(null, Object(Config\Cache), false)
 6 SYSTEMPATH\Boot.php(363): CodeIgniter\CodeIgniter->run()
 7 SYSTEMPATH\Boot.php(68): CodeIgniter\Boot::runCodeIgniter(Object(CodeIgniter\CodeIgniter))
 8 FCPATH\index.php(59): CodeIgniter\Boot::bootWeb(Object(Config\Paths))
CRITICAL - 2026-03-08 04:41:37 --> [Caused by] CodeIgniter\Database\Exceptions\DatabaseException: Unknown column 'attendance.time_out' in 'field list'
in SYSTEMPATH\Database\MySQLi\Connection.php on line 332.
 1 SYSTEMPATH\Database\BaseConnection.php(729): CodeIgniter\Database\MySQLi\Connection->execute('SELECT `users`.`id_number`, `users`.`full_name`, `users`.`course`, `users`.`year_level_id`, `users`.`profile_pic`, `attendance`.`time_in`, `attendance`.`time_out`
FROM `users`
LEFT JOIN `attendance` ON `attendance`.`student_id` = `users`.`id_number` AND `attendance`.`event_id` = 1
WHERE `users`.`id_number` = \'23-a-01234\'')
 2 SYSTEMPATH\Database\BaseConnection.php(646): CodeIgniter\Database\BaseConnection->simpleQuery('SELECT `users`.`id_number`, `users`.`full_name`, `users`.`course`, `users`.`year_level_id`, `users`.`profile_pic`, `attendance`.`time_in`, `attendance`.`time_out`
FROM `users`
LEFT JOIN `attendance` ON `attendance`.`student_id` = `users`.`id_number` AND `attendance`.`event_id` = 1
WHERE `users`.`id_number` = \'23-a-01234\'')
 3 SYSTEMPATH\Database\BaseBuilder.php(1649): CodeIgniter\Database\BaseConnection->query('SELECT `users`.`id_number`, `users`.`full_name`, `users`.`course`, `users`.`year_level_id`, `users`.`profile_pic`, `attendance`.`time_in`, `attendance`.`time_out`
FROM `users`
LEFT JOIN `attendance` ON `attendance`.`student_id` = `users`.`id_number` AND `attendance`.`event_id` = 1
WHERE `users`.`id_number` = :users.id_number:', [...], false)
 4 APPPATH\Controllers\Admin.php(38): CodeIgniter\Database\BaseBuilder->get()
 5 SYSTEMPATH\CodeIgniter.php(933): App\Controllers\Admin->index()
 6 SYSTEMPATH\CodeIgniter.php(507): CodeIgniter\CodeIgniter->runController(Object(App\Controllers\Admin))
 7 SYSTEMPATH\CodeIgniter.php(354): CodeIgniter\CodeIgniter->handleRequest(null, Object(Config\Cache), false)
 8 SYSTEMPATH\Boot.php(363): CodeIgniter\CodeIgniter->run()
 9 SYSTEMPATH\Boot.php(68): CodeIgniter\Boot::runCodeIgniter(Object(CodeIgniter\CodeIgniter))
10 FCPATH\index.php(59): CodeIgniter\Boot::bootWeb(Object(Config\Paths))
CRITICAL - 2026-03-08 04:41:37 --> [Caused by] mysqli_sql_exception: Unknown column 'attendance.time_out' in 'field list'
in SYSTEMPATH\Database\MySQLi\Connection.php on line 327.
 1 SYSTEMPATH\Database\MySQLi\Connection.php(327): mysqli->query('SELECT `users`.`id_number`, `users`.`full_name`, `users`.`course`, `users`.`year_level_id`, `users`.`profile_pic`, `attendance`.`time_in`, `attendance`.`time_out`
FROM `users`
LEFT JOIN `attendance` ON `attendance`.`student_id` = `users`.`id_number` AND `attendance`.`event_id` = 1
WHERE `users`.`id_number` = \'23-a-01234\'', 0)
 2 SYSTEMPATH\Database\BaseConnection.php(729): CodeIgniter\Database\MySQLi\Connection->execute('SELECT `users`.`id_number`, `users`.`full_name`, `users`.`course`, `users`.`year_level_id`, `users`.`profile_pic`, `attendance`.`time_in`, `attendance`.`time_out`
FROM `users`
LEFT JOIN `attendance` ON `attendance`.`student_id` = `users`.`id_number` AND `attendance`.`event_id` = 1
WHERE `users`.`id_number` = \'23-a-01234\'')
 3 SYSTEMPATH\Database\BaseConnection.php(646): CodeIgniter\Database\BaseConnection->simpleQuery('SELECT `users`.`id_number`, `users`.`full_name`, `users`.`course`, `users`.`year_level_id`, `users`.`profile_pic`, `attendance`.`time_in`, `attendance`.`time_out`
FROM `users`
LEFT JOIN `attendance` ON `attendance`.`student_id` = `users`.`id_number` AND `attendance`.`event_id` = 1
WHERE `users`.`id_number` = \'23-a-01234\'')
 4 SYSTEMPATH\Database\BaseBuilder.php(1649): CodeIgniter\Database\BaseConnection->query('SELECT `users`.`id_number`, `users`.`full_name`, `users`.`course`, `users`.`year_level_id`, `users`.`profile_pic`, `attendance`.`time_in`, `attendance`.`time_out`
FROM `users`
LEFT JOIN `attendance` ON `attendance`.`student_id` = `users`.`id_number` AND `attendance`.`event_id` = 1
WHERE `users`.`id_number` = :users.id_number:', [...], false)
 5 APPPATH\Controllers\Admin.php(38): CodeIgniter\Database\BaseBuilder->get()
 6 SYSTEMPATH\CodeIgniter.php(933): App\Controllers\Admin->index()
 7 SYSTEMPATH\CodeIgniter.php(507): CodeIgniter\CodeIgniter->runController(Object(App\Controllers\Admin))
 8 SYSTEMPATH\CodeIgniter.php(354): CodeIgniter\CodeIgniter->handleRequest(null, Object(Config\Cache), false)
 9 SYSTEMPATH\Boot.php(363): CodeIgniter\CodeIgniter->run()
10 SYSTEMPATH\Boot.php(68): CodeIgniter\Boot::runCodeIgniter(Object(CodeIgniter\CodeIgniter))
11 FCPATH\index.php(59): CodeIgniter\Boot::bootWeb(Object(Config\Paths))
ERROR - 2026-03-08 04:41:39 --> mysqli_sql_exception: Unknown column 'attendance.time_out' in 'field list' in C:\xampp\htdocs\system\system\Database\MySQLi\Connection.php:327
Stack trace:
#0 C:\xampp\htdocs\system\system\Database\MySQLi\Connection.php(327): mysqli->query('SELECT `users`....', 0)
#1 C:\xampp\htdocs\system\system\Database\BaseConnection.php(729): CodeIgniter\Database\MySQLi\Connection->execute('SELECT `users`....')
#2 C:\xampp\htdocs\system\system\Database\BaseConnection.php(646): CodeIgniter\Database\BaseConnection->simpleQuery('SELECT `users`....')
#3 C:\xampp\htdocs\system\system\Database\BaseBuilder.php(1649): CodeIgniter\Database\BaseConnection->query('SELECT `users`....', Array, false)
#4 C:\xampp\htdocs\system\app\Controllers\Admin.php(38): CodeIgniter\Database\BaseBuilder->get()
#5 C:\xampp\htdocs\system\system\CodeIgniter.php(933): App\Controllers\Admin->index()
#6 C:\xampp\htdocs\system\system\CodeIgniter.php(507): CodeIgniter\CodeIgniter->runController(Object(App\Controllers\Admin))
#7 C:\xampp\htdocs\system\system\CodeIgniter.php(354): CodeIgniter\CodeIgniter->handleRequest(NULL, Object(Config\Cache), false)
#8 C:\xampp\htdocs\system\system\Boot.php(363): CodeIgniter\CodeIgniter->run()
#9 C:\xampp\htdocs\system\system\Boot.php(68): CodeIgniter\Boot::runCodeIgniter(Object(CodeIgniter\CodeIgniter))
#10 C:\xampp\htdocs\system\public\index.php(59): CodeIgniter\Boot::bootWeb(Object(Config\Paths))
#11 {main}
CRITICAL - 2026-03-08 04:41:39 --> CodeIgniter\Database\Exceptions\DatabaseException: Unknown column 'attendance.time_out' in 'field list'
[Method: GET, Route: admin]
in SYSTEMPATH\Database\BaseConnection.php on line 684.
 1 SYSTEMPATH\Database\BaseBuilder.php(1649): CodeIgniter\Database\BaseConnection->query('SELECT `users`.`id_number`, `users`.`full_name`, `users`.`course`, `users`.`year_level_id`, `users`.`profile_pic`, `attendance`.`time_in`, `attendance`.`time_out`
FROM `users`
LEFT JOIN `attendance` ON `attendance`.`student_id` = `users`.`id_number` AND `attendance`.`event_id` = 1
WHERE `users`.`id_number` = :users.id_number:', [...], false)
 2 APPPATH\Controllers\Admin.php(38): CodeIgniter\Database\BaseBuilder->get()
 3 SYSTEMPATH\CodeIgniter.php(933): App\Controllers\Admin->index()
 4 SYSTEMPATH\CodeIgniter.php(507): CodeIgniter\CodeIgniter->runController(Object(App\Controllers\Admin))
 5 SYSTEMPATH\CodeIgniter.php(354): CodeIgniter\CodeIgniter->handleRequest(null, Object(Config\Cache), false)
 6 SYSTEMPATH\Boot.php(363): CodeIgniter\CodeIgniter->run()
 7 SYSTEMPATH\Boot.php(68): CodeIgniter\Boot::runCodeIgniter(Object(CodeIgniter\CodeIgniter))
 8 FCPATH\index.php(59): CodeIgniter\Boot::bootWeb(Object(Config\Paths))
CRITICAL - 2026-03-08 04:41:39 --> [Caused by] CodeIgniter\Database\Exceptions\DatabaseException: Unknown column 'attendance.time_out' in 'field list'
in SYSTEMPATH\Database\MySQLi\Connection.php on line 332.
 1 SYSTEMPATH\Database\BaseConnection.php(729): CodeIgniter\Database\MySQLi\Connection->execute('SELECT `users`.`id_number`, `users`.`full_name`, `users`.`course`, `users`.`year_level_id`, `users`.`profile_pic`, `attendance`.`time_in`, `attendance`.`time_out`
FROM `users`
LEFT JOIN `attendance` ON `attendance`.`student_id` = `users`.`id_number` AND `attendance`.`event_id` = 1
WHERE `users`.`id_number` = \'23-a-01234\'')
 2 SYSTEMPATH\Database\BaseConnection.php(646): CodeIgniter\Database\BaseConnection->simpleQuery('SELECT `users`.`id_number`, `users`.`full_name`, `users`.`course`, `users`.`year_level_id`, `users`.`profile_pic`, `attendance`.`time_in`, `attendance`.`time_out`
FROM `users`
LEFT JOIN `attendance` ON `attendance`.`student_id` = `users`.`id_number` AND `attendance`.`event_id` = 1
WHERE `users`.`id_number` = \'23-a-01234\'')
 3 SYSTEMPATH\Database\BaseBuilder.php(1649): CodeIgniter\Database\BaseConnection->query('SELECT `users`.`id_number`, `users`.`full_name`, `users`.`course`, `users`.`year_level_id`, `users`.`profile_pic`, `attendance`.`time_in`, `attendance`.`time_out`
FROM `users`
LEFT JOIN `attendance` ON `attendance`.`student_id` = `users`.`id_number` AND `attendance`.`event_id` = 1
WHERE `users`.`id_number` = :users.id_number:', [...], false)
 4 APPPATH\Controllers\Admin.php(38): CodeIgniter\Database\BaseBuilder->get()
 5 SYSTEMPATH\CodeIgniter.php(933): App\Controllers\Admin->index()
 6 SYSTEMPATH\CodeIgniter.php(507): CodeIgniter\CodeIgniter->runController(Object(App\Controllers\Admin))
 7 SYSTEMPATH\CodeIgniter.php(354): CodeIgniter\CodeIgniter->handleRequest(null, Object(Config\Cache), false)
 8 SYSTEMPATH\Boot.php(363): CodeIgniter\CodeIgniter->run()
 9 SYSTEMPATH\Boot.php(68): CodeIgniter\Boot::runCodeIgniter(Object(CodeIgniter\CodeIgniter))
10 FCPATH\index.php(59): CodeIgniter\Boot::bootWeb(Object(Config\Paths))
CRITICAL - 2026-03-08 04:41:39 --> [Caused by] mysqli_sql_exception: Unknown column 'attendance.time_out' in 'field list'
in SYSTEMPATH\Database\MySQLi\Connection.php on line 327.
 1 SYSTEMPATH\Database\MySQLi\Connection.php(327): mysqli->query('SELECT `users`.`id_number`, `users`.`full_name`, `users`.`course`, `users`.`year_level_id`, `users`.`profile_pic`, `attendance`.`time_in`, `attendance`.`time_out`
FROM `users`
LEFT JOIN `attendance` ON `attendance`.`student_id` = `users`.`id_number` AND `attendance`.`event_id` = 1
WHERE `users`.`id_number` = \'23-a-01234\'', 0)
 2 SYSTEMPATH\Database\BaseConnection.php(729): CodeIgniter\Database\MySQLi\Connection->execute('SELECT `users`.`id_number`, `users`.`full_name`, `users`.`course`, `users`.`year_level_id`, `users`.`profile_pic`, `attendance`.`time_in`, `attendance`.`time_out`
FROM `users`
LEFT JOIN `attendance` ON `attendance`.`student_id` = `users`.`id_number` AND `attendance`.`event_id` = 1
WHERE `users`.`id_number` = \'23-a-01234\'')
 3 SYSTEMPATH\Database\BaseConnection.php(646): CodeIgniter\Database\BaseConnection->simpleQuery('SELECT `users`.`id_number`, `users`.`full_name`, `users`.`course`, `users`.`year_level_id`, `users`.`profile_pic`, `attendance`.`time_in`, `attendance`.`time_out`
FROM `users`
LEFT JOIN `attendance` ON `attendance`.`student_id` = `users`.`id_number` AND `attendance`.`event_id` = 1
WHERE `users`.`id_number` = \'23-a-01234\'')
 4 SYSTEMPATH\Database\BaseBuilder.php(1649): CodeIgniter\Database\BaseConnection->query('SELECT `users`.`id_number`, `users`.`full_name`, `users`.`course`, `users`.`year_level_id`, `users`.`profile_pic`, `attendance`.`time_in`, `attendance`.`time_out`
FROM `users`
LEFT JOIN `attendance` ON `attendance`.`student_id` = `users`.`id_number` AND `attendance`.`event_id` = 1
WHERE `users`.`id_number` = :users.id_number:', [...], false)
 5 APPPATH\Controllers\Admin.php(38): CodeIgniter\Database\BaseBuilder->get()
 6 SYSTEMPATH\CodeIgniter.php(933): App\Controllers\Admin->index()
 7 SYSTEMPATH\CodeIgniter.php(507): CodeIgniter\CodeIgniter->runController(Object(App\Controllers\Admin))
 8 SYSTEMPATH\CodeIgniter.php(354): CodeIgniter\CodeIgniter->handleRequest(null, Object(Config\Cache), false)
 9 SYSTEMPATH\Boot.php(363): CodeIgniter\CodeIgniter->run()
10 SYSTEMPATH\Boot.php(68): CodeIgniter\Boot::runCodeIgniter(Object(CodeIgniter\CodeIgniter))
11 FCPATH\index.php(59): CodeIgniter\Boot::bootWeb(Object(Config\Paths))
ERROR - 2026-03-08 04:41:40 --> mysqli_sql_exception: Unknown column 'attendance.time_out' in 'field list' in C:\xampp\htdocs\system\system\Database\MySQLi\Connection.php:327
Stack trace:
#0 C:\xampp\htdocs\system\system\Database\MySQLi\Connection.php(327): mysqli->query('SELECT `users`....', 0)
#1 C:\xampp\htdocs\system\system\Database\BaseConnection.php(729): CodeIgniter\Database\MySQLi\Connection->execute('SELECT `users`....')
#2 C:\xampp\htdocs\system\system\Database\BaseConnection.php(646): CodeIgniter\Database\BaseConnection->simpleQuery('SELECT `users`....')
#3 C:\xampp\htdocs\system\system\Database\BaseBuilder.php(1649): CodeIgniter\Database\BaseConnection->query('SELECT `users`....', Array, false)
#4 C:\xampp\htdocs\system\app\Controllers\Admin.php(38): CodeIgniter\Database\BaseBuilder->get()
#5 C:\xampp\htdocs\system\system\CodeIgniter.php(933): App\Controllers\Admin->index()
#6 C:\xampp\htdocs\system\system\CodeIgniter.php(507): CodeIgniter\CodeIgniter->runController(Object(App\Controllers\Admin))
#7 C:\xampp\htdocs\system\system\CodeIgniter.php(354): CodeIgniter\CodeIgniter->handleRequest(NULL, Object(Config\Cache), false)
#8 C:\xampp\htdocs\system\system\Boot.php(363): CodeIgniter\CodeIgniter->run()
#9 C:\xampp\htdocs\system\system\Boot.php(68): CodeIgniter\Boot::runCodeIgniter(Object(CodeIgniter\CodeIgniter))
#10 C:\xampp\htdocs\system\public\index.php(59): CodeIgniter\Boot::bootWeb(Object(Config\Paths))
#11 {main}
CRITICAL - 2026-03-08 04:41:40 --> CodeIgniter\Database\Exceptions\DatabaseException: Unknown column 'attendance.time_out' in 'field list'
[Method: GET, Route: admin]
in SYSTEMPATH\Database\BaseConnection.php on line 684.
 1 SYSTEMPATH\Database\BaseBuilder.php(1649): CodeIgniter\Database\BaseConnection->query('SELECT `users`.`id_number`, `users`.`full_name`, `users`.`course`, `users`.`year_level_id`, `users`.`profile_pic`, `attendance`.`time_in`, `attendance`.`time_out`
FROM `users`
LEFT JOIN `attendance` ON `attendance`.`student_id` = `users`.`id_number` AND `attendance`.`event_id` = 1
WHERE `users`.`id_number` = :users.id_number:', [...], false)
 2 APPPATH\Controllers\Admin.php(38): CodeIgniter\Database\BaseBuilder->get()
 3 SYSTEMPATH\CodeIgniter.php(933): App\Controllers\Admin->index()
 4 SYSTEMPATH\CodeIgniter.php(507): CodeIgniter\CodeIgniter->runController(Object(App\Controllers\Admin))
 5 SYSTEMPATH\CodeIgniter.php(354): CodeIgniter\CodeIgniter->handleRequest(null, Object(Config\Cache), false)
 6 SYSTEMPATH\Boot.php(363): CodeIgniter\CodeIgniter->run()
 7 SYSTEMPATH\Boot.php(68): CodeIgniter\Boot::runCodeIgniter(Object(CodeIgniter\CodeIgniter))
 8 FCPATH\index.php(59): CodeIgniter\Boot::bootWeb(Object(Config\Paths))
CRITICAL - 2026-03-08 04:41:40 --> [Caused by] CodeIgniter\Database\Exceptions\DatabaseException: Unknown column 'attendance.time_out' in 'field list'
in SYSTEMPATH\Database\MySQLi\Connection.php on line 332.
 1 SYSTEMPATH\Database\BaseConnection.php(729): CodeIgniter\Database\MySQLi\Connection->execute('SELECT `users`.`id_number`, `users`.`full_name`, `users`.`course`, `users`.`year_level_id`, `users`.`profile_pic`, `attendance`.`time_in`, `attendance`.`time_out`
FROM `users`
LEFT JOIN `attendance` ON `attendance`.`student_id` = `users`.`id_number` AND `attendance`.`event_id` = 1
WHERE `users`.`id_number` = \'23-a-01234\'')
 2 SYSTEMPATH\Database\BaseConnection.php(646): CodeIgniter\Database\BaseConnection->simpleQuery('SELECT `users`.`id_number`, `users`.`full_name`, `users`.`course`, `users`.`year_level_id`, `users`.`profile_pic`, `attendance`.`time_in`, `attendance`.`time_out`
FROM `users`
LEFT JOIN `attendance` ON `attendance`.`student_id` = `users`.`id_number` AND `attendance`.`event_id` = 1
WHERE `users`.`id_number` = \'23-a-01234\'')
 3 SYSTEMPATH\Database\BaseBuilder.php(1649): CodeIgniter\Database\BaseConnection->query('SELECT `users`.`id_number`, `users`.`full_name`, `users`.`course`, `users`.`year_level_id`, `users`.`profile_pic`, `attendance`.`time_in`, `attendance`.`time_out`
FROM `users`
LEFT JOIN `attendance` ON `attendance`.`student_id` = `users`.`id_number` AND `attendance`.`event_id` = 1
WHERE `users`.`id_number` = :users.id_number:', [...], false)
 4 APPPATH\Controllers\Admin.php(38): CodeIgniter\Database\BaseBuilder->get()
 5 SYSTEMPATH\CodeIgniter.php(933): App\Controllers\Admin->index()
 6 SYSTEMPATH\CodeIgniter.php(507): CodeIgniter\CodeIgniter->runController(Object(App\Controllers\Admin))
 7 SYSTEMPATH\CodeIgniter.php(354): CodeIgniter\CodeIgniter->handleRequest(null, Object(Config\Cache), false)
 8 SYSTEMPATH\Boot.php(363): CodeIgniter\CodeIgniter->run()
 9 SYSTEMPATH\Boot.php(68): CodeIgniter\Boot::runCodeIgniter(Object(CodeIgniter\CodeIgniter))
10 FCPATH\index.php(59): CodeIgniter\Boot::bootWeb(Object(Config\Paths))
CRITICAL - 2026-03-08 04:41:40 --> [Caused by] mysqli_sql_exception: Unknown column 'attendance.time_out' in 'field list'
in SYSTEMPATH\Database\MySQLi\Connection.php on line 327.
 1 SYSTEMPATH\Database\MySQLi\Connection.php(327): mysqli->query('SELECT `users`.`id_number`, `users`.`full_name`, `users`.`course`, `users`.`year_level_id`, `users`.`profile_pic`, `attendance`.`time_in`, `attendance`.`time_out`
FROM `users`
LEFT JOIN `attendance` ON `attendance`.`student_id` = `users`.`id_number` AND `attendance`.`event_id` = 1
WHERE `users`.`id_number` = \'23-a-01234\'', 0)
 2 SYSTEMPATH\Database\BaseConnection.php(729): CodeIgniter\Database\MySQLi\Connection->execute('SELECT `users`.`id_number`, `users`.`full_name`, `users`.`course`, `users`.`year_level_id`, `users`.`profile_pic`, `attendance`.`time_in`, `attendance`.`time_out`
FROM `users`
LEFT JOIN `attendance` ON `attendance`.`student_id` = `users`.`id_number` AND `attendance`.`event_id` = 1
WHERE `users`.`id_number` = \'23-a-01234\'')
 3 SYSTEMPATH\Database\BaseConnection.php(646): CodeIgniter\Database\BaseConnection->simpleQuery('SELECT `users`.`id_number`, `users`.`full_name`, `users`.`course`, `users`.`year_level_id`, `users`.`profile_pic`, `attendance`.`time_in`, `attendance`.`time_out`
FROM `users`
LEFT JOIN `attendance` ON `attendance`.`student_id` = `users`.`id_number` AND `attendance`.`event_id` = 1
WHERE `users`.`id_number` = \'23-a-01234\'')
 4 SYSTEMPATH\Database\BaseBuilder.php(1649): CodeIgniter\Database\BaseConnection->query('SELECT `users`.`id_number`, `users`.`full_name`, `users`.`course`, `users`.`year_level_id`, `users`.`profile_pic`, `attendance`.`time_in`, `attendance`.`time_out`
FROM `users`
LEFT JOIN `attendance` ON `attendance`.`student_id` = `users`.`id_number` AND `attendance`.`event_id` = 1
WHERE `users`.`id_number` = :users.id_number:', [...], false)
 5 APPPATH\Controllers\Admin.php(38): CodeIgniter\Database\BaseBuilder->get()
 6 SYSTEMPATH\CodeIgniter.php(933): App\Controllers\Admin->index()
 7 SYSTEMPATH\CodeIgniter.php(507): CodeIgniter\CodeIgniter->runController(Object(App\Controllers\Admin))
 8 SYSTEMPATH\CodeIgniter.php(354): CodeIgniter\CodeIgniter->handleRequest(null, Object(Config\Cache), false)
 9 SYSTEMPATH\Boot.php(363): CodeIgniter\CodeIgniter->run()
10 SYSTEMPATH\Boot.php(68): CodeIgniter\Boot::runCodeIgniter(Object(CodeIgniter\CodeIgniter))
11 FCPATH\index.php(59): CodeIgniter\Boot::bootWeb(Object(Config\Paths))
ERROR - 2026-03-08 04:41:41 --> mysqli_sql_exception: Unknown column 'attendance.time_out' in 'field list' in C:\xampp\htdocs\system\system\Database\MySQLi\Connection.php:327
Stack trace:
#0 C:\xampp\htdocs\system\system\Database\MySQLi\Connection.php(327): mysqli->query('SELECT `users`....', 0)
#1 C:\xampp\htdocs\system\system\Database\BaseConnection.php(729): CodeIgniter\Database\MySQLi\Connection->execute('SELECT `users`....')
#2 C:\xampp\htdocs\system\system\Database\BaseConnection.php(646): CodeIgniter\Database\BaseConnection->simpleQuery('SELECT `users`....')
#3 C:\xampp\htdocs\system\system\Database\BaseBuilder.php(1649): CodeIgniter\Database\BaseConnection->query('SELECT `users`....', Array, false)
#4 C:\xampp\htdocs\system\app\Controllers\Admin.php(38): CodeIgniter\Database\BaseBuilder->get()
#5 C:\xampp\htdocs\system\system\CodeIgniter.php(933): App\Controllers\Admin->index()
#6 C:\xampp\htdocs\system\system\CodeIgniter.php(507): CodeIgniter\CodeIgniter->runController(Object(App\Controllers\Admin))
#7 C:\xampp\htdocs\system\system\CodeIgniter.php(354): CodeIgniter\CodeIgniter->handleRequest(NULL, Object(Config\Cache), false)
#8 C:\xampp\htdocs\system\system\Boot.php(363): CodeIgniter\CodeIgniter->run()
#9 C:\xampp\htdocs\system\system\Boot.php(68): CodeIgniter\Boot::runCodeIgniter(Object(CodeIgniter\CodeIgniter))
#10 C:\xampp\htdocs\system\public\index.php(59): CodeIgniter\Boot::bootWeb(Object(Config\Paths))
#11 {main}
CRITICAL - 2026-03-08 04:41:41 --> CodeIgniter\Database\Exceptions\DatabaseException: Unknown column 'attendance.time_out' in 'field list'
[Method: GET, Route: admin]
in SYSTEMPATH\Database\BaseConnection.php on line 684.
 1 SYSTEMPATH\Database\BaseBuilder.php(1649): CodeIgniter\Database\BaseConnection->query('SELECT `users`.`id_number`, `users`.`full_name`, `users`.`course`, `users`.`year_level_id`, `users`.`profile_pic`, `attendance`.`time_in`, `attendance`.`time_out`
FROM `users`
LEFT JOIN `attendance` ON `attendance`.`student_id` = `users`.`id_number` AND `attendance`.`event_id` = 1
WHERE `users`.`id_number` = :users.id_number:', [...], false)
 2 APPPATH\Controllers\Admin.php(38): CodeIgniter\Database\BaseBuilder->get()
 3 SYSTEMPATH\CodeIgniter.php(933): App\Controllers\Admin->index()
 4 SYSTEMPATH\CodeIgniter.php(507): CodeIgniter\CodeIgniter->runController(Object(App\Controllers\Admin))
 5 SYSTEMPATH\CodeIgniter.php(354): CodeIgniter\CodeIgniter->handleRequest(null, Object(Config\Cache), false)
 6 SYSTEMPATH\Boot.php(363): CodeIgniter\CodeIgniter->run()
 7 SYSTEMPATH\Boot.php(68): CodeIgniter\Boot::runCodeIgniter(Object(CodeIgniter\CodeIgniter))
 8 FCPATH\index.php(59): CodeIgniter\Boot::bootWeb(Object(Config\Paths))
CRITICAL - 2026-03-08 04:41:41 --> [Caused by] CodeIgniter\Database\Exceptions\DatabaseException: Unknown column 'attendance.time_out' in 'field list'
in SYSTEMPATH\Database\MySQLi\Connection.php on line 332.
 1 SYSTEMPATH\Database\BaseConnection.php(729): CodeIgniter\Database\MySQLi\Connection->execute('SELECT `users`.`id_number`, `users`.`full_name`, `users`.`course`, `users`.`year_level_id`, `users`.`profile_pic`, `attendance`.`time_in`, `attendance`.`time_out`
FROM `users`
LEFT JOIN `attendance` ON `attendance`.`student_id` = `users`.`id_number` AND `attendance`.`event_id` = 1
WHERE `users`.`id_number` = \'23-a-01234\'')
 2 SYSTEMPATH\Database\BaseConnection.php(646): CodeIgniter\Database\BaseConnection->simpleQuery('SELECT `users`.`id_number`, `users`.`full_name`, `users`.`course`, `users`.`year_level_id`, `users`.`profile_pic`, `attendance`.`time_in`, `attendance`.`time_out`
FROM `users`
LEFT JOIN `attendance` ON `attendance`.`student_id` = `users`.`id_number` AND `attendance`.`event_id` = 1
WHERE `users`.`id_number` = \'23-a-01234\'')
 3 SYSTEMPATH\Database\BaseBuilder.php(1649): CodeIgniter\Database\BaseConnection->query('SELECT `users`.`id_number`, `users`.`full_name`, `users`.`course`, `users`.`year_level_id`, `users`.`profile_pic`, `attendance`.`time_in`, `attendance`.`time_out`
FROM `users`
LEFT JOIN `attendance` ON `attendance`.`student_id` = `users`.`id_number` AND `attendance`.`event_id` = 1
WHERE `users`.`id_number` = :users.id_number:', [...], false)
 4 APPPATH\Controllers\Admin.php(38): CodeIgniter\Database\BaseBuilder->get()
 5 SYSTEMPATH\CodeIgniter.php(933): App\Controllers\Admin->index()
 6 SYSTEMPATH\CodeIgniter.php(507): CodeIgniter\CodeIgniter->runController(Object(App\Controllers\Admin))
 7 SYSTEMPATH\CodeIgniter.php(354): CodeIgniter\CodeIgniter->handleRequest(null, Object(Config\Cache), false)
 8 SYSTEMPATH\Boot.php(363): CodeIgniter\CodeIgniter->run()
 9 SYSTEMPATH\Boot.php(68): CodeIgniter\Boot::runCodeIgniter(Object(CodeIgniter\CodeIgniter))
10 FCPATH\index.php(59): CodeIgniter\Boot::bootWeb(Object(Config\Paths))
CRITICAL - 2026-03-08 04:41:41 --> [Caused by] mysqli_sql_exception: Unknown column 'attendance.time_out' in 'field list'
in SYSTEMPATH\Database\MySQLi\Connection.php on line 327.
 1 SYSTEMPATH\Database\MySQLi\Connection.php(327): mysqli->query('SELECT `users`.`id_number`, `users`.`full_name`, `users`.`course`, `users`.`year_level_id`, `users`.`profile_pic`, `attendance`.`time_in`, `attendance`.`time_out`
FROM `users`
LEFT JOIN `attendance` ON `attendance`.`student_id` = `users`.`id_number` AND `attendance`.`event_id` = 1
WHERE `users`.`id_number` = \'23-a-01234\'', 0)
 2 SYSTEMPATH\Database\BaseConnection.php(729): CodeIgniter\Database\MySQLi\Connection->execute('SELECT `users`.`id_number`, `users`.`full_name`, `users`.`course`, `users`.`year_level_id`, `users`.`profile_pic`, `attendance`.`time_in`, `attendance`.`time_out`
FROM `users`
LEFT JOIN `attendance` ON `attendance`.`student_id` = `users`.`id_number` AND `attendance`.`event_id` = 1
WHERE `users`.`id_number` = \'23-a-01234\'')
 3 SYSTEMPATH\Database\BaseConnection.php(646): CodeIgniter\Database\BaseConnection->simpleQuery('SELECT `users`.`id_number`, `users`.`full_name`, `users`.`course`, `users`.`year_level_id`, `users`.`profile_pic`, `attendance`.`time_in`, `attendance`.`time_out`
FROM `users`
LEFT JOIN `attendance` ON `attendance`.`student_id` = `users`.`id_number` AND `attendance`.`event_id` = 1
WHERE `users`.`id_number` = \'23-a-01234\'')
 4 SYSTEMPATH\Database\BaseBuilder.php(1649): CodeIgniter\Database\BaseConnection->query('SELECT `users`.`id_number`, `users`.`full_name`, `users`.`course`, `users`.`year_level_id`, `users`.`profile_pic`, `attendance`.`time_in`, `attendance`.`time_out`
FROM `users`
LEFT JOIN `attendance` ON `attendance`.`student_id` = `users`.`id_number` AND `attendance`.`event_id` = 1
WHERE `users`.`id_number` = :users.id_number:', [...], false)
 5 APPPATH\Controllers\Admin.php(38): CodeIgniter\Database\BaseBuilder->get()
 6 SYSTEMPATH\CodeIgniter.php(933): App\Controllers\Admin->index()
 7 SYSTEMPATH\CodeIgniter.php(507): CodeIgniter\CodeIgniter->runController(Object(App\Controllers\Admin))
 8 SYSTEMPATH\CodeIgniter.php(354): CodeIgniter\CodeIgniter->handleRequest(null, Object(Config\Cache), false)
 9 SYSTEMPATH\Boot.php(363): CodeIgniter\CodeIgniter->run()
10 SYSTEMPATH\Boot.php(68): CodeIgniter\Boot::runCodeIgniter(Object(CodeIgniter\CodeIgniter))
11 FCPATH\index.php(59): CodeIgniter\Boot::bootWeb(Object(Config\Paths))
ERROR - 2026-03-08 04:41:41 --> mysqli_sql_exception: Unknown column 'attendance.time_out' in 'field list' in C:\xampp\htdocs\system\system\Database\MySQLi\Connection.php:327
Stack trace:
#0 C:\xampp\htdocs\system\system\Database\MySQLi\Connection.php(327): mysqli->query('SELECT `users`....', 0)
#1 C:\xampp\htdocs\system\system\Database\BaseConnection.php(729): CodeIgniter\Database\MySQLi\Connection->execute('SELECT `users`....')
#2 C:\xampp\htdocs\system\system\Database\BaseConnection.php(646): CodeIgniter\Database\BaseConnection->simpleQuery('SELECT `users`....')
#3 C:\xampp\htdocs\system\system\Database\BaseBuilder.php(1649): CodeIgniter\Database\BaseConnection->query('SELECT `users`....', Array, false)
#4 C:\xampp\htdocs\system\app\Controllers\Admin.php(38): CodeIgniter\Database\BaseBuilder->get()
#5 C:\xampp\htdocs\system\system\CodeIgniter.php(933): App\Controllers\Admin->index()
#6 C:\xampp\htdocs\system\system\CodeIgniter.php(507): CodeIgniter\CodeIgniter->runController(Object(App\Controllers\Admin))
#7 C:\xampp\htdocs\system\system\CodeIgniter.php(354): CodeIgniter\CodeIgniter->handleRequest(NULL, Object(Config\Cache), false)
#8 C:\xampp\htdocs\system\system\Boot.php(363): CodeIgniter\CodeIgniter->run()
#9 C:\xampp\htdocs\system\system\Boot.php(68): CodeIgniter\Boot::runCodeIgniter(Object(CodeIgniter\CodeIgniter))
#10 C:\xampp\htdocs\system\public\index.php(59): CodeIgniter\Boot::bootWeb(Object(Config\Paths))
#11 {main}
CRITICAL - 2026-03-08 04:41:41 --> CodeIgniter\Database\Exceptions\DatabaseException: Unknown column 'attendance.time_out' in 'field list'
[Method: GET, Route: admin]
in SYSTEMPATH\Database\BaseConnection.php on line 684.
 1 SYSTEMPATH\Database\BaseBuilder.php(1649): CodeIgniter\Database\BaseConnection->query('SELECT `users`.`id_number`, `users`.`full_name`, `users`.`course`, `users`.`year_level_id`, `users`.`profile_pic`, `attendance`.`time_in`, `attendance`.`time_out`
FROM `users`
LEFT JOIN `attendance` ON `attendance`.`student_id` = `users`.`id_number` AND `attendance`.`event_id` = 1
WHERE `users`.`id_number` = :users.id_number:', [...], false)
 2 APPPATH\Controllers\Admin.php(38): CodeIgniter\Database\BaseBuilder->get()
 3 SYSTEMPATH\CodeIgniter.php(933): App\Controllers\Admin->index()
 4 SYSTEMPATH\CodeIgniter.php(507): CodeIgniter\CodeIgniter->runController(Object(App\Controllers\Admin))
 5 SYSTEMPATH\CodeIgniter.php(354): CodeIgniter\CodeIgniter->handleRequest(null, Object(Config\Cache), false)
 6 SYSTEMPATH\Boot.php(363): CodeIgniter\CodeIgniter->run()
 7 SYSTEMPATH\Boot.php(68): CodeIgniter\Boot::runCodeIgniter(Object(CodeIgniter\CodeIgniter))
 8 FCPATH\index.php(59): CodeIgniter\Boot::bootWeb(Object(Config\Paths))
CRITICAL - 2026-03-08 04:41:41 --> [Caused by] CodeIgniter\Database\Exceptions\DatabaseException: Unknown column 'attendance.time_out' in 'field list'
in SYSTEMPATH\Database\MySQLi\Connection.php on line 332.
 1 SYSTEMPATH\Database\BaseConnection.php(729): CodeIgniter\Database\MySQLi\Connection->execute('SELECT `users`.`id_number`, `users`.`full_name`, `users`.`course`, `users`.`year_level_id`, `users`.`profile_pic`, `attendance`.`time_in`, `attendance`.`time_out`
FROM `users`
LEFT JOIN `attendance` ON `attendance`.`student_id` = `users`.`id_number` AND `attendance`.`event_id` = 1
WHERE `users`.`id_number` = \'23-a-01234\'')
 2 SYSTEMPATH\Database\BaseConnection.php(646): CodeIgniter\Database\BaseConnection->simpleQuery('SELECT `users`.`id_number`, `users`.`full_name`, `users`.`course`, `users`.`year_level_id`, `users`.`profile_pic`, `attendance`.`time_in`, `attendance`.`time_out`
FROM `users`
LEFT JOIN `attendance` ON `attendance`.`student_id` = `users`.`id_number` AND `attendance`.`event_id` = 1
WHERE `users`.`id_number` = \'23-a-01234\'')
 3 SYSTEMPATH\Database\BaseBuilder.php(1649): CodeIgniter\Database\BaseConnection->query('SELECT `users`.`id_number`, `users`.`full_name`, `users`.`course`, `users`.`year_level_id`, `users`.`profile_pic`, `attendance`.`time_in`, `attendance`.`time_out`
FROM `users`
LEFT JOIN `attendance` ON `attendance`.`student_id` = `users`.`id_number` AND `attendance`.`event_id` = 1
WHERE `users`.`id_number` = :users.id_number:', [...], false)
 4 APPPATH\Controllers\Admin.php(38): CodeIgniter\Database\BaseBuilder->get()
 5 SYSTEMPATH\CodeIgniter.php(933): App\Controllers\Admin->index()
 6 SYSTEMPATH\CodeIgniter.php(507): CodeIgniter\CodeIgniter->runController(Object(App\Controllers\Admin))
 7 SYSTEMPATH\CodeIgniter.php(354): CodeIgniter\CodeIgniter->handleRequest(null, Object(Config\Cache), false)
 8 SYSTEMPATH\Boot.php(363): CodeIgniter\CodeIgniter->run()
 9 SYSTEMPATH\Boot.php(68): CodeIgniter\Boot::runCodeIgniter(Object(CodeIgniter\CodeIgniter))
10 FCPATH\index.php(59): CodeIgniter\Boot::bootWeb(Object(Config\Paths))
CRITICAL - 2026-03-08 04:41:41 --> [Caused by] mysqli_sql_exception: Unknown column 'attendance.time_out' in 'field list'
in SYSTEMPATH\Database\MySQLi\Connection.php on line 327.
 1 SYSTEMPATH\Database\MySQLi\Connection.php(327): mysqli->query('SELECT `users`.`id_number`, `users`.`full_name`, `users`.`course`, `users`.`year_level_id`, `users`.`profile_pic`, `attendance`.`time_in`, `attendance`.`time_out`
FROM `users`
LEFT JOIN `attendance` ON `attendance`.`student_id` = `users`.`id_number` AND `attendance`.`event_id` = 1
WHERE `users`.`id_number` = \'23-a-01234\'', 0)
 2 SYSTEMPATH\Database\BaseConnection.php(729): CodeIgniter\Database\MySQLi\Connection->execute('SELECT `users`.`id_number`, `users`.`full_name`, `users`.`course`, `users`.`year_level_id`, `users`.`profile_pic`, `attendance`.`time_in`, `attendance`.`time_out`
FROM `users`
LEFT JOIN `attendance` ON `attendance`.`student_id` = `users`.`id_number` AND `attendance`.`event_id` = 1
WHERE `users`.`id_number` = \'23-a-01234\'')
 3 SYSTEMPATH\Database\BaseConnection.php(646): CodeIgniter\Database\BaseConnection->simpleQuery('SELECT `users`.`id_number`, `users`.`full_name`, `users`.`course`, `users`.`year_level_id`, `users`.`profile_pic`, `attendance`.`time_in`, `attendance`.`time_out`
FROM `users`
LEFT JOIN `attendance` ON `attendance`.`student_id` = `users`.`id_number` AND `attendance`.`event_id` = 1
WHERE `users`.`id_number` = \'23-a-01234\'')
 4 SYSTEMPATH\Database\BaseBuilder.php(1649): CodeIgniter\Database\BaseConnection->query('SELECT `users`.`id_number`, `users`.`full_name`, `users`.`course`, `users`.`year_level_id`, `users`.`profile_pic`, `attendance`.`time_in`, `attendance`.`time_out`
FROM `users`
LEFT JOIN `attendance` ON `attendance`.`student_id` = `users`.`id_number` AND `attendance`.`event_id` = 1
WHERE `users`.`id_number` = :users.id_number:', [...], false)
 5 APPPATH\Controllers\Admin.php(38): CodeIgniter\Database\BaseBuilder->get()
 6 SYSTEMPATH\CodeIgniter.php(933): App\Controllers\Admin->index()
 7 SYSTEMPATH\CodeIgniter.php(507): CodeIgniter\CodeIgniter->runController(Object(App\Controllers\Admin))
 8 SYSTEMPATH\CodeIgniter.php(354): CodeIgniter\CodeIgniter->handleRequest(null, Object(Config\Cache), false)
 9 SYSTEMPATH\Boot.php(363): CodeIgniter\CodeIgniter->run()
10 SYSTEMPATH\Boot.php(68): CodeIgniter\Boot::runCodeIgniter(Object(CodeIgniter\CodeIgniter))
11 FCPATH\index.php(59): CodeIgniter\Boot::bootWeb(Object(Config\Paths))
ERROR - 2026-03-08 04:41:41 --> mysqli_sql_exception: Unknown column 'attendance.time_out' in 'field list' in C:\xampp\htdocs\system\system\Database\MySQLi\Connection.php:327
Stack trace:
#0 C:\xampp\htdocs\system\system\Database\MySQLi\Connection.php(327): mysqli->query('SELECT `users`....', 0)
#1 C:\xampp\htdocs\system\system\Database\BaseConnection.php(729): CodeIgniter\Database\MySQLi\Connection->execute('SELECT `users`....')
#2 C:\xampp\htdocs\system\system\Database\BaseConnection.php(646): CodeIgniter\Database\BaseConnection->simpleQuery('SELECT `users`....')
#3 C:\xampp\htdocs\system\system\Database\BaseBuilder.php(1649): CodeIgniter\Database\BaseConnection->query('SELECT `users`....', Array, false)
#4 C:\xampp\htdocs\system\app\Controllers\Admin.php(38): CodeIgniter\Database\BaseBuilder->get()
#5 C:\xampp\htdocs\system\system\CodeIgniter.php(933): App\Controllers\Admin->index()
#6 C:\xampp\htdocs\system\system\CodeIgniter.php(507): CodeIgniter\CodeIgniter->runController(Object(App\Controllers\Admin))
#7 C:\xampp\htdocs\system\system\CodeIgniter.php(354): CodeIgniter\CodeIgniter->handleRequest(NULL, Object(Config\Cache), false)
#8 C:\xampp\htdocs\system\system\Boot.php(363): CodeIgniter\CodeIgniter->run()
#9 C:\xampp\htdocs\system\system\Boot.php(68): CodeIgniter\Boot::runCodeIgniter(Object(CodeIgniter\CodeIgniter))
#10 C:\xampp\htdocs\system\public\index.php(59): CodeIgniter\Boot::bootWeb(Object(Config\Paths))
#11 {main}
CRITICAL - 2026-03-08 04:41:41 --> CodeIgniter\Database\Exceptions\DatabaseException: Unknown column 'attendance.time_out' in 'field list'
[Method: GET, Route: admin]
in SYSTEMPATH\Database\BaseConnection.php on line 684.
 1 SYSTEMPATH\Database\BaseBuilder.php(1649): CodeIgniter\Database\BaseConnection->query('SELECT `users`.`id_number`, `users`.`full_name`, `users`.`course`, `users`.`year_level_id`, `users`.`profile_pic`, `attendance`.`time_in`, `attendance`.`time_out`
FROM `users`
LEFT JOIN `attendance` ON `attendance`.`student_id` = `users`.`id_number` AND `attendance`.`event_id` = 1
WHERE `users`.`id_number` = :users.id_number:', [...], false)
 2 APPPATH\Controllers\Admin.php(38): CodeIgniter\Database\BaseBuilder->get()
 3 SYSTEMPATH\CodeIgniter.php(933): App\Controllers\Admin->index()
 4 SYSTEMPATH\CodeIgniter.php(507): CodeIgniter\CodeIgniter->runController(Object(App\Controllers\Admin))
 5 SYSTEMPATH\CodeIgniter.php(354): CodeIgniter\CodeIgniter->handleRequest(null, Object(Config\Cache), false)
 6 SYSTEMPATH\Boot.php(363): CodeIgniter\CodeIgniter->run()
 7 SYSTEMPATH\Boot.php(68): CodeIgniter\Boot::runCodeIgniter(Object(CodeIgniter\CodeIgniter))
 8 FCPATH\index.php(59): CodeIgniter\Boot::bootWeb(Object(Config\Paths))
CRITICAL - 2026-03-08 04:41:41 --> [Caused by] CodeIgniter\Database\Exceptions\DatabaseException: Unknown column 'attendance.time_out' in 'field list'
in SYSTEMPATH\Database\MySQLi\Connection.php on line 332.
 1 SYSTEMPATH\Database\BaseConnection.php(729): CodeIgniter\Database\MySQLi\Connection->execute('SELECT `users`.`id_number`, `users`.`full_name`, `users`.`course`, `users`.`year_level_id`, `users`.`profile_pic`, `attendance`.`time_in`, `attendance`.`time_out`
FROM `users`
LEFT JOIN `attendance` ON `attendance`.`student_id` = `users`.`id_number` AND `attendance`.`event_id` = 1
WHERE `users`.`id_number` = \'23-a-01234\'')
 2 SYSTEMPATH\Database\BaseConnection.php(646): CodeIgniter\Database\BaseConnection->simpleQuery('SELECT `users`.`id_number`, `users`.`full_name`, `users`.`course`, `users`.`year_level_id`, `users`.`profile_pic`, `attendance`.`time_in`, `attendance`.`time_out`
FROM `users`
LEFT JOIN `attendance` ON `attendance`.`student_id` = `users`.`id_number` AND `attendance`.`event_id` = 1
WHERE `users`.`id_number` = \'23-a-01234\'')
 3 SYSTEMPATH\Database\BaseBuilder.php(1649): CodeIgniter\Database\BaseConnection->query('SELECT `users`.`id_number`, `users`.`full_name`, `users`.`course`, `users`.`year_level_id`, `users`.`profile_pic`, `attendance`.`time_in`, `attendance`.`time_out`
FROM `users`
LEFT JOIN `attendance` ON `attendance`.`student_id` = `users`.`id_number` AND `attendance`.`event_id` = 1
WHERE `users`.`id_number` = :users.id_number:', [...], false)
 4 APPPATH\Controllers\Admin.php(38): CodeIgniter\Database\BaseBuilder->get()
 5 SYSTEMPATH\CodeIgniter.php(933): App\Controllers\Admin->index()
 6 SYSTEMPATH\CodeIgniter.php(507): CodeIgniter\CodeIgniter->runController(Object(App\Controllers\Admin))
 7 SYSTEMPATH\CodeIgniter.php(354): CodeIgniter\CodeIgniter->handleRequest(null, Object(Config\Cache), false)
 8 SYSTEMPATH\Boot.php(363): CodeIgniter\CodeIgniter->run()
 9 SYSTEMPATH\Boot.php(68): CodeIgniter\Boot::runCodeIgniter(Object(CodeIgniter\CodeIgniter))
10 FCPATH\index.php(59): CodeIgniter\Boot::bootWeb(Object(Config\Paths))
CRITICAL - 2026-03-08 04:41:41 --> [Caused by] mysqli_sql_exception: Unknown column 'attendance.time_out' in 'field list'
in SYSTEMPATH\Database\MySQLi\Connection.php on line 327.
 1 SYSTEMPATH\Database\MySQLi\Connection.php(327): mysqli->query('SELECT `users`.`id_number`, `users`.`full_name`, `users`.`course`, `users`.`year_level_id`, `users`.`profile_pic`, `attendance`.`time_in`, `attendance`.`time_out`
FROM `users`
LEFT JOIN `attendance` ON `attendance`.`student_id` = `users`.`id_number` AND `attendance`.`event_id` = 1
WHERE `users`.`id_number` = \'23-a-01234\'', 0)
 2 SYSTEMPATH\Database\BaseConnection.php(729): CodeIgniter\Database\MySQLi\Connection->execute('SELECT `users`.`id_number`, `users`.`full_name`, `users`.`course`, `users`.`year_level_id`, `users`.`profile_pic`, `attendance`.`time_in`, `attendance`.`time_out`
FROM `users`
LEFT JOIN `attendance` ON `attendance`.`student_id` = `users`.`id_number` AND `attendance`.`event_id` = 1
WHERE `users`.`id_number` = \'23-a-01234\'')
 3 SYSTEMPATH\Database\BaseConnection.php(646): CodeIgniter\Database\BaseConnection->simpleQuery('SELECT `users`.`id_number`, `users`.`full_name`, `users`.`course`, `users`.`year_level_id`, `users`.`profile_pic`, `attendance`.`time_in`, `attendance`.`time_out`
FROM `users`
LEFT JOIN `attendance` ON `attendance`.`student_id` = `users`.`id_number` AND `attendance`.`event_id` = 1
WHERE `users`.`id_number` = \'23-a-01234\'')
 4 SYSTEMPATH\Database\BaseBuilder.php(1649): CodeIgniter\Database\BaseConnection->query('SELECT `users`.`id_number`, `users`.`full_name`, `users`.`course`, `users`.`year_level_id`, `users`.`profile_pic`, `attendance`.`time_in`, `attendance`.`time_out`
FROM `users`
LEFT JOIN `attendance` ON `attendance`.`student_id` = `users`.`id_number` AND `attendance`.`event_id` = 1
WHERE `users`.`id_number` = :users.id_number:', [...], false)
 5 APPPATH\Controllers\Admin.php(38): CodeIgniter\Database\BaseBuilder->get()
 6 SYSTEMPATH\CodeIgniter.php(933): App\Controllers\Admin->index()
 7 SYSTEMPATH\CodeIgniter.php(507): CodeIgniter\CodeIgniter->runController(Object(App\Controllers\Admin))
 8 SYSTEMPATH\CodeIgniter.php(354): CodeIgniter\CodeIgniter->handleRequest(null, Object(Config\Cache), false)
 9 SYSTEMPATH\Boot.php(363): CodeIgniter\CodeIgniter->run()
10 SYSTEMPATH\Boot.php(68): CodeIgniter\Boot::runCodeIgniter(Object(CodeIgniter\CodeIgniter))
11 FCPATH\index.php(59): CodeIgniter\Boot::bootWeb(Object(Config\Paths))
ERROR - 2026-03-08 04:52:41 --> mysqli_sql_exception: Unknown column 'attendance.time_out' in 'field list' in C:\xampp\htdocs\system\system\Database\MySQLi\Connection.php:327
Stack trace:
#0 C:\xampp\htdocs\system\system\Database\MySQLi\Connection.php(327): mysqli->query('SELECT `users`....', 0)
#1 C:\xampp\htdocs\system\system\Database\BaseConnection.php(729): CodeIgniter\Database\MySQLi\Connection->execute('SELECT `users`....')
#2 C:\xampp\htdocs\system\system\Database\BaseConnection.php(646): CodeIgniter\Database\BaseConnection->simpleQuery('SELECT `users`....')
#3 C:\xampp\htdocs\system\system\Database\BaseBuilder.php(1649): CodeIgniter\Database\BaseConnection->query('SELECT `users`....', Array, false)
#4 C:\xampp\htdocs\system\app\Controllers\Admin.php(38): CodeIgniter\Database\BaseBuilder->get()
#5 C:\xampp\htdocs\system\system\CodeIgniter.php(933): App\Controllers\Admin->index()
#6 C:\xampp\htdocs\system\system\CodeIgniter.php(507): CodeIgniter\CodeIgniter->runController(Object(App\Controllers\Admin))
#7 C:\xampp\htdocs\system\system\CodeIgniter.php(354): CodeIgniter\CodeIgniter->handleRequest(NULL, Object(Config\Cache), false)
#8 C:\xampp\htdocs\system\system\Boot.php(363): CodeIgniter\CodeIgniter->run()
#9 C:\xampp\htdocs\system\system\Boot.php(68): CodeIgniter\Boot::runCodeIgniter(Object(CodeIgniter\CodeIgniter))
#10 C:\xampp\htdocs\system\public\index.php(59): CodeIgniter\Boot::bootWeb(Object(Config\Paths))
#11 {main}
CRITICAL - 2026-03-08 04:52:41 --> CodeIgniter\Database\Exceptions\DatabaseException: Unknown column 'attendance.time_out' in 'field list'
[Method: GET, Route: admin]
in SYSTEMPATH\Database\BaseConnection.php on line 684.
 1 SYSTEMPATH\Database\BaseBuilder.php(1649): CodeIgniter\Database\BaseConnection->query('SELECT `users`.`id_number`, `users`.`full_name`, `users`.`course`, `users`.`year_level_id`, `users`.`profile_pic`, `attendance`.`time_in`, `attendance`.`time_out`
FROM `users`
LEFT JOIN `attendance` ON `attendance`.`student_id` = `users`.`id_number` AND `attendance`.`event_id` = 1
WHERE `users`.`id_number` = :users.id_number:', [...], false)
 2 APPPATH\Controllers\Admin.php(38): CodeIgniter\Database\BaseBuilder->get()
 3 SYSTEMPATH\CodeIgniter.php(933): App\Controllers\Admin->index()
 4 SYSTEMPATH\CodeIgniter.php(507): CodeIgniter\CodeIgniter->runController(Object(App\Controllers\Admin))
 5 SYSTEMPATH\CodeIgniter.php(354): CodeIgniter\CodeIgniter->handleRequest(null, Object(Config\Cache), false)
 6 SYSTEMPATH\Boot.php(363): CodeIgniter\CodeIgniter->run()
 7 SYSTEMPATH\Boot.php(68): CodeIgniter\Boot::runCodeIgniter(Object(CodeIgniter\CodeIgniter))
 8 FCPATH\index.php(59): CodeIgniter\Boot::bootWeb(Object(Config\Paths))
CRITICAL - 2026-03-08 04:52:41 --> [Caused by] CodeIgniter\Database\Exceptions\DatabaseException: Unknown column 'attendance.time_out' in 'field list'
in SYSTEMPATH\Database\MySQLi\Connection.php on line 332.
 1 SYSTEMPATH\Database\BaseConnection.php(729): CodeIgniter\Database\MySQLi\Connection->execute('SELECT `users`.`id_number`, `users`.`full_name`, `users`.`course`, `users`.`year_level_id`, `users`.`profile_pic`, `attendance`.`time_in`, `attendance`.`time_out`
FROM `users`
LEFT JOIN `attendance` ON `attendance`.`student_id` = `users`.`id_number` AND `attendance`.`event_id` = 1
WHERE `users`.`id_number` = \'23-a-01234\'')
 2 SYSTEMPATH\Database\BaseConnection.php(646): CodeIgniter\Database\BaseConnection->simpleQuery('SELECT `users`.`id_number`, `users`.`full_name`, `users`.`course`, `users`.`year_level_id`, `users`.`profile_pic`, `attendance`.`time_in`, `attendance`.`time_out`
FROM `users`
LEFT JOIN `attendance` ON `attendance`.`student_id` = `users`.`id_number` AND `attendance`.`event_id` = 1
WHERE `users`.`id_number` = \'23-a-01234\'')
 3 SYSTEMPATH\Database\BaseBuilder.php(1649): CodeIgniter\Database\BaseConnection->query('SELECT `users`.`id_number`, `users`.`full_name`, `users`.`course`, `users`.`year_level_id`, `users`.`profile_pic`, `attendance`.`time_in`, `attendance`.`time_out`
FROM `users`
LEFT JOIN `attendance` ON `attendance`.`student_id` = `users`.`id_number` AND `attendance`.`event_id` = 1
WHERE `users`.`id_number` = :users.id_number:', [...], false)
 4 APPPATH\Controllers\Admin.php(38): CodeIgniter\Database\BaseBuilder->get()
 5 SYSTEMPATH\CodeIgniter.php(933): App\Controllers\Admin->index()
 6 SYSTEMPATH\CodeIgniter.php(507): CodeIgniter\CodeIgniter->runController(Object(App\Controllers\Admin))
 7 SYSTEMPATH\CodeIgniter.php(354): CodeIgniter\CodeIgniter->handleRequest(null, Object(Config\Cache), false)
 8 SYSTEMPATH\Boot.php(363): CodeIgniter\CodeIgniter->run()
 9 SYSTEMPATH\Boot.php(68): CodeIgniter\Boot::runCodeIgniter(Object(CodeIgniter\CodeIgniter))
10 FCPATH\index.php(59): CodeIgniter\Boot::bootWeb(Object(Config\Paths))
CRITICAL - 2026-03-08 04:52:41 --> [Caused by] mysqli_sql_exception: Unknown column 'attendance.time_out' in 'field list'
in SYSTEMPATH\Database\MySQLi\Connection.php on line 327.
 1 SYSTEMPATH\Database\MySQLi\Connection.php(327): mysqli->query('SELECT `users`.`id_number`, `users`.`full_name`, `users`.`course`, `users`.`year_level_id`, `users`.`profile_pic`, `attendance`.`time_in`, `attendance`.`time_out`
FROM `users`
LEFT JOIN `attendance` ON `attendance`.`student_id` = `users`.`id_number` AND `attendance`.`event_id` = 1
WHERE `users`.`id_number` = \'23-a-01234\'', 0)
 2 SYSTEMPATH\Database\BaseConnection.php(729): CodeIgniter\Database\MySQLi\Connection->execute('SELECT `users`.`id_number`, `users`.`full_name`, `users`.`course`, `users`.`year_level_id`, `users`.`profile_pic`, `attendance`.`time_in`, `attendance`.`time_out`
FROM `users`
LEFT JOIN `attendance` ON `attendance`.`student_id` = `users`.`id_number` AND `attendance`.`event_id` = 1
WHERE `users`.`id_number` = \'23-a-01234\'')
 3 SYSTEMPATH\Database\BaseConnection.php(646): CodeIgniter\Database\BaseConnection->simpleQuery('SELECT `users`.`id_number`, `users`.`full_name`, `users`.`course`, `users`.`year_level_id`, `users`.`profile_pic`, `attendance`.`time_in`, `attendance`.`time_out`
FROM `users`
LEFT JOIN `attendance` ON `attendance`.`student_id` = `users`.`id_number` AND `attendance`.`event_id` = 1
WHERE `users`.`id_number` = \'23-a-01234\'')
 4 SYSTEMPATH\Database\BaseBuilder.php(1649): CodeIgniter\Database\BaseConnection->query('SELECT `users`.`id_number`, `users`.`full_name`, `users`.`course`, `users`.`year_level_id`, `users`.`profile_pic`, `attendance`.`time_in`, `attendance`.`time_out`
FROM `users`
LEFT JOIN `attendance` ON `attendance`.`student_id` = `users`.`id_number` AND `attendance`.`event_id` = 1
WHERE `users`.`id_number` = :users.id_number:', [...], false)
 5 APPPATH\Controllers\Admin.php(38): CodeIgniter\Database\BaseBuilder->get()
 6 SYSTEMPATH\CodeIgniter.php(933): App\Controllers\Admin->index()
 7 SYSTEMPATH\CodeIgniter.php(507): CodeIgniter\CodeIgniter->runController(Object(App\Controllers\Admin))
 8 SYSTEMPATH\CodeIgniter.php(354): CodeIgniter\CodeIgniter->handleRequest(null, Object(Config\Cache), false)
 9 SYSTEMPATH\Boot.php(363): CodeIgniter\CodeIgniter->run()
10 SYSTEMPATH\Boot.php(68): CodeIgniter\Boot::runCodeIgniter(Object(CodeIgniter\CodeIgniter))
11 FCPATH\index.php(59): CodeIgniter\Boot::bootWeb(Object(Config\Paths))
ERROR - 2026-03-08 04:52:56 --> mysqli_sql_exception: Unknown column 'attendance.time_out' in 'field list' in C:\xampp\htdocs\system\system\Database\MySQLi\Connection.php:327
Stack trace:
#0 C:\xampp\htdocs\system\system\Database\MySQLi\Connection.php(327): mysqli->query('SELECT `users`....', 0)
#1 C:\xampp\htdocs\system\system\Database\BaseConnection.php(729): CodeIgniter\Database\MySQLi\Connection->execute('SELECT `users`....')
#2 C:\xampp\htdocs\system\system\Database\BaseConnection.php(646): CodeIgniter\Database\BaseConnection->simpleQuery('SELECT `users`....')
#3 C:\xampp\htdocs\system\system\Database\BaseBuilder.php(1649): CodeIgniter\Database\BaseConnection->query('SELECT `users`....', Array, false)
#4 C:\xampp\htdocs\system\app\Controllers\Admin.php(38): CodeIgniter\Database\BaseBuilder->get()
#5 C:\xampp\htdocs\system\system\CodeIgniter.php(933): App\Controllers\Admin->index()
#6 C:\xampp\htdocs\system\system\CodeIgniter.php(507): CodeIgniter\CodeIgniter->runController(Object(App\Controllers\Admin))
#7 C:\xampp\htdocs\system\system\CodeIgniter.php(354): CodeIgniter\CodeIgniter->handleRequest(NULL, Object(Config\Cache), false)
#8 C:\xampp\htdocs\system\system\Boot.php(363): CodeIgniter\CodeIgniter->run()
#9 C:\xampp\htdocs\system\system\Boot.php(68): CodeIgniter\Boot::runCodeIgniter(Object(CodeIgniter\CodeIgniter))
#10 C:\xampp\htdocs\system\public\index.php(59): CodeIgniter\Boot::bootWeb(Object(Config\Paths))
#11 {main}
CRITICAL - 2026-03-08 04:52:56 --> CodeIgniter\Database\Exceptions\DatabaseException: Unknown column 'attendance.time_out' in 'field list'
[Method: GET, Route: admin]
in SYSTEMPATH\Database\BaseConnection.php on line 684.
 1 SYSTEMPATH\Database\BaseBuilder.php(1649): CodeIgniter\Database\BaseConnection->query('SELECT `users`.`id_number`, `users`.`full_name`, `users`.`course`, `users`.`year_level_id`, `users`.`profile_pic`, `attendance`.`time_in`, `attendance`.`time_out`
FROM `users`
LEFT JOIN `attendance` ON `attendance`.`student_id` = `users`.`id_number` AND `attendance`.`event_id` = 1
WHERE `users`.`id_number` = :users.id_number:', [...], false)
 2 APPPATH\Controllers\Admin.php(38): CodeIgniter\Database\BaseBuilder->get()
 3 SYSTEMPATH\CodeIgniter.php(933): App\Controllers\Admin->index()
 4 SYSTEMPATH\CodeIgniter.php(507): CodeIgniter\CodeIgniter->runController(Object(App\Controllers\Admin))
 5 SYSTEMPATH\CodeIgniter.php(354): CodeIgniter\CodeIgniter->handleRequest(null, Object(Config\Cache), false)
 6 SYSTEMPATH\Boot.php(363): CodeIgniter\CodeIgniter->run()
 7 SYSTEMPATH\Boot.php(68): CodeIgniter\Boot::runCodeIgniter(Object(CodeIgniter\CodeIgniter))
 8 FCPATH\index.php(59): CodeIgniter\Boot::bootWeb(Object(Config\Paths))
CRITICAL - 2026-03-08 04:52:56 --> [Caused by] CodeIgniter\Database\Exceptions\DatabaseException: Unknown column 'attendance.time_out' in 'field list'
in SYSTEMPATH\Database\MySQLi\Connection.php on line 332.
 1 SYSTEMPATH\Database\BaseConnection.php(729): CodeIgniter\Database\MySQLi\Connection->execute('SELECT `users`.`id_number`, `users`.`full_name`, `users`.`course`, `users`.`year_level_id`, `users`.`profile_pic`, `attendance`.`time_in`, `attendance`.`time_out`
FROM `users`
LEFT JOIN `attendance` ON `attendance`.`student_id` = `users`.`id_number` AND `attendance`.`event_id` = 1
WHERE `users`.`id_number` = \'23-a-01647\'')
 2 SYSTEMPATH\Database\BaseConnection.php(646): CodeIgniter\Database\BaseConnection->simpleQuery('SELECT `users`.`id_number`, `users`.`full_name`, `users`.`course`, `users`.`year_level_id`, `users`.`profile_pic`, `attendance`.`time_in`, `attendance`.`time_out`
FROM `users`
LEFT JOIN `attendance` ON `attendance`.`student_id` = `users`.`id_number` AND `attendance`.`event_id` = 1
WHERE `users`.`id_number` = \'23-a-01647\'')
 3 SYSTEMPATH\Database\BaseBuilder.php(1649): CodeIgniter\Database\BaseConnection->query('SELECT `users`.`id_number`, `users`.`full_name`, `users`.`course`, `users`.`year_level_id`, `users`.`profile_pic`, `attendance`.`time_in`, `attendance`.`time_out`
FROM `users`
LEFT JOIN `attendance` ON `attendance`.`student_id` = `users`.`id_number` AND `attendance`.`event_id` = 1
WHERE `users`.`id_number` = :users.id_number:', [...], false)
 4 APPPATH\Controllers\Admin.php(38): CodeIgniter\Database\BaseBuilder->get()
 5 SYSTEMPATH\CodeIgniter.php(933): App\Controllers\Admin->index()
 6 SYSTEMPATH\CodeIgniter.php(507): CodeIgniter\CodeIgniter->runController(Object(App\Controllers\Admin))
 7 SYSTEMPATH\CodeIgniter.php(354): CodeIgniter\CodeIgniter->handleRequest(null, Object(Config\Cache), false)
 8 SYSTEMPATH\Boot.php(363): CodeIgniter\CodeIgniter->run()
 9 SYSTEMPATH\Boot.php(68): CodeIgniter\Boot::runCodeIgniter(Object(CodeIgniter\CodeIgniter))
10 FCPATH\index.php(59): CodeIgniter\Boot::bootWeb(Object(Config\Paths))
CRITICAL - 2026-03-08 04:52:56 --> [Caused by] mysqli_sql_exception: Unknown column 'attendance.time_out' in 'field list'
in SYSTEMPATH\Database\MySQLi\Connection.php on line 327.
 1 SYSTEMPATH\Database\MySQLi\Connection.php(327): mysqli->query('SELECT `users`.`id_number`, `users`.`full_name`, `users`.`course`, `users`.`year_level_id`, `users`.`profile_pic`, `attendance`.`time_in`, `attendance`.`time_out`
FROM `users`
LEFT JOIN `attendance` ON `attendance`.`student_id` = `users`.`id_number` AND `attendance`.`event_id` = 1
WHERE `users`.`id_number` = \'23-a-01647\'', 0)
 2 SYSTEMPATH\Database\BaseConnection.php(729): CodeIgniter\Database\MySQLi\Connection->execute('SELECT `users`.`id_number`, `users`.`full_name`, `users`.`course`, `users`.`year_level_id`, `users`.`profile_pic`, `attendance`.`time_in`, `attendance`.`time_out`
FROM `users`
LEFT JOIN `attendance` ON `attendance`.`student_id` = `users`.`id_number` AND `attendance`.`event_id` = 1
WHERE `users`.`id_number` = \'23-a-01647\'')
 3 SYSTEMPATH\Database\BaseConnection.php(646): CodeIgniter\Database\BaseConnection->simpleQuery('SELECT `users`.`id_number`, `users`.`full_name`, `users`.`course`, `users`.`year_level_id`, `users`.`profile_pic`, `attendance`.`time_in`, `attendance`.`time_out`
FROM `users`
LEFT JOIN `attendance` ON `attendance`.`student_id` = `users`.`id_number` AND `attendance`.`event_id` = 1
WHERE `users`.`id_number` = \'23-a-01647\'')
 4 SYSTEMPATH\Database\BaseBuilder.php(1649): CodeIgniter\Database\BaseConnection->query('SELECT `users`.`id_number`, `users`.`full_name`, `users`.`course`, `users`.`year_level_id`, `users`.`profile_pic`, `attendance`.`time_in`, `attendance`.`time_out`
FROM `users`
LEFT JOIN `attendance` ON `attendance`.`student_id` = `users`.`id_number` AND `attendance`.`event_id` = 1
WHERE `users`.`id_number` = :users.id_number:', [...], false)
 5 APPPATH\Controllers\Admin.php(38): CodeIgniter\Database\BaseBuilder->get()
 6 SYSTEMPATH\CodeIgniter.php(933): App\Controllers\Admin->index()
 7 SYSTEMPATH\CodeIgniter.php(507): CodeIgniter\CodeIgniter->runController(Object(App\Controllers\Admin))
 8 SYSTEMPATH\CodeIgniter.php(354): CodeIgniter\CodeIgniter->handleRequest(null, Object(Config\Cache), false)
 9 SYSTEMPATH\Boot.php(363): CodeIgniter\CodeIgniter->run()
10 SYSTEMPATH\Boot.php(68): CodeIgniter\Boot::runCodeIgniter(Object(CodeIgniter\CodeIgniter))
11 FCPATH\index.php(59): CodeIgniter\Boot::bootWeb(Object(Config\Paths))
ERROR - 2026-03-08 04:58:45 --> mysqli_sql_exception: Unknown column 'attendance.time_out' in 'field list' in C:\xampp\htdocs\system\system\Database\MySQLi\Connection.php:327
Stack trace:
#0 C:\xampp\htdocs\system\system\Database\MySQLi\Connection.php(327): mysqli->query('SELECT `users`....', 0)
#1 C:\xampp\htdocs\system\system\Database\BaseConnection.php(729): CodeIgniter\Database\MySQLi\Connection->execute('SELECT `users`....')
#2 C:\xampp\htdocs\system\system\Database\BaseConnection.php(646): CodeIgniter\Database\BaseConnection->simpleQuery('SELECT `users`....')
#3 C:\xampp\htdocs\system\system\Database\BaseBuilder.php(1649): CodeIgniter\Database\BaseConnection->query('SELECT `users`....', Array, false)
#4 C:\xampp\htdocs\system\app\Controllers\Admin.php(165): CodeIgniter\Database\BaseBuilder->get()
#5 C:\xampp\htdocs\system\system\CodeIgniter.php(933): App\Controllers\Admin->attendance_monitoring()
#6 C:\xampp\htdocs\system\system\CodeIgniter.php(507): CodeIgniter\CodeIgniter->runController(Object(App\Controllers\Admin))
#7 C:\xampp\htdocs\system\system\CodeIgniter.php(354): CodeIgniter\CodeIgniter->handleRequest(NULL, Object(Config\Cache), false)
#8 C:\xampp\htdocs\system\system\Boot.php(363): CodeIgniter\CodeIgniter->run()
#9 C:\xampp\htdocs\system\system\Boot.php(68): CodeIgniter\Boot::runCodeIgniter(Object(CodeIgniter\CodeIgniter))
#10 C:\xampp\htdocs\system\public\index.php(59): CodeIgniter\Boot::bootWeb(Object(Config\Paths))
#11 {main}
CRITICAL - 2026-03-08 04:58:45 --> CodeIgniter\Database\Exceptions\DatabaseException: Unknown column 'attendance.time_out' in 'field list'
[Method: GET, Route: admin/attendance_monitoring]
in SYSTEMPATH\Database\BaseConnection.php on line 684.
 1 SYSTEMPATH\Database\BaseBuilder.php(1649): CodeIgniter\Database\BaseConnection->query('SELECT `users`.`id_number`, `users`.`full_name`, `users`.`profile_pic`, `users`.`course`, `users`.`year_level_id`, `attendance`.`time_in`, `attendance`.`time_out`
FROM `users`
LEFT JOIN `attendance` ON `attendance`.`student_id` = `users`.`id_number` AND `attendance`.`event_id` = 1
WHERE `users`.`id_number` = :users.id_number:', [...], false)
 2 APPPATH\Controllers\Admin.php(165): CodeIgniter\Database\BaseBuilder->get()
 3 SYSTEMPATH\CodeIgniter.php(933): App\Controllers\Admin->attendance_monitoring()
 4 SYSTEMPATH\CodeIgniter.php(507): CodeIgniter\CodeIgniter->runController(Object(App\Controllers\Admin))
 5 SYSTEMPATH\CodeIgniter.php(354): CodeIgniter\CodeIgniter->handleRequest(null, Object(Config\Cache), false)
 6 SYSTEMPATH\Boot.php(363): CodeIgniter\CodeIgniter->run()
 7 SYSTEMPATH\Boot.php(68): CodeIgniter\Boot::runCodeIgniter(Object(CodeIgniter\CodeIgniter))
 8 FCPATH\index.php(59): CodeIgniter\Boot::bootWeb(Object(Config\Paths))
CRITICAL - 2026-03-08 04:58:45 --> [Caused by] CodeIgniter\Database\Exceptions\DatabaseException: Unknown column 'attendance.time_out' in 'field list'
in SYSTEMPATH\Database\MySQLi\Connection.php on line 332.
 1 SYSTEMPATH\Database\BaseConnection.php(729): CodeIgniter\Database\MySQLi\Connection->execute('SELECT `users`.`id_number`, `users`.`full_name`, `users`.`profile_pic`, `users`.`course`, `users`.`year_level_id`, `attendance`.`time_in`, `attendance`.`time_out`
FROM `users`
LEFT JOIN `attendance` ON `attendance`.`student_id` = `users`.`id_number` AND `attendance`.`event_id` = 1
WHERE `users`.`id_number` = \'23-a-01647\'')
 2 SYSTEMPATH\Database\BaseConnection.php(646): CodeIgniter\Database\BaseConnection->simpleQuery('SELECT `users`.`id_number`, `users`.`full_name`, `users`.`profile_pic`, `users`.`course`, `users`.`year_level_id`, `attendance`.`time_in`, `attendance`.`time_out`
FROM `users`
LEFT JOIN `attendance` ON `attendance`.`student_id` = `users`.`id_number` AND `attendance`.`event_id` = 1
WHERE `users`.`id_number` = \'23-a-01647\'')
 3 SYSTEMPATH\Database\BaseBuilder.php(1649): CodeIgniter\Database\BaseConnection->query('SELECT `users`.`id_number`, `users`.`full_name`, `users`.`profile_pic`, `users`.`course`, `users`.`year_level_id`, `attendance`.`time_in`, `attendance`.`time_out`
FROM `users`
LEFT JOIN `attendance` ON `attendance`.`student_id` = `users`.`id_number` AND `attendance`.`event_id` = 1
WHERE `users`.`id_number` = :users.id_number:', [...], false)
 4 APPPATH\Controllers\Admin.php(165): CodeIgniter\Database\BaseBuilder->get()
 5 SYSTEMPATH\CodeIgniter.php(933): App\Controllers\Admin->attendance_monitoring()
 6 SYSTEMPATH\CodeIgniter.php(507): CodeIgniter\CodeIgniter->runController(Object(App\Controllers\Admin))
 7 SYSTEMPATH\CodeIgniter.php(354): CodeIgniter\CodeIgniter->handleRequest(null, Object(Config\Cache), false)
 8 SYSTEMPATH\Boot.php(363): CodeIgniter\CodeIgniter->run()
 9 SYSTEMPATH\Boot.php(68): CodeIgniter\Boot::runCodeIgniter(Object(CodeIgniter\CodeIgniter))
10 FCPATH\index.php(59): CodeIgniter\Boot::bootWeb(Object(Config\Paths))
CRITICAL - 2026-03-08 04:58:45 --> [Caused by] mysqli_sql_exception: Unknown column 'attendance.time_out' in 'field list'
in SYSTEMPATH\Database\MySQLi\Connection.php on line 327.
 1 SYSTEMPATH\Database\MySQLi\Connection.php(327): mysqli->query('SELECT `users`.`id_number`, `users`.`full_name`, `users`.`profile_pic`, `users`.`course`, `users`.`year_level_id`, `attendance`.`time_in`, `attendance`.`time_out`
FROM `users`
LEFT JOIN `attendance` ON `attendance`.`student_id` = `users`.`id_number` AND `attendance`.`event_id` = 1
WHERE `users`.`id_number` = \'23-a-01647\'', 0)
 2 SYSTEMPATH\Database\BaseConnection.php(729): CodeIgniter\Database\MySQLi\Connection->execute('SELECT `users`.`id_number`, `users`.`full_name`, `users`.`profile_pic`, `users`.`course`, `users`.`year_level_id`, `attendance`.`time_in`, `attendance`.`time_out`
FROM `users`
LEFT JOIN `attendance` ON `attendance`.`student_id` = `users`.`id_number` AND `attendance`.`event_id` = 1
WHERE `users`.`id_number` = \'23-a-01647\'')
 3 SYSTEMPATH\Database\BaseConnection.php(646): CodeIgniter\Database\BaseConnection->simpleQuery('SELECT `users`.`id_number`, `users`.`full_name`, `users`.`profile_pic`, `users`.`course`, `users`.`year_level_id`, `attendance`.`time_in`, `attendance`.`time_out`
FROM `users`
LEFT JOIN `attendance` ON `attendance`.`student_id` = `users`.`id_number` AND `attendance`.`event_id` = 1
WHERE `users`.`id_number` = \'23-a-01647\'')
 4 SYSTEMPATH\Database\BaseBuilder.php(1649): CodeIgniter\Database\BaseConnection->query('SELECT `users`.`id_number`, `users`.`full_name`, `users`.`profile_pic`, `users`.`course`, `users`.`year_level_id`, `attendance`.`time_in`, `attendance`.`time_out`
FROM `users`
LEFT JOIN `attendance` ON `attendance`.`student_id` = `users`.`id_number` AND `attendance`.`event_id` = 1
WHERE `users`.`id_number` = :users.id_number:', [...], false)
 5 APPPATH\Controllers\Admin.php(165): CodeIgniter\Database\BaseBuilder->get()
 6 SYSTEMPATH\CodeIgniter.php(933): App\Controllers\Admin->attendance_monitoring()
 7 SYSTEMPATH\CodeIgniter.php(507): CodeIgniter\CodeIgniter->runController(Object(App\Controllers\Admin))
 8 SYSTEMPATH\CodeIgniter.php(354): CodeIgniter\CodeIgniter->handleRequest(null, Object(Config\Cache), false)
 9 SYSTEMPATH\Boot.php(363): CodeIgniter\CodeIgniter->run()
10 SYSTEMPATH\Boot.php(68): CodeIgniter\Boot::runCodeIgniter(Object(CodeIgniter\CodeIgniter))
11 FCPATH\index.php(59): CodeIgniter\Boot::bootWeb(Object(Config\Paths))
ERROR - 2026-03-08 05:00:53 --> mysqli_sql_exception: Unknown column 'attendance.time_out' in 'field list' in C:\xampp\htdocs\system\system\Database\MySQLi\Connection.php:327
Stack trace:
#0 C:\xampp\htdocs\system\system\Database\MySQLi\Connection.php(327): mysqli->query('SELECT `users`....', 0)
#1 C:\xampp\htdocs\system\system\Database\BaseConnection.php(729): CodeIgniter\Database\MySQLi\Connection->execute('SELECT `users`....')
#2 C:\xampp\htdocs\system\system\Database\BaseConnection.php(646): CodeIgniter\Database\BaseConnection->simpleQuery('SELECT `users`....')
#3 C:\xampp\htdocs\system\system\Database\BaseBuilder.php(1649): CodeIgniter\Database\BaseConnection->query('SELECT `users`....', Array, false)
#4 C:\xampp\htdocs\system\app\Controllers\Admin.php(169): CodeIgniter\Database\BaseBuilder->get()
#5 C:\xampp\htdocs\system\system\CodeIgniter.php(933): App\Controllers\Admin->attendance_monitoring()
#6 C:\xampp\htdocs\system\system\CodeIgniter.php(507): CodeIgniter\CodeIgniter->runController(Object(App\Controllers\Admin))
#7 C:\xampp\htdocs\system\system\CodeIgniter.php(354): CodeIgniter\CodeIgniter->handleRequest(NULL, Object(Config\Cache), false)
#8 C:\xampp\htdocs\system\system\Boot.php(363): CodeIgniter\CodeIgniter->run()
#9 C:\xampp\htdocs\system\system\Boot.php(68): CodeIgniter\Boot::runCodeIgniter(Object(CodeIgniter\CodeIgniter))
#10 C:\xampp\htdocs\system\public\index.php(59): CodeIgniter\Boot::bootWeb(Object(Config\Paths))
#11 {main}
CRITICAL - 2026-03-08 05:00:53 --> CodeIgniter\Database\Exceptions\DatabaseException: Unknown column 'attendance.time_out' in 'field list'
[Method: GET, Route: admin/attendance_monitoring]
in SYSTEMPATH\Database\BaseConnection.php on line 684.
 1 SYSTEMPATH\Database\BaseBuilder.php(1649): CodeIgniter\Database\BaseConnection->query('SELECT `users`.`id_number`, `users`.`full_name`, `users`.`profile_pic`, `users`.`course`, `users`.`year_level_id`, `attendance`.`time_in`, `attendance`.`time_out`
FROM `users`
LEFT JOIN `attendance` ON `attendance`.`student_id` = `users`.`id_number` AND `attendance`.`event_id` = 1
WHERE `users`.`id_number` = :users.id_number:', [...], false)
 2 APPPATH\Controllers\Admin.php(169): CodeIgniter\Database\BaseBuilder->get()
 3 SYSTEMPATH\CodeIgniter.php(933): App\Controllers\Admin->attendance_monitoring()
 4 SYSTEMPATH\CodeIgniter.php(507): CodeIgniter\CodeIgniter->runController(Object(App\Controllers\Admin))
 5 SYSTEMPATH\CodeIgniter.php(354): CodeIgniter\CodeIgniter->handleRequest(null, Object(Config\Cache), false)
 6 SYSTEMPATH\Boot.php(363): CodeIgniter\CodeIgniter->run()
 7 SYSTEMPATH\Boot.php(68): CodeIgniter\Boot::runCodeIgniter(Object(CodeIgniter\CodeIgniter))
 8 FCPATH\index.php(59): CodeIgniter\Boot::bootWeb(Object(Config\Paths))
CRITICAL - 2026-03-08 05:00:53 --> [Caused by] CodeIgniter\Database\Exceptions\DatabaseException: Unknown column 'attendance.time_out' in 'field list'
in SYSTEMPATH\Database\MySQLi\Connection.php on line 332.
 1 SYSTEMPATH\Database\BaseConnection.php(729): CodeIgniter\Database\MySQLi\Connection->execute('SELECT `users`.`id_number`, `users`.`full_name`, `users`.`profile_pic`, `users`.`course`, `users`.`year_level_id`, `attendance`.`time_in`, `attendance`.`time_out`
FROM `users`
LEFT JOIN `attendance` ON `attendance`.`student_id` = `users`.`id_number` AND `attendance`.`event_id` = 1
WHERE `users`.`id_number` = \'23-a-01647\'')
 2 SYSTEMPATH\Database\BaseConnection.php(646): CodeIgniter\Database\BaseConnection->simpleQuery('SELECT `users`.`id_number`, `users`.`full_name`, `users`.`profile_pic`, `users`.`course`, `users`.`year_level_id`, `attendance`.`time_in`, `attendance`.`time_out`
FROM `users`
LEFT JOIN `attendance` ON `attendance`.`student_id` = `users`.`id_number` AND `attendance`.`event_id` = 1
WHERE `users`.`id_number` = \'23-a-01647\'')
 3 SYSTEMPATH\Database\BaseBuilder.php(1649): CodeIgniter\Database\BaseConnection->query('SELECT `users`.`id_number`, `users`.`full_name`, `users`.`profile_pic`, `users`.`course`, `users`.`year_level_id`, `attendance`.`time_in`, `attendance`.`time_out`
FROM `users`
LEFT JOIN `attendance` ON `attendance`.`student_id` = `users`.`id_number` AND `attendance`.`event_id` = 1
WHERE `users`.`id_number` = :users.id_number:', [...], false)
 4 APPPATH\Controllers\Admin.php(169): CodeIgniter\Database\BaseBuilder->get()
 5 SYSTEMPATH\CodeIgniter.php(933): App\Controllers\Admin->attendance_monitoring()
 6 SYSTEMPATH\CodeIgniter.php(507): CodeIgniter\CodeIgniter->runController(Object(App\Controllers\Admin))
 7 SYSTEMPATH\CodeIgniter.php(354): CodeIgniter\CodeIgniter->handleRequest(null, Object(Config\Cache), false)
 8 SYSTEMPATH\Boot.php(363): CodeIgniter\CodeIgniter->run()
 9 SYSTEMPATH\Boot.php(68): CodeIgniter\Boot::runCodeIgniter(Object(CodeIgniter\CodeIgniter))
10 FCPATH\index.php(59): CodeIgniter\Boot::bootWeb(Object(Config\Paths))
CRITICAL - 2026-03-08 05:00:53 --> [Caused by] mysqli_sql_exception: Unknown column 'attendance.time_out' in 'field list'
in SYSTEMPATH\Database\MySQLi\Connection.php on line 327.
 1 SYSTEMPATH\Database\MySQLi\Connection.php(327): mysqli->query('SELECT `users`.`id_number`, `users`.`full_name`, `users`.`profile_pic`, `users`.`course`, `users`.`year_level_id`, `attendance`.`time_in`, `attendance`.`time_out`
FROM `users`
LEFT JOIN `attendance` ON `attendance`.`student_id` = `users`.`id_number` AND `attendance`.`event_id` = 1
WHERE `users`.`id_number` = \'23-a-01647\'', 0)
 2 SYSTEMPATH\Database\BaseConnection.php(729): CodeIgniter\Database\MySQLi\Connection->execute('SELECT `users`.`id_number`, `users`.`full_name`, `users`.`profile_pic`, `users`.`course`, `users`.`year_level_id`, `attendance`.`time_in`, `attendance`.`time_out`
FROM `users`
LEFT JOIN `attendance` ON `attendance`.`student_id` = `users`.`id_number` AND `attendance`.`event_id` = 1
WHERE `users`.`id_number` = \'23-a-01647\'')
 3 SYSTEMPATH\Database\BaseConnection.php(646): CodeIgniter\Database\BaseConnection->simpleQuery('SELECT `users`.`id_number`, `users`.`full_name`, `users`.`profile_pic`, `users`.`course`, `users`.`year_level_id`, `attendance`.`time_in`, `attendance`.`time_out`
FROM `users`
LEFT JOIN `attendance` ON `attendance`.`student_id` = `users`.`id_number` AND `attendance`.`event_id` = 1
WHERE `users`.`id_number` = \'23-a-01647\'')
 4 SYSTEMPATH\Database\BaseBuilder.php(1649): CodeIgniter\Database\BaseConnection->query('SELECT `users`.`id_number`, `users`.`full_name`, `users`.`profile_pic`, `users`.`course`, `users`.`year_level_id`, `attendance`.`time_in`, `attendance`.`time_out`
FROM `users`
LEFT JOIN `attendance` ON `attendance`.`student_id` = `users`.`id_number` AND `attendance`.`event_id` = 1
WHERE `users`.`id_number` = :users.id_number:', [...], false)
 5 APPPATH\Controllers\Admin.php(169): CodeIgniter\Database\BaseBuilder->get()
 6 SYSTEMPATH\CodeIgniter.php(933): App\Controllers\Admin->attendance_monitoring()
 7 SYSTEMPATH\CodeIgniter.php(507): CodeIgniter\CodeIgniter->runController(Object(App\Controllers\Admin))
 8 SYSTEMPATH\CodeIgniter.php(354): CodeIgniter\CodeIgniter->handleRequest(null, Object(Config\Cache), false)
 9 SYSTEMPATH\Boot.php(363): CodeIgniter\CodeIgniter->run()
10 SYSTEMPATH\Boot.php(68): CodeIgniter\Boot::runCodeIgniter(Object(CodeIgniter\CodeIgniter))
11 FCPATH\index.php(59): CodeIgniter\Boot::bootWeb(Object(Config\Paths))
ERROR - 2026-03-08 05:03:42 --> mysqli_sql_exception: Unknown column 'attendance.time_out' in 'field list' in C:\xampp\htdocs\system\system\Database\MySQLi\Connection.php:327
Stack trace:
#0 C:\xampp\htdocs\system\system\Database\MySQLi\Connection.php(327): mysqli->query('SELECT `users`....', 0)
#1 C:\xampp\htdocs\system\system\Database\BaseConnection.php(729): CodeIgniter\Database\MySQLi\Connection->execute('SELECT `users`....')
#2 C:\xampp\htdocs\system\system\Database\BaseConnection.php(646): CodeIgniter\Database\BaseConnection->simpleQuery('SELECT `users`....')
#3 C:\xampp\htdocs\system\system\Database\BaseBuilder.php(1649): CodeIgniter\Database\BaseConnection->query('SELECT `users`....', Array, false)
#4 C:\xampp\htdocs\system\app\Controllers\Admin.php(169): CodeIgniter\Database\BaseBuilder->get()
#5 C:\xampp\htdocs\system\system\CodeIgniter.php(933): App\Controllers\Admin->attendance_monitoring()
#6 C:\xampp\htdocs\system\system\CodeIgniter.php(507): CodeIgniter\CodeIgniter->runController(Object(App\Controllers\Admin))
#7 C:\xampp\htdocs\system\system\CodeIgniter.php(354): CodeIgniter\CodeIgniter->handleRequest(NULL, Object(Config\Cache), false)
#8 C:\xampp\htdocs\system\system\Boot.php(363): CodeIgniter\CodeIgniter->run()
#9 C:\xampp\htdocs\system\system\Boot.php(68): CodeIgniter\Boot::runCodeIgniter(Object(CodeIgniter\CodeIgniter))
#10 C:\xampp\htdocs\system\public\index.php(59): CodeIgniter\Boot::bootWeb(Object(Config\Paths))
#11 {main}
CRITICAL - 2026-03-08 05:03:42 --> CodeIgniter\Database\Exceptions\DatabaseException: Unknown column 'attendance.time_out' in 'field list'
[Method: GET, Route: admin/attendance_monitoring]
in SYSTEMPATH\Database\BaseConnection.php on line 684.
 1 SYSTEMPATH\Database\BaseBuilder.php(1649): CodeIgniter\Database\BaseConnection->query('SELECT `users`.*, `attendance`.`time_in`, `attendance`.`time_out`
FROM `users`
LEFT JOIN `attendance` ON `attendance`.`student_id` = `users`.`id_number` AND `attendance`.`event_id` = 1
WHERE `users`.`id_number` = :users.id_number:
AND `role` = :role:', [...], false)
 2 APPPATH\Controllers\Admin.php(169): CodeIgniter\Database\BaseBuilder->get()
 3 SYSTEMPATH\CodeIgniter.php(933): App\Controllers\Admin->attendance_monitoring()
 4 SYSTEMPATH\CodeIgniter.php(507): CodeIgniter\CodeIgniter->runController(Object(App\Controllers\Admin))
 5 SYSTEMPATH\CodeIgniter.php(354): CodeIgniter\CodeIgniter->handleRequest(null, Object(Config\Cache), false)
 6 SYSTEMPATH\Boot.php(363): CodeIgniter\CodeIgniter->run()
 7 SYSTEMPATH\Boot.php(68): CodeIgniter\Boot::runCodeIgniter(Object(CodeIgniter\CodeIgniter))
 8 FCPATH\index.php(59): CodeIgniter\Boot::bootWeb(Object(Config\Paths))
CRITICAL - 2026-03-08 05:03:42 --> [Caused by] CodeIgniter\Database\Exceptions\DatabaseException: Unknown column 'attendance.time_out' in 'field list'
in SYSTEMPATH\Database\MySQLi\Connection.php on line 332.
 1 SYSTEMPATH\Database\BaseConnection.php(729): CodeIgniter\Database\MySQLi\Connection->execute('SELECT `users`.*, `attendance`.`time_in`, `attendance`.`time_out`
FROM `users`
LEFT JOIN `attendance` ON `attendance`.`student_id` = `users`.`id_number` AND `attendance`.`event_id` = 1
WHERE `users`.`id_number` = \'23-a-01647\'
AND `role` = \'student\'')
 2 SYSTEMPATH\Database\BaseConnection.php(646): CodeIgniter\Database\BaseConnection->simpleQuery('SELECT `users`.*, `attendance`.`time_in`, `attendance`.`time_out`
FROM `users`
LEFT JOIN `attendance` ON `attendance`.`student_id` = `users`.`id_number` AND `attendance`.`event_id` = 1
WHERE `users`.`id_number` = \'23-a-01647\'
AND `role` = \'student\'')
 3 SYSTEMPATH\Database\BaseBuilder.php(1649): CodeIgniter\Database\BaseConnection->query('SELECT `users`.*, `attendance`.`time_in`, `attendance`.`time_out`
FROM `users`
LEFT JOIN `attendance` ON `attendance`.`student_id` = `users`.`id_number` AND `attendance`.`event_id` = 1
WHERE `users`.`id_number` = :users.id_number:
AND `role` = :role:', [...], false)
 4 APPPATH\Controllers\Admin.php(169): CodeIgniter\Database\BaseBuilder->get()
 5 SYSTEMPATH\CodeIgniter.php(933): App\Controllers\Admin->attendance_monitoring()
 6 SYSTEMPATH\CodeIgniter.php(507): CodeIgniter\CodeIgniter->runController(Object(App\Controllers\Admin))
 7 SYSTEMPATH\CodeIgniter.php(354): CodeIgniter\CodeIgniter->handleRequest(null, Object(Config\Cache), false)
 8 SYSTEMPATH\Boot.php(363): CodeIgniter\CodeIgniter->run()
 9 SYSTEMPATH\Boot.php(68): CodeIgniter\Boot::runCodeIgniter(Object(CodeIgniter\CodeIgniter))
10 FCPATH\index.php(59): CodeIgniter\Boot::bootWeb(Object(Config\Paths))
CRITICAL - 2026-03-08 05:03:42 --> [Caused by] mysqli_sql_exception: Unknown column 'attendance.time_out' in 'field list'
in SYSTEMPATH\Database\MySQLi\Connection.php on line 327.
 1 SYSTEMPATH\Database\MySQLi\Connection.php(327): mysqli->query('SELECT `users`.*, `attendance`.`time_in`, `attendance`.`time_out`
FROM `users`
LEFT JOIN `attendance` ON `attendance`.`student_id` = `users`.`id_number` AND `attendance`.`event_id` = 1
WHERE `users`.`id_number` = \'23-a-01647\'
AND `role` = \'student\'', 0)
 2 SYSTEMPATH\Database\BaseConnection.php(729): CodeIgniter\Database\MySQLi\Connection->execute('SELECT `users`.*, `attendance`.`time_in`, `attendance`.`time_out`
FROM `users`
LEFT JOIN `attendance` ON `attendance`.`student_id` = `users`.`id_number` AND `attendance`.`event_id` = 1
WHERE `users`.`id_number` = \'23-a-01647\'
AND `role` = \'student\'')
 3 SYSTEMPATH\Database\BaseConnection.php(646): CodeIgniter\Database\BaseConnection->simpleQuery('SELECT `users`.*, `attendance`.`time_in`, `attendance`.`time_out`
FROM `users`
LEFT JOIN `attendance` ON `attendance`.`student_id` = `users`.`id_number` AND `attendance`.`event_id` = 1
WHERE `users`.`id_number` = \'23-a-01647\'
AND `role` = \'student\'')
 4 SYSTEMPATH\Database\BaseBuilder.php(1649): CodeIgniter\Database\BaseConnection->query('SELECT `users`.*, `attendance`.`time_in`, `attendance`.`time_out`
FROM `users`
LEFT JOIN `attendance` ON `attendance`.`student_id` = `users`.`id_number` AND `attendance`.`event_id` = 1
WHERE `users`.`id_number` = :users.id_number:
AND `role` = :role:', [...], false)
 5 APPPATH\Controllers\Admin.php(169): CodeIgniter\Database\BaseBuilder->get()
 6 SYSTEMPATH\CodeIgniter.php(933): App\Controllers\Admin->attendance_monitoring()
 7 SYSTEMPATH\CodeIgniter.php(507): CodeIgniter\CodeIgniter->runController(Object(App\Controllers\Admin))
 8 SYSTEMPATH\CodeIgniter.php(354): CodeIgniter\CodeIgniter->handleRequest(null, Object(Config\Cache), false)
 9 SYSTEMPATH\Boot.php(363): CodeIgniter\CodeIgniter->run()
10 SYSTEMPATH\Boot.php(68): CodeIgniter\Boot::runCodeIgniter(Object(CodeIgniter\CodeIgniter))
11 FCPATH\index.php(59): CodeIgniter\Boot::bootWeb(Object(Config\Paths))
ERROR - 2026-03-08 05:04:43 --> mysqli_sql_exception: Unknown column 'attendance.time_out' in 'field list' in C:\xampp\htdocs\system\system\Database\MySQLi\Connection.php:327
Stack trace:
#0 C:\xampp\htdocs\system\system\Database\MySQLi\Connection.php(327): mysqli->query('SELECT `users`....', 0)
#1 C:\xampp\htdocs\system\system\Database\BaseConnection.php(729): CodeIgniter\Database\MySQLi\Connection->execute('SELECT `users`....')
#2 C:\xampp\htdocs\system\system\Database\BaseConnection.php(646): CodeIgniter\Database\BaseConnection->simpleQuery('SELECT `users`....')
#3 C:\xampp\htdocs\system\system\Database\BaseBuilder.php(1649): CodeIgniter\Database\BaseConnection->query('SELECT `users`....', Array, false)
#4 C:\xampp\htdocs\system\app\Controllers\Admin.php(169): CodeIgniter\Database\BaseBuilder->get()
#5 C:\xampp\htdocs\system\system\CodeIgniter.php(933): App\Controllers\Admin->attendance_monitoring()
#6 C:\xampp\htdocs\system\system\CodeIgniter.php(507): CodeIgniter\CodeIgniter->runController(Object(App\Controllers\Admin))
#7 C:\xampp\htdocs\system\system\CodeIgniter.php(354): CodeIgniter\CodeIgniter->handleRequest(NULL, Object(Config\Cache), false)
#8 C:\xampp\htdocs\system\system\Boot.php(363): CodeIgniter\CodeIgniter->run()
#9 C:\xampp\htdocs\system\system\Boot.php(68): CodeIgniter\Boot::runCodeIgniter(Object(CodeIgniter\CodeIgniter))
#10 C:\xampp\htdocs\system\public\index.php(59): CodeIgniter\Boot::bootWeb(Object(Config\Paths))
#11 {main}
CRITICAL - 2026-03-08 05:04:43 --> CodeIgniter\Database\Exceptions\DatabaseException: Unknown column 'attendance.time_out' in 'field list'
[Method: GET, Route: admin/attendance_monitoring]
in SYSTEMPATH\Database\BaseConnection.php on line 684.
 1 SYSTEMPATH\Database\BaseBuilder.php(1649): CodeIgniter\Database\BaseConnection->query('SELECT `users`.*, `attendance`.`time_in`, `attendance`.`time_out`
FROM `users`
LEFT JOIN `attendance` ON `attendance`.`student_id` = `users`.`id_number` AND `attendance`.`event_id` = 1
WHERE `users`.`id_number` = :users.id_number:
AND `role` = :role:', [...], false)
 2 APPPATH\Controllers\Admin.php(169): CodeIgniter\Database\BaseBuilder->get()
 3 SYSTEMPATH\CodeIgniter.php(933): App\Controllers\Admin->attendance_monitoring()
 4 SYSTEMPATH\CodeIgniter.php(507): CodeIgniter\CodeIgniter->runController(Object(App\Controllers\Admin))
 5 SYSTEMPATH\CodeIgniter.php(354): CodeIgniter\CodeIgniter->handleRequest(null, Object(Config\Cache), false)
 6 SYSTEMPATH\Boot.php(363): CodeIgniter\CodeIgniter->run()
 7 SYSTEMPATH\Boot.php(68): CodeIgniter\Boot::runCodeIgniter(Object(CodeIgniter\CodeIgniter))
 8 FCPATH\index.php(59): CodeIgniter\Boot::bootWeb(Object(Config\Paths))
CRITICAL - 2026-03-08 05:04:43 --> [Caused by] CodeIgniter\Database\Exceptions\DatabaseException: Unknown column 'attendance.time_out' in 'field list'
in SYSTEMPATH\Database\MySQLi\Connection.php on line 332.
 1 SYSTEMPATH\Database\BaseConnection.php(729): CodeIgniter\Database\MySQLi\Connection->execute('SELECT `users`.*, `attendance`.`time_in`, `attendance`.`time_out`
FROM `users`
LEFT JOIN `attendance` ON `attendance`.`student_id` = `users`.`id_number` AND `attendance`.`event_id` = 1
WHERE `users`.`id_number` = \'23-a-01647\'
AND `role` = \'student\'')
 2 SYSTEMPATH\Database\BaseConnection.php(646): CodeIgniter\Database\BaseConnection->simpleQuery('SELECT `users`.*, `attendance`.`time_in`, `attendance`.`time_out`
FROM `users`
LEFT JOIN `attendance` ON `attendance`.`student_id` = `users`.`id_number` AND `attendance`.`event_id` = 1
WHERE `users`.`id_number` = \'23-a-01647\'
AND `role` = \'student\'')
 3 SYSTEMPATH\Database\BaseBuilder.php(1649): CodeIgniter\Database\BaseConnection->query('SELECT `users`.*, `attendance`.`time_in`, `attendance`.`time_out`
FROM `users`
LEFT JOIN `attendance` ON `attendance`.`student_id` = `users`.`id_number` AND `attendance`.`event_id` = 1
WHERE `users`.`id_number` = :users.id_number:
AND `role` = :role:', [...], false)
 4 APPPATH\Controllers\Admin.php(169): CodeIgniter\Database\BaseBuilder->get()
 5 SYSTEMPATH\CodeIgniter.php(933): App\Controllers\Admin->attendance_monitoring()
 6 SYSTEMPATH\CodeIgniter.php(507): CodeIgniter\CodeIgniter->runController(Object(App\Controllers\Admin))
 7 SYSTEMPATH\CodeIgniter.php(354): CodeIgniter\CodeIgniter->handleRequest(null, Object(Config\Cache), false)
 8 SYSTEMPATH\Boot.php(363): CodeIgniter\CodeIgniter->run()
 9 SYSTEMPATH\Boot.php(68): CodeIgniter\Boot::runCodeIgniter(Object(CodeIgniter\CodeIgniter))
10 FCPATH\index.php(59): CodeIgniter\Boot::bootWeb(Object(Config\Paths))
CRITICAL - 2026-03-08 05:04:43 --> [Caused by] mysqli_sql_exception: Unknown column 'attendance.time_out' in 'field list'
in SYSTEMPATH\Database\MySQLi\Connection.php on line 327.
 1 SYSTEMPATH\Database\MySQLi\Connection.php(327): mysqli->query('SELECT `users`.*, `attendance`.`time_in`, `attendance`.`time_out`
FROM `users`
LEFT JOIN `attendance` ON `attendance`.`student_id` = `users`.`id_number` AND `attendance`.`event_id` = 1
WHERE `users`.`id_number` = \'23-a-01647\'
AND `role` = \'student\'', 0)
 2 SYSTEMPATH\Database\BaseConnection.php(729): CodeIgniter\Database\MySQLi\Connection->execute('SELECT `users`.*, `attendance`.`time_in`, `attendance`.`time_out`
FROM `users`
LEFT JOIN `attendance` ON `attendance`.`student_id` = `users`.`id_number` AND `attendance`.`event_id` = 1
WHERE `users`.`id_number` = \'23-a-01647\'
AND `role` = \'student\'')
 3 SYSTEMPATH\Database\BaseConnection.php(646): CodeIgniter\Database\BaseConnection->simpleQuery('SELECT `users`.*, `attendance`.`time_in`, `attendance`.`time_out`
FROM `users`
LEFT JOIN `attendance` ON `attendance`.`student_id` = `users`.`id_number` AND `attendance`.`event_id` = 1
WHERE `users`.`id_number` = \'23-a-01647\'
AND `role` = \'student\'')
 4 SYSTEMPATH\Database\BaseBuilder.php(1649): CodeIgniter\Database\BaseConnection->query('SELECT `users`.*, `attendance`.`time_in`, `attendance`.`time_out`
FROM `users`
LEFT JOIN `attendance` ON `attendance`.`student_id` = `users`.`id_number` AND `attendance`.`event_id` = 1
WHERE `users`.`id_number` = :users.id_number:
AND `role` = :role:', [...], false)
 5 APPPATH\Controllers\Admin.php(169): CodeIgniter\Database\BaseBuilder->get()
 6 SYSTEMPATH\CodeIgniter.php(933): App\Controllers\Admin->attendance_monitoring()
 7 SYSTEMPATH\CodeIgniter.php(507): CodeIgniter\CodeIgniter->runController(Object(App\Controllers\Admin))
 8 SYSTEMPATH\CodeIgniter.php(354): CodeIgniter\CodeIgniter->handleRequest(null, Object(Config\Cache), false)
 9 SYSTEMPATH\Boot.php(363): CodeIgniter\CodeIgniter->run()
10 SYSTEMPATH\Boot.php(68): CodeIgniter\Boot::runCodeIgniter(Object(CodeIgniter\CodeIgniter))
11 FCPATH\index.php(59): CodeIgniter\Boot::bootWeb(Object(Config\Paths))
ERROR - 2026-03-08 05:04:54 --> mysqli_sql_exception: Unknown column 'attendance.time_out' in 'field list' in C:\xampp\htdocs\system\system\Database\MySQLi\Connection.php:327
Stack trace:
#0 C:\xampp\htdocs\system\system\Database\MySQLi\Connection.php(327): mysqli->query('SELECT `users`....', 0)
#1 C:\xampp\htdocs\system\system\Database\BaseConnection.php(729): CodeIgniter\Database\MySQLi\Connection->execute('SELECT `users`....')
#2 C:\xampp\htdocs\system\system\Database\BaseConnection.php(646): CodeIgniter\Database\BaseConnection->simpleQuery('SELECT `users`....')
#3 C:\xampp\htdocs\system\system\Database\BaseBuilder.php(1649): CodeIgniter\Database\BaseConnection->query('SELECT `users`....', Array, false)
#4 C:\xampp\htdocs\system\app\Controllers\Admin.php(169): CodeIgniter\Database\BaseBuilder->get()
#5 C:\xampp\htdocs\system\system\CodeIgniter.php(933): App\Controllers\Admin->attendance_monitoring()
#6 C:\xampp\htdocs\system\system\CodeIgniter.php(507): CodeIgniter\CodeIgniter->runController(Object(App\Controllers\Admin))
#7 C:\xampp\htdocs\system\system\CodeIgniter.php(354): CodeIgniter\CodeIgniter->handleRequest(NULL, Object(Config\Cache), false)
#8 C:\xampp\htdocs\system\system\Boot.php(363): CodeIgniter\CodeIgniter->run()
#9 C:\xampp\htdocs\system\system\Boot.php(68): CodeIgniter\Boot::runCodeIgniter(Object(CodeIgniter\CodeIgniter))
#10 C:\xampp\htdocs\system\public\index.php(59): CodeIgniter\Boot::bootWeb(Object(Config\Paths))
#11 {main}
CRITICAL - 2026-03-08 05:04:54 --> CodeIgniter\Database\Exceptions\DatabaseException: Unknown column 'attendance.time_out' in 'field list'
[Method: GET, Route: admin/attendance_monitoring]
in SYSTEMPATH\Database\BaseConnection.php on line 684.
 1 SYSTEMPATH\Database\BaseBuilder.php(1649): CodeIgniter\Database\BaseConnection->query('SELECT `users`.*, `attendance`.`time_in`, `attendance`.`time_out`
FROM `users`
LEFT JOIN `attendance` ON `attendance`.`student_id` = `users`.`id_number` AND `attendance`.`event_id` = 1
WHERE `users`.`id_number` = :users.id_number:
AND `role` = :role:', [...], false)
 2 APPPATH\Controllers\Admin.php(169): CodeIgniter\Database\BaseBuilder->get()
 3 SYSTEMPATH\CodeIgniter.php(933): App\Controllers\Admin->attendance_monitoring()
 4 SYSTEMPATH\CodeIgniter.php(507): CodeIgniter\CodeIgniter->runController(Object(App\Controllers\Admin))
 5 SYSTEMPATH\CodeIgniter.php(354): CodeIgniter\CodeIgniter->handleRequest(null, Object(Config\Cache), false)
 6 SYSTEMPATH\Boot.php(363): CodeIgniter\CodeIgniter->run()
 7 SYSTEMPATH\Boot.php(68): CodeIgniter\Boot::runCodeIgniter(Object(CodeIgniter\CodeIgniter))
 8 FCPATH\index.php(59): CodeIgniter\Boot::bootWeb(Object(Config\Paths))
CRITICAL - 2026-03-08 05:04:54 --> [Caused by] CodeIgniter\Database\Exceptions\DatabaseException: Unknown column 'attendance.time_out' in 'field list'
in SYSTEMPATH\Database\MySQLi\Connection.php on line 332.
 1 SYSTEMPATH\Database\BaseConnection.php(729): CodeIgniter\Database\MySQLi\Connection->execute('SELECT `users`.*, `attendance`.`time_in`, `attendance`.`time_out`
FROM `users`
LEFT JOIN `attendance` ON `attendance`.`student_id` = `users`.`id_number` AND `attendance`.`event_id` = 1
WHERE `users`.`id_number` = \'23-a-01234\'
AND `role` = \'student\'')
 2 SYSTEMPATH\Database\BaseConnection.php(646): CodeIgniter\Database\BaseConnection->simpleQuery('SELECT `users`.*, `attendance`.`time_in`, `attendance`.`time_out`
FROM `users`
LEFT JOIN `attendance` ON `attendance`.`student_id` = `users`.`id_number` AND `attendance`.`event_id` = 1
WHERE `users`.`id_number` = \'23-a-01234\'
AND `role` = \'student\'')
 3 SYSTEMPATH\Database\BaseBuilder.php(1649): CodeIgniter\Database\BaseConnection->query('SELECT `users`.*, `attendance`.`time_in`, `attendance`.`time_out`
FROM `users`
LEFT JOIN `attendance` ON `attendance`.`student_id` = `users`.`id_number` AND `attendance`.`event_id` = 1
WHERE `users`.`id_number` = :users.id_number:
AND `role` = :role:', [...], false)
 4 APPPATH\Controllers\Admin.php(169): CodeIgniter\Database\BaseBuilder->get()
 5 SYSTEMPATH\CodeIgniter.php(933): App\Controllers\Admin->attendance_monitoring()
 6 SYSTEMPATH\CodeIgniter.php(507): CodeIgniter\CodeIgniter->runController(Object(App\Controllers\Admin))
 7 SYSTEMPATH\CodeIgniter.php(354): CodeIgniter\CodeIgniter->handleRequest(null, Object(Config\Cache), false)
 8 SYSTEMPATH\Boot.php(363): CodeIgniter\CodeIgniter->run()
 9 SYSTEMPATH\Boot.php(68): CodeIgniter\Boot::runCodeIgniter(Object(CodeIgniter\CodeIgniter))
10 FCPATH\index.php(59): CodeIgniter\Boot::bootWeb(Object(Config\Paths))
CRITICAL - 2026-03-08 05:04:54 --> [Caused by] mysqli_sql_exception: Unknown column 'attendance.time_out' in 'field list'
in SYSTEMPATH\Database\MySQLi\Connection.php on line 327.
 1 SYSTEMPATH\Database\MySQLi\Connection.php(327): mysqli->query('SELECT `users`.*, `attendance`.`time_in`, `attendance`.`time_out`
FROM `users`
LEFT JOIN `attendance` ON `attendance`.`student_id` = `users`.`id_number` AND `attendance`.`event_id` = 1
WHERE `users`.`id_number` = \'23-a-01234\'
AND `role` = \'student\'', 0)
 2 SYSTEMPATH\Database\BaseConnection.php(729): CodeIgniter\Database\MySQLi\Connection->execute('SELECT `users`.*, `attendance`.`time_in`, `attendance`.`time_out`
FROM `users`
LEFT JOIN `attendance` ON `attendance`.`student_id` = `users`.`id_number` AND `attendance`.`event_id` = 1
WHERE `users`.`id_number` = \'23-a-01234\'
AND `role` = \'student\'')
 3 SYSTEMPATH\Database\BaseConnection.php(646): CodeIgniter\Database\BaseConnection->simpleQuery('SELECT `users`.*, `attendance`.`time_in`, `attendance`.`time_out`
FROM `users`
LEFT JOIN `attendance` ON `attendance`.`student_id` = `users`.`id_number` AND `attendance`.`event_id` = 1
WHERE `users`.`id_number` = \'23-a-01234\'
AND `role` = \'student\'')
 4 SYSTEMPATH\Database\BaseBuilder.php(1649): CodeIgniter\Database\BaseConnection->query('SELECT `users`.*, `attendance`.`time_in`, `attendance`.`time_out`
FROM `users`
LEFT JOIN `attendance` ON `attendance`.`student_id` = `users`.`id_number` AND `attendance`.`event_id` = 1
WHERE `users`.`id_number` = :users.id_number:
AND `role` = :role:', [...], false)
 5 APPPATH\Controllers\Admin.php(169): CodeIgniter\Database\BaseBuilder->get()
 6 SYSTEMPATH\CodeIgniter.php(933): App\Controllers\Admin->attendance_monitoring()
 7 SYSTEMPATH\CodeIgniter.php(507): CodeIgniter\CodeIgniter->runController(Object(App\Controllers\Admin))
 8 SYSTEMPATH\CodeIgniter.php(354): CodeIgniter\CodeIgniter->handleRequest(null, Object(Config\Cache), false)
 9 SYSTEMPATH\Boot.php(363): CodeIgniter\CodeIgniter->run()
10 SYSTEMPATH\Boot.php(68): CodeIgniter\Boot::runCodeIgniter(Object(CodeIgniter\CodeIgniter))
11 FCPATH\index.php(59): CodeIgniter\Boot::bootWeb(Object(Config\Paths))
ERROR - 2026-03-08 05:10:59 --> mysqli_sql_exception: Unknown column 'attendance.time_out' in 'field list' in C:\xampp\htdocs\system\system\Database\MySQLi\Connection.php:327
Stack trace:
#0 C:\xampp\htdocs\system\system\Database\MySQLi\Connection.php(327): mysqli->query('SELECT `users`....', 0)
#1 C:\xampp\htdocs\system\system\Database\BaseConnection.php(729): CodeIgniter\Database\MySQLi\Connection->execute('SELECT `users`....')
#2 C:\xampp\htdocs\system\system\Database\BaseConnection.php(646): CodeIgniter\Database\BaseConnection->simpleQuery('SELECT `users`....')
#3 C:\xampp\htdocs\system\system\Database\BaseBuilder.php(1649): CodeIgniter\Database\BaseConnection->query('SELECT `users`....', Array, false)
#4 C:\xampp\htdocs\system\app\Controllers\Admin.php(203): CodeIgniter\Database\BaseBuilder->get()
#5 C:\xampp\htdocs\system\system\CodeIgniter.php(933): App\Controllers\Admin->attendance_terminal()
#6 C:\xampp\htdocs\system\system\CodeIgniter.php(507): CodeIgniter\CodeIgniter->runController(Object(App\Controllers\Admin))
#7 C:\xampp\htdocs\system\system\CodeIgniter.php(354): CodeIgniter\CodeIgniter->handleRequest(NULL, Object(Config\Cache), false)
#8 C:\xampp\htdocs\system\system\Boot.php(363): CodeIgniter\CodeIgniter->run()
#9 C:\xampp\htdocs\system\system\Boot.php(68): CodeIgniter\Boot::runCodeIgniter(Object(CodeIgniter\CodeIgniter))
#10 C:\xampp\htdocs\system\public\index.php(59): CodeIgniter\Boot::bootWeb(Object(Config\Paths))
#11 {main}
CRITICAL - 2026-03-08 05:10:59 --> CodeIgniter\Database\Exceptions\DatabaseException: Unknown column 'attendance.time_out' in 'field list'
[Method: GET, Route: admin/attendance_terminal]
in SYSTEMPATH\Database\BaseConnection.php on line 684.
 1 SYSTEMPATH\Database\BaseBuilder.php(1649): CodeIgniter\Database\BaseConnection->query('SELECT `users`.*, `attendance`.`time_in`, `attendance`.`time_out`
FROM `users`
LEFT JOIN `attendance` ON `attendance`.`student_id` = `users`.`id_number` AND `attendance`.`event_id` = 1
WHERE `users`.`id_number` = :users.id_number:
AND `role` = :role:', [...], false)
 2 APPPATH\Controllers\Admin.php(203): CodeIgniter\Database\BaseBuilder->get()
 3 SYSTEMPATH\CodeIgniter.php(933): App\Controllers\Admin->attendance_terminal()
 4 SYSTEMPATH\CodeIgniter.php(507): CodeIgniter\CodeIgniter->runController(Object(App\Controllers\Admin))
 5 SYSTEMPATH\CodeIgniter.php(354): CodeIgniter\CodeIgniter->handleRequest(null, Object(Config\Cache), false)
 6 SYSTEMPATH\Boot.php(363): CodeIgniter\CodeIgniter->run()
 7 SYSTEMPATH\Boot.php(68): CodeIgniter\Boot::runCodeIgniter(Object(CodeIgniter\CodeIgniter))
 8 FCPATH\index.php(59): CodeIgniter\Boot::bootWeb(Object(Config\Paths))
CRITICAL - 2026-03-08 05:10:59 --> [Caused by] CodeIgniter\Database\Exceptions\DatabaseException: Unknown column 'attendance.time_out' in 'field list'
in SYSTEMPATH\Database\MySQLi\Connection.php on line 332.
 1 SYSTEMPATH\Database\BaseConnection.php(729): CodeIgniter\Database\MySQLi\Connection->execute('SELECT `users`.*, `attendance`.`time_in`, `attendance`.`time_out`
FROM `users`
LEFT JOIN `attendance` ON `attendance`.`student_id` = `users`.`id_number` AND `attendance`.`event_id` = 1
WHERE `users`.`id_number` = \'23-a-01647\'
AND `role` = \'student\'')
 2 SYSTEMPATH\Database\BaseConnection.php(646): CodeIgniter\Database\BaseConnection->simpleQuery('SELECT `users`.*, `attendance`.`time_in`, `attendance`.`time_out`
FROM `users`
LEFT JOIN `attendance` ON `attendance`.`student_id` = `users`.`id_number` AND `attendance`.`event_id` = 1
WHERE `users`.`id_number` = \'23-a-01647\'
AND `role` = \'student\'')
 3 SYSTEMPATH\Database\BaseBuilder.php(1649): CodeIgniter\Database\BaseConnection->query('SELECT `users`.*, `attendance`.`time_in`, `attendance`.`time_out`
FROM `users`
LEFT JOIN `attendance` ON `attendance`.`student_id` = `users`.`id_number` AND `attendance`.`event_id` = 1
WHERE `users`.`id_number` = :users.id_number:
AND `role` = :role:', [...], false)
 4 APPPATH\Controllers\Admin.php(203): CodeIgniter\Database\BaseBuilder->get()
 5 SYSTEMPATH\CodeIgniter.php(933): App\Controllers\Admin->attendance_terminal()
 6 SYSTEMPATH\CodeIgniter.php(507): CodeIgniter\CodeIgniter->runController(Object(App\Controllers\Admin))
 7 SYSTEMPATH\CodeIgniter.php(354): CodeIgniter\CodeIgniter->handleRequest(null, Object(Config\Cache), false)
 8 SYSTEMPATH\Boot.php(363): CodeIgniter\CodeIgniter->run()
 9 SYSTEMPATH\Boot.php(68): CodeIgniter\Boot::runCodeIgniter(Object(CodeIgniter\CodeIgniter))
10 FCPATH\index.php(59): CodeIgniter\Boot::bootWeb(Object(Config\Paths))
CRITICAL - 2026-03-08 05:10:59 --> [Caused by] mysqli_sql_exception: Unknown column 'attendance.time_out' in 'field list'
in SYSTEMPATH\Database\MySQLi\Connection.php on line 327.
 1 SYSTEMPATH\Database\MySQLi\Connection.php(327): mysqli->query('SELECT `users`.*, `attendance`.`time_in`, `attendance`.`time_out`
FROM `users`
LEFT JOIN `attendance` ON `attendance`.`student_id` = `users`.`id_number` AND `attendance`.`event_id` = 1
WHERE `users`.`id_number` = \'23-a-01647\'
AND `role` = \'student\'', 0)
 2 SYSTEMPATH\Database\BaseConnection.php(729): CodeIgniter\Database\MySQLi\Connection->execute('SELECT `users`.*, `attendance`.`time_in`, `attendance`.`time_out`
FROM `users`
LEFT JOIN `attendance` ON `attendance`.`student_id` = `users`.`id_number` AND `attendance`.`event_id` = 1
WHERE `users`.`id_number` = \'23-a-01647\'
AND `role` = \'student\'')
 3 SYSTEMPATH\Database\BaseConnection.php(646): CodeIgniter\Database\BaseConnection->simpleQuery('SELECT `users`.*, `attendance`.`time_in`, `attendance`.`time_out`
FROM `users`
LEFT JOIN `attendance` ON `attendance`.`student_id` = `users`.`id_number` AND `attendance`.`event_id` = 1
WHERE `users`.`id_number` = \'23-a-01647\'
AND `role` = \'student\'')
 4 SYSTEMPATH\Database\BaseBuilder.php(1649): CodeIgniter\Database\BaseConnection->query('SELECT `users`.*, `attendance`.`time_in`, `attendance`.`time_out`
FROM `users`
LEFT JOIN `attendance` ON `attendance`.`student_id` = `users`.`id_number` AND `attendance`.`event_id` = 1
WHERE `users`.`id_number` = :users.id_number:
AND `role` = :role:', [...], false)
 5 APPPATH\Controllers\Admin.php(203): CodeIgniter\Database\BaseBuilder->get()
 6 SYSTEMPATH\CodeIgniter.php(933): App\Controllers\Admin->attendance_terminal()
 7 SYSTEMPATH\CodeIgniter.php(507): CodeIgniter\CodeIgniter->runController(Object(App\Controllers\Admin))
 8 SYSTEMPATH\CodeIgniter.php(354): CodeIgniter\CodeIgniter->handleRequest(null, Object(Config\Cache), false)
 9 SYSTEMPATH\Boot.php(363): CodeIgniter\CodeIgniter->run()
10 SYSTEMPATH\Boot.php(68): CodeIgniter\Boot::runCodeIgniter(Object(CodeIgniter\CodeIgniter))
11 FCPATH\index.php(59): CodeIgniter\Boot::bootWeb(Object(Config\Paths))
ERROR - 2026-03-08 05:11:26 --> mysqli_sql_exception: Unknown column 'attendance.time_out' in 'field list' in C:\xampp\htdocs\system\system\Database\MySQLi\Connection.php:327
Stack trace:
#0 C:\xampp\htdocs\system\system\Database\MySQLi\Connection.php(327): mysqli->query('SELECT `users`....', 0)
#1 C:\xampp\htdocs\system\system\Database\BaseConnection.php(729): CodeIgniter\Database\MySQLi\Connection->execute('SELECT `users`....')
#2 C:\xampp\htdocs\system\system\Database\BaseConnection.php(646): CodeIgniter\Database\BaseConnection->simpleQuery('SELECT `users`....')
#3 C:\xampp\htdocs\system\system\Database\BaseBuilder.php(1649): CodeIgniter\Database\BaseConnection->query('SELECT `users`....', Array, false)
#4 C:\xampp\htdocs\system\app\Controllers\Admin.php(203): CodeIgniter\Database\BaseBuilder->get()
#5 C:\xampp\htdocs\system\system\CodeIgniter.php(933): App\Controllers\Admin->attendance_terminal()
#6 C:\xampp\htdocs\system\system\CodeIgniter.php(507): CodeIgniter\CodeIgniter->runController(Object(App\Controllers\Admin))
#7 C:\xampp\htdocs\system\system\CodeIgniter.php(354): CodeIgniter\CodeIgniter->handleRequest(NULL, Object(Config\Cache), false)
#8 C:\xampp\htdocs\system\system\Boot.php(363): CodeIgniter\CodeIgniter->run()
#9 C:\xampp\htdocs\system\system\Boot.php(68): CodeIgniter\Boot::runCodeIgniter(Object(CodeIgniter\CodeIgniter))
#10 C:\xampp\htdocs\system\public\index.php(59): CodeIgniter\Boot::bootWeb(Object(Config\Paths))
#11 {main}
CRITICAL - 2026-03-08 05:11:26 --> CodeIgniter\Database\Exceptions\DatabaseException: Unknown column 'attendance.time_out' in 'field list'
[Method: GET, Route: admin/attendance_terminal]
in SYSTEMPATH\Database\BaseConnection.php on line 684.
 1 SYSTEMPATH\Database\BaseBuilder.php(1649): CodeIgniter\Database\BaseConnection->query('SELECT `users`.*, `attendance`.`time_in`, `attendance`.`time_out`
FROM `users`
LEFT JOIN `attendance` ON `attendance`.`student_id` = `users`.`id_number` AND `attendance`.`event_id` = 1
WHERE `users`.`id_number` = :users.id_number:
AND `role` = :role:', [...], false)
 2 APPPATH\Controllers\Admin.php(203): CodeIgniter\Database\BaseBuilder->get()
 3 SYSTEMPATH\CodeIgniter.php(933): App\Controllers\Admin->attendance_terminal()
 4 SYSTEMPATH\CodeIgniter.php(507): CodeIgniter\CodeIgniter->runController(Object(App\Controllers\Admin))
 5 SYSTEMPATH\CodeIgniter.php(354): CodeIgniter\CodeIgniter->handleRequest(null, Object(Config\Cache), false)
 6 SYSTEMPATH\Boot.php(363): CodeIgniter\CodeIgniter->run()
 7 SYSTEMPATH\Boot.php(68): CodeIgniter\Boot::runCodeIgniter(Object(CodeIgniter\CodeIgniter))
 8 FCPATH\index.php(59): CodeIgniter\Boot::bootWeb(Object(Config\Paths))
CRITICAL - 2026-03-08 05:11:26 --> [Caused by] CodeIgniter\Database\Exceptions\DatabaseException: Unknown column 'attendance.time_out' in 'field list'
in SYSTEMPATH\Database\MySQLi\Connection.php on line 332.
 1 SYSTEMPATH\Database\BaseConnection.php(729): CodeIgniter\Database\MySQLi\Connection->execute('SELECT `users`.*, `attendance`.`time_in`, `attendance`.`time_out`
FROM `users`
LEFT JOIN `attendance` ON `attendance`.`student_id` = `users`.`id_number` AND `attendance`.`event_id` = 1
WHERE `users`.`id_number` = \'23-a-01647\'
AND `role` = \'student\'')
 2 SYSTEMPATH\Database\BaseConnection.php(646): CodeIgniter\Database\BaseConnection->simpleQuery('SELECT `users`.*, `attendance`.`time_in`, `attendance`.`time_out`
FROM `users`
LEFT JOIN `attendance` ON `attendance`.`student_id` = `users`.`id_number` AND `attendance`.`event_id` = 1
WHERE `users`.`id_number` = \'23-a-01647\'
AND `role` = \'student\'')
 3 SYSTEMPATH\Database\BaseBuilder.php(1649): CodeIgniter\Database\BaseConnection->query('SELECT `users`.*, `attendance`.`time_in`, `attendance`.`time_out`
FROM `users`
LEFT JOIN `attendance` ON `attendance`.`student_id` = `users`.`id_number` AND `attendance`.`event_id` = 1
WHERE `users`.`id_number` = :users.id_number:
AND `role` = :role:', [...], false)
 4 APPPATH\Controllers\Admin.php(203): CodeIgniter\Database\BaseBuilder->get()
 5 SYSTEMPATH\CodeIgniter.php(933): App\Controllers\Admin->attendance_terminal()
 6 SYSTEMPATH\CodeIgniter.php(507): CodeIgniter\CodeIgniter->runController(Object(App\Controllers\Admin))
 7 SYSTEMPATH\CodeIgniter.php(354): CodeIgniter\CodeIgniter->handleRequest(null, Object(Config\Cache), false)
 8 SYSTEMPATH\Boot.php(363): CodeIgniter\CodeIgniter->run()
 9 SYSTEMPATH\Boot.php(68): CodeIgniter\Boot::runCodeIgniter(Object(CodeIgniter\CodeIgniter))
10 FCPATH\index.php(59): CodeIgniter\Boot::bootWeb(Object(Config\Paths))
CRITICAL - 2026-03-08 05:11:26 --> [Caused by] mysqli_sql_exception: Unknown column 'attendance.time_out' in 'field list'
in SYSTEMPATH\Database\MySQLi\Connection.php on line 327.
 1 SYSTEMPATH\Database\MySQLi\Connection.php(327): mysqli->query('SELECT `users`.*, `attendance`.`time_in`, `attendance`.`time_out`
FROM `users`
LEFT JOIN `attendance` ON `attendance`.`student_id` = `users`.`id_number` AND `attendance`.`event_id` = 1
WHERE `users`.`id_number` = \'23-a-01647\'
AND `role` = \'student\'', 0)
 2 SYSTEMPATH\Database\BaseConnection.php(729): CodeIgniter\Database\MySQLi\Connection->execute('SELECT `users`.*, `attendance`.`time_in`, `attendance`.`time_out`
FROM `users`
LEFT JOIN `attendance` ON `attendance`.`student_id` = `users`.`id_number` AND `attendance`.`event_id` = 1
WHERE `users`.`id_number` = \'23-a-01647\'
AND `role` = \'student\'')
 3 SYSTEMPATH\Database\BaseConnection.php(646): CodeIgniter\Database\BaseConnection->simpleQuery('SELECT `users`.*, `attendance`.`time_in`, `attendance`.`time_out`
FROM `users`
LEFT JOIN `attendance` ON `attendance`.`student_id` = `users`.`id_number` AND `attendance`.`event_id` = 1
WHERE `users`.`id_number` = \'23-a-01647\'
AND `role` = \'student\'')
 4 SYSTEMPATH\Database\BaseBuilder.php(1649): CodeIgniter\Database\BaseConnection->query('SELECT `users`.*, `attendance`.`time_in`, `attendance`.`time_out`
FROM `users`
LEFT JOIN `attendance` ON `attendance`.`student_id` = `users`.`id_number` AND `attendance`.`event_id` = 1
WHERE `users`.`id_number` = :users.id_number:
AND `role` = :role:', [...], false)
 5 APPPATH\Controllers\Admin.php(203): CodeIgniter\Database\BaseBuilder->get()
 6 SYSTEMPATH\CodeIgniter.php(933): App\Controllers\Admin->attendance_terminal()
 7 SYSTEMPATH\CodeIgniter.php(507): CodeIgniter\CodeIgniter->runController(Object(App\Controllers\Admin))
 8 SYSTEMPATH\CodeIgniter.php(354): CodeIgniter\CodeIgniter->handleRequest(null, Object(Config\Cache), false)
 9 SYSTEMPATH\Boot.php(363): CodeIgniter\CodeIgniter->run()
10 SYSTEMPATH\Boot.php(68): CodeIgniter\Boot::runCodeIgniter(Object(CodeIgniter\CodeIgniter))
11 FCPATH\index.php(59): CodeIgniter\Boot::bootWeb(Object(Config\Paths))
ERROR - 2026-03-08 05:15:21 --> mysqli_sql_exception: Unknown column 'attendance.time_out' in 'field list' in C:\xampp\htdocs\system\system\Database\MySQLi\Connection.php:327
Stack trace:
#0 C:\xampp\htdocs\system\system\Database\MySQLi\Connection.php(327): mysqli->query('SELECT `users`....', 0)
#1 C:\xampp\htdocs\system\system\Database\BaseConnection.php(729): CodeIgniter\Database\MySQLi\Connection->execute('SELECT `users`....')
#2 C:\xampp\htdocs\system\system\Database\BaseConnection.php(646): CodeIgniter\Database\BaseConnection->simpleQuery('SELECT `users`....')
#3 C:\xampp\htdocs\system\system\Database\BaseBuilder.php(1649): CodeIgniter\Database\BaseConnection->query('SELECT `users`....', Array, false)
#4 C:\xampp\htdocs\system\app\Controllers\Admin.php(118): CodeIgniter\Database\BaseBuilder->get()
#5 C:\xampp\htdocs\system\system\CodeIgniter.php(933): App\Controllers\Admin->check_attendance()
#6 C:\xampp\htdocs\system\system\CodeIgniter.php(507): CodeIgniter\CodeIgniter->runController(Object(App\Controllers\Admin))
#7 C:\xampp\htdocs\system\system\CodeIgniter.php(354): CodeIgniter\CodeIgniter->handleRequest(NULL, Object(Config\Cache), false)
#8 C:\xampp\htdocs\system\system\Boot.php(363): CodeIgniter\CodeIgniter->run()
#9 C:\xampp\htdocs\system\system\Boot.php(68): CodeIgniter\Boot::runCodeIgniter(Object(CodeIgniter\CodeIgniter))
#10 C:\xampp\htdocs\system\public\index.php(59): CodeIgniter\Boot::bootWeb(Object(Config\Paths))
#11 {main}
CRITICAL - 2026-03-08 05:15:21 --> CodeIgniter\Database\Exceptions\DatabaseException: Unknown column 'attendance.time_out' in 'field list'
[Method: GET, Route: admin/attendance_list]
in SYSTEMPATH\Database\BaseConnection.php on line 684.
 1 SYSTEMPATH\Database\BaseBuilder.php(1649): CodeIgniter\Database\BaseConnection->query('SELECT `users`.`id_number` as `student_id`, `users`.`full_name`, `attendance`.`time_in`, `attendance`.`time_out`, `attendance`.`status`, `attendance`.`event_id`
FROM `users`
LEFT JOIN `attendance` ON `attendance`.`student_id` = `users`.`id_number`
ORDER BY `attendance`.`time_in` DESC', [], false)
 2 APPPATH\Controllers\Admin.php(118): CodeIgniter\Database\BaseBuilder->get()
 3 SYSTEMPATH\CodeIgniter.php(933): App\Controllers\Admin->check_attendance()
 4 SYSTEMPATH\CodeIgniter.php(507): CodeIgniter\CodeIgniter->runController(Object(App\Controllers\Admin))
 5 SYSTEMPATH\CodeIgniter.php(354): CodeIgniter\CodeIgniter->handleRequest(null, Object(Config\Cache), false)
 6 SYSTEMPATH\Boot.php(363): CodeIgniter\CodeIgniter->run()
 7 SYSTEMPATH\Boot.php(68): CodeIgniter\Boot::runCodeIgniter(Object(CodeIgniter\CodeIgniter))
 8 FCPATH\index.php(59): CodeIgniter\Boot::bootWeb(Object(Config\Paths))
CRITICAL - 2026-03-08 05:15:21 --> [Caused by] CodeIgniter\Database\Exceptions\DatabaseException: Unknown column 'attendance.time_out' in 'field list'
in SYSTEMPATH\Database\MySQLi\Connection.php on line 332.
 1 SYSTEMPATH\Database\BaseConnection.php(729): CodeIgniter\Database\MySQLi\Connection->execute('SELECT `users`.`id_number` as `student_id`, `users`.`full_name`, `attendance`.`time_in`, `attendance`.`time_out`, `attendance`.`status`, `attendance`.`event_id`
FROM `users`
LEFT JOIN `attendance` ON `attendance`.`student_id` = `users`.`id_number`
ORDER BY `attendance`.`time_in` DESC')
 2 SYSTEMPATH\Database\BaseConnection.php(646): CodeIgniter\Database\BaseConnection->simpleQuery('SELECT `users`.`id_number` as `student_id`, `users`.`full_name`, `attendance`.`time_in`, `attendance`.`time_out`, `attendance`.`status`, `attendance`.`event_id`
FROM `users`
LEFT JOIN `attendance` ON `attendance`.`student_id` = `users`.`id_number`
ORDER BY `attendance`.`time_in` DESC')
 3 SYSTEMPATH\Database\BaseBuilder.php(1649): CodeIgniter\Database\BaseConnection->query('SELECT `users`.`id_number` as `student_id`, `users`.`full_name`, `attendance`.`time_in`, `attendance`.`time_out`, `attendance`.`status`, `attendance`.`event_id`
FROM `users`
LEFT JOIN `attendance` ON `attendance`.`student_id` = `users`.`id_number`
ORDER BY `attendance`.`time_in` DESC', [], false)
 4 APPPATH\Controllers\Admin.php(118): CodeIgniter\Database\BaseBuilder->get()
 5 SYSTEMPATH\CodeIgniter.php(933): App\Controllers\Admin->check_attendance()
 6 SYSTEMPATH\CodeIgniter.php(507): CodeIgniter\CodeIgniter->runController(Object(App\Controllers\Admin))
 7 SYSTEMPATH\CodeIgniter.php(354): CodeIgniter\CodeIgniter->handleRequest(null, Object(Config\Cache), false)
 8 SYSTEMPATH\Boot.php(363): CodeIgniter\CodeIgniter->run()
 9 SYSTEMPATH\Boot.php(68): CodeIgniter\Boot::runCodeIgniter(Object(CodeIgniter\CodeIgniter))
10 FCPATH\index.php(59): CodeIgniter\Boot::bootWeb(Object(Config\Paths))
CRITICAL - 2026-03-08 05:15:21 --> [Caused by] mysqli_sql_exception: Unknown column 'attendance.time_out' in 'field list'
in SYSTEMPATH\Database\MySQLi\Connection.php on line 327.
 1 SYSTEMPATH\Database\MySQLi\Connection.php(327): mysqli->query('SELECT `users`.`id_number` as `student_id`, `users`.`full_name`, `attendance`.`time_in`, `attendance`.`time_out`, `attendance`.`status`, `attendance`.`event_id`
FROM `users`
LEFT JOIN `attendance` ON `attendance`.`student_id` = `users`.`id_number`
ORDER BY `attendance`.`time_in` DESC', 0)
 2 SYSTEMPATH\Database\BaseConnection.php(729): CodeIgniter\Database\MySQLi\Connection->execute('SELECT `users`.`id_number` as `student_id`, `users`.`full_name`, `attendance`.`time_in`, `attendance`.`time_out`, `attendance`.`status`, `attendance`.`event_id`
FROM `users`
LEFT JOIN `attendance` ON `attendance`.`student_id` = `users`.`id_number`
ORDER BY `attendance`.`time_in` DESC')
 3 SYSTEMPATH\Database\BaseConnection.php(646): CodeIgniter\Database\BaseConnection->simpleQuery('SELECT `users`.`id_number` as `student_id`, `users`.`full_name`, `attendance`.`time_in`, `attendance`.`time_out`, `attendance`.`status`, `attendance`.`event_id`
FROM `users`
LEFT JOIN `attendance` ON `attendance`.`student_id` = `users`.`id_number`
ORDER BY `attendance`.`time_in` DESC')
 4 SYSTEMPATH\Database\BaseBuilder.php(1649): CodeIgniter\Database\BaseConnection->query('SELECT `users`.`id_number` as `student_id`, `users`.`full_name`, `attendance`.`time_in`, `attendance`.`time_out`, `attendance`.`status`, `attendance`.`event_id`
FROM `users`
LEFT JOIN `attendance` ON `attendance`.`student_id` = `users`.`id_number`
ORDER BY `attendance`.`time_in` DESC', [], false)
 5 APPPATH\Controllers\Admin.php(118): CodeIgniter\Database\BaseBuilder->get()
 6 SYSTEMPATH\CodeIgniter.php(933): App\Controllers\Admin->check_attendance()
 7 SYSTEMPATH\CodeIgniter.php(507): CodeIgniter\CodeIgniter->runController(Object(App\Controllers\Admin))
 8 SYSTEMPATH\CodeIgniter.php(354): CodeIgniter\CodeIgniter->handleRequest(null, Object(Config\Cache), false)
 9 SYSTEMPATH\Boot.php(363): CodeIgniter\CodeIgniter->run()
10 SYSTEMPATH\Boot.php(68): CodeIgniter\Boot::runCodeIgniter(Object(CodeIgniter\CodeIgniter))
11 FCPATH\index.php(59): CodeIgniter\Boot::bootWeb(Object(Config\Paths))
ERROR - 2026-03-08 05:15:25 --> mysqli_sql_exception: Unknown column 'attendance.time_out' in 'field list' in C:\xampp\htdocs\system\system\Database\MySQLi\Connection.php:327
Stack trace:
#0 C:\xampp\htdocs\system\system\Database\MySQLi\Connection.php(327): mysqli->query('SELECT `users`....', 0)
#1 C:\xampp\htdocs\system\system\Database\BaseConnection.php(729): CodeIgniter\Database\MySQLi\Connection->execute('SELECT `users`....')
#2 C:\xampp\htdocs\system\system\Database\BaseConnection.php(646): CodeIgniter\Database\BaseConnection->simpleQuery('SELECT `users`....')
#3 C:\xampp\htdocs\system\system\Database\BaseBuilder.php(1649): CodeIgniter\Database\BaseConnection->query('SELECT `users`....', Array, false)
#4 C:\xampp\htdocs\system\app\Controllers\Admin.php(203): CodeIgniter\Database\BaseBuilder->get()
#5 C:\xampp\htdocs\system\system\CodeIgniter.php(933): App\Controllers\Admin->attendance_terminal()
#6 C:\xampp\htdocs\system\system\CodeIgniter.php(507): CodeIgniter\CodeIgniter->runController(Object(App\Controllers\Admin))
#7 C:\xampp\htdocs\system\system\CodeIgniter.php(354): CodeIgniter\CodeIgniter->handleRequest(NULL, Object(Config\Cache), false)
#8 C:\xampp\htdocs\system\system\Boot.php(363): CodeIgniter\CodeIgniter->run()
#9 C:\xampp\htdocs\system\system\Boot.php(68): CodeIgniter\Boot::runCodeIgniter(Object(CodeIgniter\CodeIgniter))
#10 C:\xampp\htdocs\system\public\index.php(59): CodeIgniter\Boot::bootWeb(Object(Config\Paths))
#11 {main}
CRITICAL - 2026-03-08 05:15:25 --> CodeIgniter\Database\Exceptions\DatabaseException: Unknown column 'attendance.time_out' in 'field list'
[Method: GET, Route: admin/attendance_terminal]
in SYSTEMPATH\Database\BaseConnection.php on line 684.
 1 SYSTEMPATH\Database\BaseBuilder.php(1649): CodeIgniter\Database\BaseConnection->query('SELECT `users`.*, `attendance`.`time_in`, `attendance`.`time_out`
FROM `users`
LEFT JOIN `attendance` ON `attendance`.`student_id` = `users`.`id_number` AND `attendance`.`event_id` = 1
WHERE `users`.`id_number` = :users.id_number:
AND `role` = :role:', [...], false)
 2 APPPATH\Controllers\Admin.php(203): CodeIgniter\Database\BaseBuilder->get()
 3 SYSTEMPATH\CodeIgniter.php(933): App\Controllers\Admin->attendance_terminal()
 4 SYSTEMPATH\CodeIgniter.php(507): CodeIgniter\CodeIgniter->runController(Object(App\Controllers\Admin))
 5 SYSTEMPATH\CodeIgniter.php(354): CodeIgniter\CodeIgniter->handleRequest(null, Object(Config\Cache), false)
 6 SYSTEMPATH\Boot.php(363): CodeIgniter\CodeIgniter->run()
 7 SYSTEMPATH\Boot.php(68): CodeIgniter\Boot::runCodeIgniter(Object(CodeIgniter\CodeIgniter))
 8 FCPATH\index.php(59): CodeIgniter\Boot::bootWeb(Object(Config\Paths))
CRITICAL - 2026-03-08 05:15:25 --> [Caused by] CodeIgniter\Database\Exceptions\DatabaseException: Unknown column 'attendance.time_out' in 'field list'
in SYSTEMPATH\Database\MySQLi\Connection.php on line 332.
 1 SYSTEMPATH\Database\BaseConnection.php(729): CodeIgniter\Database\MySQLi\Connection->execute('SELECT `users`.*, `attendance`.`time_in`, `attendance`.`time_out`
FROM `users`
LEFT JOIN `attendance` ON `attendance`.`student_id` = `users`.`id_number` AND `attendance`.`event_id` = 1
WHERE `users`.`id_number` = \'23-a-01647\'
AND `role` = \'student\'')
 2 SYSTEMPATH\Database\BaseConnection.php(646): CodeIgniter\Database\BaseConnection->simpleQuery('SELECT `users`.*, `attendance`.`time_in`, `attendance`.`time_out`
FROM `users`
LEFT JOIN `attendance` ON `attendance`.`student_id` = `users`.`id_number` AND `attendance`.`event_id` = 1
WHERE `users`.`id_number` = \'23-a-01647\'
AND `role` = \'student\'')
 3 SYSTEMPATH\Database\BaseBuilder.php(1649): CodeIgniter\Database\BaseConnection->query('SELECT `users`.*, `attendance`.`time_in`, `attendance`.`time_out`
FROM `users`
LEFT JOIN `attendance` ON `attendance`.`student_id` = `users`.`id_number` AND `attendance`.`event_id` = 1
WHERE `users`.`id_number` = :users.id_number:
AND `role` = :role:', [...], false)
 4 APPPATH\Controllers\Admin.php(203): CodeIgniter\Database\BaseBuilder->get()
 5 SYSTEMPATH\CodeIgniter.php(933): App\Controllers\Admin->attendance_terminal()
 6 SYSTEMPATH\CodeIgniter.php(507): CodeIgniter\CodeIgniter->runController(Object(App\Controllers\Admin))
 7 SYSTEMPATH\CodeIgniter.php(354): CodeIgniter\CodeIgniter->handleRequest(null, Object(Config\Cache), false)
 8 SYSTEMPATH\Boot.php(363): CodeIgniter\CodeIgniter->run()
 9 SYSTEMPATH\Boot.php(68): CodeIgniter\Boot::runCodeIgniter(Object(CodeIgniter\CodeIgniter))
10 FCPATH\index.php(59): CodeIgniter\Boot::bootWeb(Object(Config\Paths))
CRITICAL - 2026-03-08 05:15:25 --> [Caused by] mysqli_sql_exception: Unknown column 'attendance.time_out' in 'field list'
in SYSTEMPATH\Database\MySQLi\Connection.php on line 327.
 1 SYSTEMPATH\Database\MySQLi\Connection.php(327): mysqli->query('SELECT `users`.*, `attendance`.`time_in`, `attendance`.`time_out`
FROM `users`
LEFT JOIN `attendance` ON `attendance`.`student_id` = `users`.`id_number` AND `attendance`.`event_id` = 1
WHERE `users`.`id_number` = \'23-a-01647\'
AND `role` = \'student\'', 0)
 2 SYSTEMPATH\Database\BaseConnection.php(729): CodeIgniter\Database\MySQLi\Connection->execute('SELECT `users`.*, `attendance`.`time_in`, `attendance`.`time_out`
FROM `users`
LEFT JOIN `attendance` ON `attendance`.`student_id` = `users`.`id_number` AND `attendance`.`event_id` = 1
WHERE `users`.`id_number` = \'23-a-01647\'
AND `role` = \'student\'')
 3 SYSTEMPATH\Database\BaseConnection.php(646): CodeIgniter\Database\BaseConnection->simpleQuery('SELECT `users`.*, `attendance`.`time_in`, `attendance`.`time_out`
FROM `users`
LEFT JOIN `attendance` ON `attendance`.`student_id` = `users`.`id_number` AND `attendance`.`event_id` = 1
WHERE `users`.`id_number` = \'23-a-01647\'
AND `role` = \'student\'')
 4 SYSTEMPATH\Database\BaseBuilder.php(1649): CodeIgniter\Database\BaseConnection->query('SELECT `users`.*, `attendance`.`time_in`, `attendance`.`time_out`
FROM `users`
LEFT JOIN `attendance` ON `attendance`.`student_id` = `users`.`id_number` AND `attendance`.`event_id` = 1
WHERE `users`.`id_number` = :users.id_number:
AND `role` = :role:', [...], false)
 5 APPPATH\Controllers\Admin.php(203): CodeIgniter\Database\BaseBuilder->get()
 6 SYSTEMPATH\CodeIgniter.php(933): App\Controllers\Admin->attendance_terminal()
 7 SYSTEMPATH\CodeIgniter.php(507): CodeIgniter\CodeIgniter->runController(Object(App\Controllers\Admin))
 8 SYSTEMPATH\CodeIgniter.php(354): CodeIgniter\CodeIgniter->handleRequest(null, Object(Config\Cache), false)
 9 SYSTEMPATH\Boot.php(363): CodeIgniter\CodeIgniter->run()
10 SYSTEMPATH\Boot.php(68): CodeIgniter\Boot::runCodeIgniter(Object(CodeIgniter\CodeIgniter))
11 FCPATH\index.php(59): CodeIgniter\Boot::bootWeb(Object(Config\Paths))
ERROR - 2026-03-08 05:16:07 --> mysqli_sql_exception: Unknown column 'attendance.time_out' in 'field list' in C:\xampp\htdocs\system\system\Database\MySQLi\Connection.php:327
Stack trace:
#0 C:\xampp\htdocs\system\system\Database\MySQLi\Connection.php(327): mysqli->query('SELECT `users`....', 0)
#1 C:\xampp\htdocs\system\system\Database\BaseConnection.php(729): CodeIgniter\Database\MySQLi\Connection->execute('SELECT `users`....')
#2 C:\xampp\htdocs\system\system\Database\BaseConnection.php(646): CodeIgniter\Database\BaseConnection->simpleQuery('SELECT `users`....')
#3 C:\xampp\htdocs\system\system\Database\BaseBuilder.php(1649): CodeIgniter\Database\BaseConnection->query('SELECT `users`....', Array, false)
#4 C:\xampp\htdocs\system\app\Controllers\Admin.php(203): CodeIgniter\Database\BaseBuilder->get()
#5 C:\xampp\htdocs\system\system\CodeIgniter.php(933): App\Controllers\Admin->attendance_terminal()
#6 C:\xampp\htdocs\system\system\CodeIgniter.php(507): CodeIgniter\CodeIgniter->runController(Object(App\Controllers\Admin))
#7 C:\xampp\htdocs\system\system\CodeIgniter.php(354): CodeIgniter\CodeIgniter->handleRequest(NULL, Object(Config\Cache), false)
#8 C:\xampp\htdocs\system\system\Boot.php(363): CodeIgniter\CodeIgniter->run()
#9 C:\xampp\htdocs\system\system\Boot.php(68): CodeIgniter\Boot::runCodeIgniter(Object(CodeIgniter\CodeIgniter))
#10 C:\xampp\htdocs\system\public\index.php(59): CodeIgniter\Boot::bootWeb(Object(Config\Paths))
#11 {main}
CRITICAL - 2026-03-08 05:16:07 --> CodeIgniter\Database\Exceptions\DatabaseException: Unknown column 'attendance.time_out' in 'field list'
[Method: GET, Route: admin/attendance_terminal]
in SYSTEMPATH\Database\BaseConnection.php on line 684.
 1 SYSTEMPATH\Database\BaseBuilder.php(1649): CodeIgniter\Database\BaseConnection->query('SELECT `users`.*, `attendance`.`time_in`, `attendance`.`time_out`
FROM `users`
LEFT JOIN `attendance` ON `attendance`.`student_id` = `users`.`id_number` AND `attendance`.`event_id` = 1
WHERE `users`.`id_number` = :users.id_number:
AND `role` = :role:', [...], false)
 2 APPPATH\Controllers\Admin.php(203): CodeIgniter\Database\BaseBuilder->get()
 3 SYSTEMPATH\CodeIgniter.php(933): App\Controllers\Admin->attendance_terminal()
 4 SYSTEMPATH\CodeIgniter.php(507): CodeIgniter\CodeIgniter->runController(Object(App\Controllers\Admin))
 5 SYSTEMPATH\CodeIgniter.php(354): CodeIgniter\CodeIgniter->handleRequest(null, Object(Config\Cache), false)
 6 SYSTEMPATH\Boot.php(363): CodeIgniter\CodeIgniter->run()
 7 SYSTEMPATH\Boot.php(68): CodeIgniter\Boot::runCodeIgniter(Object(CodeIgniter\CodeIgniter))
 8 FCPATH\index.php(59): CodeIgniter\Boot::bootWeb(Object(Config\Paths))
CRITICAL - 2026-03-08 05:16:07 --> [Caused by] CodeIgniter\Database\Exceptions\DatabaseException: Unknown column 'attendance.time_out' in 'field list'
in SYSTEMPATH\Database\MySQLi\Connection.php on line 332.
 1 SYSTEMPATH\Database\BaseConnection.php(729): CodeIgniter\Database\MySQLi\Connection->execute('SELECT `users`.*, `attendance`.`time_in`, `attendance`.`time_out`
FROM `users`
LEFT JOIN `attendance` ON `attendance`.`student_id` = `users`.`id_number` AND `attendance`.`event_id` = 1
WHERE `users`.`id_number` = \'23-a-01647\'
AND `role` = \'student\'')
 2 SYSTEMPATH\Database\BaseConnection.php(646): CodeIgniter\Database\BaseConnection->simpleQuery('SELECT `users`.*, `attendance`.`time_in`, `attendance`.`time_out`
FROM `users`
LEFT JOIN `attendance` ON `attendance`.`student_id` = `users`.`id_number` AND `attendance`.`event_id` = 1
WHERE `users`.`id_number` = \'23-a-01647\'
AND `role` = \'student\'')
 3 SYSTEMPATH\Database\BaseBuilder.php(1649): CodeIgniter\Database\BaseConnection->query('SELECT `users`.*, `attendance`.`time_in`, `attendance`.`time_out`
FROM `users`
LEFT JOIN `attendance` ON `attendance`.`student_id` = `users`.`id_number` AND `attendance`.`event_id` = 1
WHERE `users`.`id_number` = :users.id_number:
AND `role` = :role:', [...], false)
 4 APPPATH\Controllers\Admin.php(203): CodeIgniter\Database\BaseBuilder->get()
 5 SYSTEMPATH\CodeIgniter.php(933): App\Controllers\Admin->attendance_terminal()
 6 SYSTEMPATH\CodeIgniter.php(507): CodeIgniter\CodeIgniter->runController(Object(App\Controllers\Admin))
 7 SYSTEMPATH\CodeIgniter.php(354): CodeIgniter\CodeIgniter->handleRequest(null, Object(Config\Cache), false)
 8 SYSTEMPATH\Boot.php(363): CodeIgniter\CodeIgniter->run()
 9 SYSTEMPATH\Boot.php(68): CodeIgniter\Boot::runCodeIgniter(Object(CodeIgniter\CodeIgniter))
10 FCPATH\index.php(59): CodeIgniter\Boot::bootWeb(Object(Config\Paths))
CRITICAL - 2026-03-08 05:16:07 --> [Caused by] mysqli_sql_exception: Unknown column 'attendance.time_out' in 'field list'
in SYSTEMPATH\Database\MySQLi\Connection.php on line 327.
 1 SYSTEMPATH\Database\MySQLi\Connection.php(327): mysqli->query('SELECT `users`.*, `attendance`.`time_in`, `attendance`.`time_out`
FROM `users`
LEFT JOIN `attendance` ON `attendance`.`student_id` = `users`.`id_number` AND `attendance`.`event_id` = 1
WHERE `users`.`id_number` = \'23-a-01647\'
AND `role` = \'student\'', 0)
 2 SYSTEMPATH\Database\BaseConnection.php(729): CodeIgniter\Database\MySQLi\Connection->execute('SELECT `users`.*, `attendance`.`time_in`, `attendance`.`time_out`
FROM `users`
LEFT JOIN `attendance` ON `attendance`.`student_id` = `users`.`id_number` AND `attendance`.`event_id` = 1
WHERE `users`.`id_number` = \'23-a-01647\'
AND `role` = \'student\'')
 3 SYSTEMPATH\Database\BaseConnection.php(646): CodeIgniter\Database\BaseConnection->simpleQuery('SELECT `users`.*, `attendance`.`time_in`, `attendance`.`time_out`
FROM `users`
LEFT JOIN `attendance` ON `attendance`.`student_id` = `users`.`id_number` AND `attendance`.`event_id` = 1
WHERE `users`.`id_number` = \'23-a-01647\'
AND `role` = \'student\'')
 4 SYSTEMPATH\Database\BaseBuilder.php(1649): CodeIgniter\Database\BaseConnection->query('SELECT `users`.*, `attendance`.`time_in`, `attendance`.`time_out`
FROM `users`
LEFT JOIN `attendance` ON `attendance`.`student_id` = `users`.`id_number` AND `attendance`.`event_id` = 1
WHERE `users`.`id_number` = :users.id_number:
AND `role` = :role:', [...], false)
 5 APPPATH\Controllers\Admin.php(203): CodeIgniter\Database\BaseBuilder->get()
 6 SYSTEMPATH\CodeIgniter.php(933): App\Controllers\Admin->attendance_terminal()
 7 SYSTEMPATH\CodeIgniter.php(507): CodeIgniter\CodeIgniter->runController(Object(App\Controllers\Admin))
 8 SYSTEMPATH\CodeIgniter.php(354): CodeIgniter\CodeIgniter->handleRequest(null, Object(Config\Cache), false)
 9 SYSTEMPATH\Boot.php(363): CodeIgniter\CodeIgniter->run()
10 SYSTEMPATH\Boot.php(68): CodeIgniter\Boot::runCodeIgniter(Object(CodeIgniter\CodeIgniter))
11 FCPATH\index.php(59): CodeIgniter\Boot::bootWeb(Object(Config\Paths))
ERROR - 2026-03-08 05:17:30 --> mysqli_sql_exception: Unknown column 'attendance.time_out' in 'field list' in C:\xampp\htdocs\system\system\Database\MySQLi\Connection.php:327
Stack trace:
#0 C:\xampp\htdocs\system\system\Database\MySQLi\Connection.php(327): mysqli->query('SELECT `users`....', 0)
#1 C:\xampp\htdocs\system\system\Database\BaseConnection.php(729): CodeIgniter\Database\MySQLi\Connection->execute('SELECT `users`....')
#2 C:\xampp\htdocs\system\system\Database\BaseConnection.php(646): CodeIgniter\Database\BaseConnection->simpleQuery('SELECT `users`....')
#3 C:\xampp\htdocs\system\system\Database\BaseBuilder.php(1649): CodeIgniter\Database\BaseConnection->query('SELECT `users`....', Array, false)
#4 C:\xampp\htdocs\system\app\Controllers\Admin.php(203): CodeIgniter\Database\BaseBuilder->get()
#5 C:\xampp\htdocs\system\system\CodeIgniter.php(933): App\Controllers\Admin->attendance_terminal()
#6 C:\xampp\htdocs\system\system\CodeIgniter.php(507): CodeIgniter\CodeIgniter->runController(Object(App\Controllers\Admin))
#7 C:\xampp\htdocs\system\system\CodeIgniter.php(354): CodeIgniter\CodeIgniter->handleRequest(NULL, Object(Config\Cache), false)
#8 C:\xampp\htdocs\system\system\Boot.php(363): CodeIgniter\CodeIgniter->run()
#9 C:\xampp\htdocs\system\system\Boot.php(68): CodeIgniter\Boot::runCodeIgniter(Object(CodeIgniter\CodeIgniter))
#10 C:\xampp\htdocs\system\public\index.php(59): CodeIgniter\Boot::bootWeb(Object(Config\Paths))
#11 {main}
CRITICAL - 2026-03-08 05:17:30 --> CodeIgniter\Database\Exceptions\DatabaseException: Unknown column 'attendance.time_out' in 'field list'
[Method: GET, Route: admin/attendance_terminal]
in SYSTEMPATH\Database\BaseConnection.php on line 684.
 1 SYSTEMPATH\Database\BaseBuilder.php(1649): CodeIgniter\Database\BaseConnection->query('SELECT `users`.*, `attendance`.`time_in`, `attendance`.`time_out`
FROM `users`
LEFT JOIN `attendance` ON `attendance`.`student_id` = `users`.`id_number` AND `attendance`.`event_id` = 1
WHERE `users`.`id_number` = :users.id_number:
AND `role` = :role:', [...], false)
 2 APPPATH\Controllers\Admin.php(203): CodeIgniter\Database\BaseBuilder->get()
 3 SYSTEMPATH\CodeIgniter.php(933): App\Controllers\Admin->attendance_terminal()
 4 SYSTEMPATH\CodeIgniter.php(507): CodeIgniter\CodeIgniter->runController(Object(App\Controllers\Admin))
 5 SYSTEMPATH\CodeIgniter.php(354): CodeIgniter\CodeIgniter->handleRequest(null, Object(Config\Cache), false)
 6 SYSTEMPATH\Boot.php(363): CodeIgniter\CodeIgniter->run()
 7 SYSTEMPATH\Boot.php(68): CodeIgniter\Boot::runCodeIgniter(Object(CodeIgniter\CodeIgniter))
 8 FCPATH\index.php(59): CodeIgniter\Boot::bootWeb(Object(Config\Paths))
CRITICAL - 2026-03-08 05:17:30 --> [Caused by] CodeIgniter\Database\Exceptions\DatabaseException: Unknown column 'attendance.time_out' in 'field list'
in SYSTEMPATH\Database\MySQLi\Connection.php on line 332.
 1 SYSTEMPATH\Database\BaseConnection.php(729): CodeIgniter\Database\MySQLi\Connection->execute('SELECT `users`.*, `attendance`.`time_in`, `attendance`.`time_out`
FROM `users`
LEFT JOIN `attendance` ON `attendance`.`student_id` = `users`.`id_number` AND `attendance`.`event_id` = 1
WHERE `users`.`id_number` = \'23-a-01647\'
AND `role` = \'student\'')
 2 SYSTEMPATH\Database\BaseConnection.php(646): CodeIgniter\Database\BaseConnection->simpleQuery('SELECT `users`.*, `attendance`.`time_in`, `attendance`.`time_out`
FROM `users`
LEFT JOIN `attendance` ON `attendance`.`student_id` = `users`.`id_number` AND `attendance`.`event_id` = 1
WHERE `users`.`id_number` = \'23-a-01647\'
AND `role` = \'student\'')
 3 SYSTEMPATH\Database\BaseBuilder.php(1649): CodeIgniter\Database\BaseConnection->query('SELECT `users`.*, `attendance`.`time_in`, `attendance`.`time_out`
FROM `users`
LEFT JOIN `attendance` ON `attendance`.`student_id` = `users`.`id_number` AND `attendance`.`event_id` = 1
WHERE `users`.`id_number` = :users.id_number:
AND `role` = :role:', [...], false)
 4 APPPATH\Controllers\Admin.php(203): CodeIgniter\Database\BaseBuilder->get()
 5 SYSTEMPATH\CodeIgniter.php(933): App\Controllers\Admin->attendance_terminal()
 6 SYSTEMPATH\CodeIgniter.php(507): CodeIgniter\CodeIgniter->runController(Object(App\Controllers\Admin))
 7 SYSTEMPATH\CodeIgniter.php(354): CodeIgniter\CodeIgniter->handleRequest(null, Object(Config\Cache), false)
 8 SYSTEMPATH\Boot.php(363): CodeIgniter\CodeIgniter->run()
 9 SYSTEMPATH\Boot.php(68): CodeIgniter\Boot::runCodeIgniter(Object(CodeIgniter\CodeIgniter))
10 FCPATH\index.php(59): CodeIgniter\Boot::bootWeb(Object(Config\Paths))
CRITICAL - 2026-03-08 05:17:30 --> [Caused by] mysqli_sql_exception: Unknown column 'attendance.time_out' in 'field list'
in SYSTEMPATH\Database\MySQLi\Connection.php on line 327.
 1 SYSTEMPATH\Database\MySQLi\Connection.php(327): mysqli->query('SELECT `users`.*, `attendance`.`time_in`, `attendance`.`time_out`
FROM `users`
LEFT JOIN `attendance` ON `attendance`.`student_id` = `users`.`id_number` AND `attendance`.`event_id` = 1
WHERE `users`.`id_number` = \'23-a-01647\'
AND `role` = \'student\'', 0)
 2 SYSTEMPATH\Database\BaseConnection.php(729): CodeIgniter\Database\MySQLi\Connection->execute('SELECT `users`.*, `attendance`.`time_in`, `attendance`.`time_out`
FROM `users`
LEFT JOIN `attendance` ON `attendance`.`student_id` = `users`.`id_number` AND `attendance`.`event_id` = 1
WHERE `users`.`id_number` = \'23-a-01647\'
AND `role` = \'student\'')
 3 SYSTEMPATH\Database\BaseConnection.php(646): CodeIgniter\Database\BaseConnection->simpleQuery('SELECT `users`.*, `attendance`.`time_in`, `attendance`.`time_out`
FROM `users`
LEFT JOIN `attendance` ON `attendance`.`student_id` = `users`.`id_number` AND `attendance`.`event_id` = 1
WHERE `users`.`id_number` = \'23-a-01647\'
AND `role` = \'student\'')
 4 SYSTEMPATH\Database\BaseBuilder.php(1649): CodeIgniter\Database\BaseConnection->query('SELECT `users`.*, `attendance`.`time_in`, `attendance`.`time_out`
FROM `users`
LEFT JOIN `attendance` ON `attendance`.`student_id` = `users`.`id_number` AND `attendance`.`event_id` = 1
WHERE `users`.`id_number` = :users.id_number:
AND `role` = :role:', [...], false)
 5 APPPATH\Controllers\Admin.php(203): CodeIgniter\Database\BaseBuilder->get()
 6 SYSTEMPATH\CodeIgniter.php(933): App\Controllers\Admin->attendance_terminal()
 7 SYSTEMPATH\CodeIgniter.php(507): CodeIgniter\CodeIgniter->runController(Object(App\Controllers\Admin))
 8 SYSTEMPATH\CodeIgniter.php(354): CodeIgniter\CodeIgniter->handleRequest(null, Object(Config\Cache), false)
 9 SYSTEMPATH\Boot.php(363): CodeIgniter\CodeIgniter->run()
10 SYSTEMPATH\Boot.php(68): CodeIgniter\Boot::runCodeIgniter(Object(CodeIgniter\CodeIgniter))
11 FCPATH\index.php(59): CodeIgniter\Boot::bootWeb(Object(Config\Paths))
ERROR - 2026-03-08 05:17:57 --> mysqli_sql_exception: Unknown column 'attendance.time_out' in 'field list' in C:\xampp\htdocs\system\system\Database\MySQLi\Connection.php:327
Stack trace:
#0 C:\xampp\htdocs\system\system\Database\MySQLi\Connection.php(327): mysqli->query('SELECT `users`....', 0)
#1 C:\xampp\htdocs\system\system\Database\BaseConnection.php(729): CodeIgniter\Database\MySQLi\Connection->execute('SELECT `users`....')
#2 C:\xampp\htdocs\system\system\Database\BaseConnection.php(646): CodeIgniter\Database\BaseConnection->simpleQuery('SELECT `users`....')
#3 C:\xampp\htdocs\system\system\Database\BaseBuilder.php(1649): CodeIgniter\Database\BaseConnection->query('SELECT `users`....', Array, false)
#4 C:\xampp\htdocs\system\app\Controllers\Admin.php(203): CodeIgniter\Database\BaseBuilder->get()
#5 C:\xampp\htdocs\system\system\CodeIgniter.php(933): App\Controllers\Admin->attendance_terminal()
#6 C:\xampp\htdocs\system\system\CodeIgniter.php(507): CodeIgniter\CodeIgniter->runController(Object(App\Controllers\Admin))
#7 C:\xampp\htdocs\system\system\CodeIgniter.php(354): CodeIgniter\CodeIgniter->handleRequest(NULL, Object(Config\Cache), false)
#8 C:\xampp\htdocs\system\system\Boot.php(363): CodeIgniter\CodeIgniter->run()
#9 C:\xampp\htdocs\system\system\Boot.php(68): CodeIgniter\Boot::runCodeIgniter(Object(CodeIgniter\CodeIgniter))
#10 C:\xampp\htdocs\system\public\index.php(59): CodeIgniter\Boot::bootWeb(Object(Config\Paths))
#11 {main}
CRITICAL - 2026-03-08 05:17:57 --> CodeIgniter\Database\Exceptions\DatabaseException: Unknown column 'attendance.time_out' in 'field list'
[Method: GET, Route: admin/attendance_terminal]
in SYSTEMPATH\Database\BaseConnection.php on line 684.
 1 SYSTEMPATH\Database\BaseBuilder.php(1649): CodeIgniter\Database\BaseConnection->query('SELECT `users`.*, `attendance`.`time_in`, `attendance`.`time_out`
FROM `users`
LEFT JOIN `attendance` ON `attendance`.`student_id` = `users`.`id_number` AND `attendance`.`event_id` = 1
WHERE `users`.`id_number` = :users.id_number:
AND `role` = :role:', [...], false)
 2 APPPATH\Controllers\Admin.php(203): CodeIgniter\Database\BaseBuilder->get()
 3 SYSTEMPATH\CodeIgniter.php(933): App\Controllers\Admin->attendance_terminal()
 4 SYSTEMPATH\CodeIgniter.php(507): CodeIgniter\CodeIgniter->runController(Object(App\Controllers\Admin))
 5 SYSTEMPATH\CodeIgniter.php(354): CodeIgniter\CodeIgniter->handleRequest(null, Object(Config\Cache), false)
 6 SYSTEMPATH\Boot.php(363): CodeIgniter\CodeIgniter->run()
 7 SYSTEMPATH\Boot.php(68): CodeIgniter\Boot::runCodeIgniter(Object(CodeIgniter\CodeIgniter))
 8 FCPATH\index.php(59): CodeIgniter\Boot::bootWeb(Object(Config\Paths))
CRITICAL - 2026-03-08 05:17:57 --> [Caused by] CodeIgniter\Database\Exceptions\DatabaseException: Unknown column 'attendance.time_out' in 'field list'
in SYSTEMPATH\Database\MySQLi\Connection.php on line 332.
 1 SYSTEMPATH\Database\BaseConnection.php(729): CodeIgniter\Database\MySQLi\Connection->execute('SELECT `users`.*, `attendance`.`time_in`, `attendance`.`time_out`
FROM `users`
LEFT JOIN `attendance` ON `attendance`.`student_id` = `users`.`id_number` AND `attendance`.`event_id` = 1
WHERE `users`.`id_number` = \'23-a-01647\'
AND `role` = \'student\'')
 2 SYSTEMPATH\Database\BaseConnection.php(646): CodeIgniter\Database\BaseConnection->simpleQuery('SELECT `users`.*, `attendance`.`time_in`, `attendance`.`time_out`
FROM `users`
LEFT JOIN `attendance` ON `attendance`.`student_id` = `users`.`id_number` AND `attendance`.`event_id` = 1
WHERE `users`.`id_number` = \'23-a-01647\'
AND `role` = \'student\'')
 3 SYSTEMPATH\Database\BaseBuilder.php(1649): CodeIgniter\Database\BaseConnection->query('SELECT `users`.*, `attendance`.`time_in`, `attendance`.`time_out`
FROM `users`
LEFT JOIN `attendance` ON `attendance`.`student_id` = `users`.`id_number` AND `attendance`.`event_id` = 1
WHERE `users`.`id_number` = :users.id_number:
AND `role` = :role:', [...], false)
 4 APPPATH\Controllers\Admin.php(203): CodeIgniter\Database\BaseBuilder->get()
 5 SYSTEMPATH\CodeIgniter.php(933): App\Controllers\Admin->attendance_terminal()
 6 SYSTEMPATH\CodeIgniter.php(507): CodeIgniter\CodeIgniter->runController(Object(App\Controllers\Admin))
 7 SYSTEMPATH\CodeIgniter.php(354): CodeIgniter\CodeIgniter->handleRequest(null, Object(Config\Cache), false)
 8 SYSTEMPATH\Boot.php(363): CodeIgniter\CodeIgniter->run()
 9 SYSTEMPATH\Boot.php(68): CodeIgniter\Boot::runCodeIgniter(Object(CodeIgniter\CodeIgniter))
10 FCPATH\index.php(59): CodeIgniter\Boot::bootWeb(Object(Config\Paths))
CRITICAL - 2026-03-08 05:17:57 --> [Caused by] mysqli_sql_exception: Unknown column 'attendance.time_out' in 'field list'
in SYSTEMPATH\Database\MySQLi\Connection.php on line 327.
 1 SYSTEMPATH\Database\MySQLi\Connection.php(327): mysqli->query('SELECT `users`.*, `attendance`.`time_in`, `attendance`.`time_out`
FROM `users`
LEFT JOIN `attendance` ON `attendance`.`student_id` = `users`.`id_number` AND `attendance`.`event_id` = 1
WHERE `users`.`id_number` = \'23-a-01647\'
AND `role` = \'student\'', 0)
 2 SYSTEMPATH\Database\BaseConnection.php(729): CodeIgniter\Database\MySQLi\Connection->execute('SELECT `users`.*, `attendance`.`time_in`, `attendance`.`time_out`
FROM `users`
LEFT JOIN `attendance` ON `attendance`.`student_id` = `users`.`id_number` AND `attendance`.`event_id` = 1
WHERE `users`.`id_number` = \'23-a-01647\'
AND `role` = \'student\'')
 3 SYSTEMPATH\Database\BaseConnection.php(646): CodeIgniter\Database\BaseConnection->simpleQuery('SELECT `users`.*, `attendance`.`time_in`, `attendance`.`time_out`
FROM `users`
LEFT JOIN `attendance` ON `attendance`.`student_id` = `users`.`id_number` AND `attendance`.`event_id` = 1
WHERE `users`.`id_number` = \'23-a-01647\'
AND `role` = \'student\'')
 4 SYSTEMPATH\Database\BaseBuilder.php(1649): CodeIgniter\Database\BaseConnection->query('SELECT `users`.*, `attendance`.`time_in`, `attendance`.`time_out`
FROM `users`
LEFT JOIN `attendance` ON `attendance`.`student_id` = `users`.`id_number` AND `attendance`.`event_id` = 1
WHERE `users`.`id_number` = :users.id_number:
AND `role` = :role:', [...], false)
 5 APPPATH\Controllers\Admin.php(203): CodeIgniter\Database\BaseBuilder->get()
 6 SYSTEMPATH\CodeIgniter.php(933): App\Controllers\Admin->attendance_terminal()
 7 SYSTEMPATH\CodeIgniter.php(507): CodeIgniter\CodeIgniter->runController(Object(App\Controllers\Admin))
 8 SYSTEMPATH\CodeIgniter.php(354): CodeIgniter\CodeIgniter->handleRequest(null, Object(Config\Cache), false)
 9 SYSTEMPATH\Boot.php(363): CodeIgniter\CodeIgniter->run()
10 SYSTEMPATH\Boot.php(68): CodeIgniter\Boot::runCodeIgniter(Object(CodeIgniter\CodeIgniter))
11 FCPATH\index.php(59): CodeIgniter\Boot::bootWeb(Object(Config\Paths))
ERROR - 2026-03-08 05:24:41 --> mysqli_sql_exception: Unknown column 'attendance.time_out' in 'field list' in C:\xampp\htdocs\system\system\Database\MySQLi\Connection.php:327
Stack trace:
#0 C:\xampp\htdocs\system\system\Database\MySQLi\Connection.php(327): mysqli->query('SELECT `users`....', 0)
#1 C:\xampp\htdocs\system\system\Database\BaseConnection.php(729): CodeIgniter\Database\MySQLi\Connection->execute('SELECT `users`....')
#2 C:\xampp\htdocs\system\system\Database\BaseConnection.php(646): CodeIgniter\Database\BaseConnection->simpleQuery('SELECT `users`....')
#3 C:\xampp\htdocs\system\system\Database\BaseBuilder.php(1649): CodeIgniter\Database\BaseConnection->query('SELECT `users`....', Array, false)
#4 C:\xampp\htdocs\system\app\Controllers\Admin.php(38): CodeIgniter\Database\BaseBuilder->get()
#5 C:\xampp\htdocs\system\system\CodeIgniter.php(933): App\Controllers\Admin->index()
#6 C:\xampp\htdocs\system\system\CodeIgniter.php(507): CodeIgniter\CodeIgniter->runController(Object(App\Controllers\Admin))
#7 C:\xampp\htdocs\system\system\CodeIgniter.php(354): CodeIgniter\CodeIgniter->handleRequest(NULL, Object(Config\Cache), false)
#8 C:\xampp\htdocs\system\system\Boot.php(363): CodeIgniter\CodeIgniter->run()
#9 C:\xampp\htdocs\system\system\Boot.php(68): CodeIgniter\Boot::runCodeIgniter(Object(CodeIgniter\CodeIgniter))
#10 C:\xampp\htdocs\system\public\index.php(59): CodeIgniter\Boot::bootWeb(Object(Config\Paths))
#11 {main}
CRITICAL - 2026-03-08 05:24:41 --> CodeIgniter\Database\Exceptions\DatabaseException: Unknown column 'attendance.time_out' in 'field list'
[Method: GET, Route: admin]
in SYSTEMPATH\Database\BaseConnection.php on line 684.
 1 SYSTEMPATH\Database\BaseBuilder.php(1649): CodeIgniter\Database\BaseConnection->query('SELECT `users`.`id_number`, `users`.`full_name`, `users`.`course`, `users`.`year_level_id`, `users`.`profile_pic`, `attendance`.`time_in`, `attendance`.`time_out`
FROM `users`
LEFT JOIN `attendance` ON `attendance`.`student_id` = `users`.`id_number` AND `attendance`.`event_id` = 1
WHERE `users`.`id_number` = :users.id_number:', [...], false)
 2 APPPATH\Controllers\Admin.php(38): CodeIgniter\Database\BaseBuilder->get()
 3 SYSTEMPATH\CodeIgniter.php(933): App\Controllers\Admin->index()
 4 SYSTEMPATH\CodeIgniter.php(507): CodeIgniter\CodeIgniter->runController(Object(App\Controllers\Admin))
 5 SYSTEMPATH\CodeIgniter.php(354): CodeIgniter\CodeIgniter->handleRequest(null, Object(Config\Cache), false)
 6 SYSTEMPATH\Boot.php(363): CodeIgniter\CodeIgniter->run()
 7 SYSTEMPATH\Boot.php(68): CodeIgniter\Boot::runCodeIgniter(Object(CodeIgniter\CodeIgniter))
 8 FCPATH\index.php(59): CodeIgniter\Boot::bootWeb(Object(Config\Paths))
CRITICAL - 2026-03-08 05:24:41 --> [Caused by] CodeIgniter\Database\Exceptions\DatabaseException: Unknown column 'attendance.time_out' in 'field list'
in SYSTEMPATH\Database\MySQLi\Connection.php on line 332.
 1 SYSTEMPATH\Database\BaseConnection.php(729): CodeIgniter\Database\MySQLi\Connection->execute('SELECT `users`.`id_number`, `users`.`full_name`, `users`.`course`, `users`.`year_level_id`, `users`.`profile_pic`, `attendance`.`time_in`, `attendance`.`time_out`
FROM `users`
LEFT JOIN `attendance` ON `attendance`.`student_id` = `users`.`id_number` AND `attendance`.`event_id` = 1
WHERE `users`.`id_number` = \'23-a-01647\'')
 2 SYSTEMPATH\Database\BaseConnection.php(646): CodeIgniter\Database\BaseConnection->simpleQuery('SELECT `users`.`id_number`, `users`.`full_name`, `users`.`course`, `users`.`year_level_id`, `users`.`profile_pic`, `attendance`.`time_in`, `attendance`.`time_out`
FROM `users`
LEFT JOIN `attendance` ON `attendance`.`student_id` = `users`.`id_number` AND `attendance`.`event_id` = 1
WHERE `users`.`id_number` = \'23-a-01647\'')
 3 SYSTEMPATH\Database\BaseBuilder.php(1649): CodeIgniter\Database\BaseConnection->query('SELECT `users`.`id_number`, `users`.`full_name`, `users`.`course`, `users`.`year_level_id`, `users`.`profile_pic`, `attendance`.`time_in`, `attendance`.`time_out`
FROM `users`
LEFT JOIN `attendance` ON `attendance`.`student_id` = `users`.`id_number` AND `attendance`.`event_id` = 1
WHERE `users`.`id_number` = :users.id_number:', [...], false)
 4 APPPATH\Controllers\Admin.php(38): CodeIgniter\Database\BaseBuilder->get()
 5 SYSTEMPATH\CodeIgniter.php(933): App\Controllers\Admin->index()
 6 SYSTEMPATH\CodeIgniter.php(507): CodeIgniter\CodeIgniter->runController(Object(App\Controllers\Admin))
 7 SYSTEMPATH\CodeIgniter.php(354): CodeIgniter\CodeIgniter->handleRequest(null, Object(Config\Cache), false)
 8 SYSTEMPATH\Boot.php(363): CodeIgniter\CodeIgniter->run()
 9 SYSTEMPATH\Boot.php(68): CodeIgniter\Boot::runCodeIgniter(Object(CodeIgniter\CodeIgniter))
10 FCPATH\index.php(59): CodeIgniter\Boot::bootWeb(Object(Config\Paths))
CRITICAL - 2026-03-08 05:24:41 --> [Caused by] mysqli_sql_exception: Unknown column 'attendance.time_out' in 'field list'
in SYSTEMPATH\Database\MySQLi\Connection.php on line 327.
 1 SYSTEMPATH\Database\MySQLi\Connection.php(327): mysqli->query('SELECT `users`.`id_number`, `users`.`full_name`, `users`.`course`, `users`.`year_level_id`, `users`.`profile_pic`, `attendance`.`time_in`, `attendance`.`time_out`
FROM `users`
LEFT JOIN `attendance` ON `attendance`.`student_id` = `users`.`id_number` AND `attendance`.`event_id` = 1
WHERE `users`.`id_number` = \'23-a-01647\'', 0)
 2 SYSTEMPATH\Database\BaseConnection.php(729): CodeIgniter\Database\MySQLi\Connection->execute('SELECT `users`.`id_number`, `users`.`full_name`, `users`.`course`, `users`.`year_level_id`, `users`.`profile_pic`, `attendance`.`time_in`, `attendance`.`time_out`
FROM `users`
LEFT JOIN `attendance` ON `attendance`.`student_id` = `users`.`id_number` AND `attendance`.`event_id` = 1
WHERE `users`.`id_number` = \'23-a-01647\'')
 3 SYSTEMPATH\Database\BaseConnection.php(646): CodeIgniter\Database\BaseConnection->simpleQuery('SELECT `users`.`id_number`, `users`.`full_name`, `users`.`course`, `users`.`year_level_id`, `users`.`profile_pic`, `attendance`.`time_in`, `attendance`.`time_out`
FROM `users`
LEFT JOIN `attendance` ON `attendance`.`student_id` = `users`.`id_number` AND `attendance`.`event_id` = 1
WHERE `users`.`id_number` = \'23-a-01647\'')
 4 SYSTEMPATH\Database\BaseBuilder.php(1649): CodeIgniter\Database\BaseConnection->query('SELECT `users`.`id_number`, `users`.`full_name`, `users`.`course`, `users`.`year_level_id`, `users`.`profile_pic`, `attendance`.`time_in`, `attendance`.`time_out`
FROM `users`
LEFT JOIN `attendance` ON `attendance`.`student_id` = `users`.`id_number` AND `attendance`.`event_id` = 1
WHERE `users`.`id_number` = :users.id_number:', [...], false)
 5 APPPATH\Controllers\Admin.php(38): CodeIgniter\Database\BaseBuilder->get()
 6 SYSTEMPATH\CodeIgniter.php(933): App\Controllers\Admin->index()
 7 SYSTEMPATH\CodeIgniter.php(507): CodeIgniter\CodeIgniter->runController(Object(App\Controllers\Admin))
 8 SYSTEMPATH\CodeIgniter.php(354): CodeIgniter\CodeIgniter->handleRequest(null, Object(Config\Cache), false)
 9 SYSTEMPATH\Boot.php(363): CodeIgniter\CodeIgniter->run()
10 SYSTEMPATH\Boot.php(68): CodeIgniter\Boot::runCodeIgniter(Object(CodeIgniter\CodeIgniter))
11 FCPATH\index.php(59): CodeIgniter\Boot::bootWeb(Object(Config\Paths))
ERROR - 2026-03-08 05:27:31 --> mysqli_sql_exception: Unknown column 'attendance.time_out' in 'field list' in C:\xampp\htdocs\system\system\Database\MySQLi\Connection.php:327
Stack trace:
#0 C:\xampp\htdocs\system\system\Database\MySQLi\Connection.php(327): mysqli->query('SELECT `users`....', 0)
#1 C:\xampp\htdocs\system\system\Database\BaseConnection.php(729): CodeIgniter\Database\MySQLi\Connection->execute('SELECT `users`....')
#2 C:\xampp\htdocs\system\system\Database\BaseConnection.php(646): CodeIgniter\Database\BaseConnection->simpleQuery('SELECT `users`....')
#3 C:\xampp\htdocs\system\system\Database\BaseBuilder.php(1649): CodeIgniter\Database\BaseConnection->query('SELECT `users`....', Array, false)
#4 C:\xampp\htdocs\system\app\Controllers\Admin.php(118): CodeIgniter\Database\BaseBuilder->get()
#5 C:\xampp\htdocs\system\system\CodeIgniter.php(933): App\Controllers\Admin->check_attendance()
#6 C:\xampp\htdocs\system\system\CodeIgniter.php(507): CodeIgniter\CodeIgniter->runController(Object(App\Controllers\Admin))
#7 C:\xampp\htdocs\system\system\CodeIgniter.php(354): CodeIgniter\CodeIgniter->handleRequest(NULL, Object(Config\Cache), false)
#8 C:\xampp\htdocs\system\system\Boot.php(363): CodeIgniter\CodeIgniter->run()
#9 C:\xampp\htdocs\system\system\Boot.php(68): CodeIgniter\Boot::runCodeIgniter(Object(CodeIgniter\CodeIgniter))
#10 C:\xampp\htdocs\system\public\index.php(59): CodeIgniter\Boot::bootWeb(Object(Config\Paths))
#11 {main}
CRITICAL - 2026-03-08 05:27:31 --> CodeIgniter\Database\Exceptions\DatabaseException: Unknown column 'attendance.time_out' in 'field list'
[Method: GET, Route: admin/attendance_list]
in SYSTEMPATH\Database\BaseConnection.php on line 684.
 1 SYSTEMPATH\Database\BaseBuilder.php(1649): CodeIgniter\Database\BaseConnection->query('SELECT `users`.`id_number` as `student_id`, `users`.`full_name`, `attendance`.`time_in`, `attendance`.`time_out`, `attendance`.`status`, `attendance`.`event_id`
FROM `users`
LEFT JOIN `attendance` ON `attendance`.`student_id` = `users`.`id_number`
WHERE `users`.`id_number` = :users.id_number:
ORDER BY `attendance`.`time_in` DESC', [...], false)
 2 APPPATH\Controllers\Admin.php(118): CodeIgniter\Database\BaseBuilder->get()
 3 SYSTEMPATH\CodeIgniter.php(933): App\Controllers\Admin->check_attendance()
 4 SYSTEMPATH\CodeIgniter.php(507): CodeIgniter\CodeIgniter->runController(Object(App\Controllers\Admin))
 5 SYSTEMPATH\CodeIgniter.php(354): CodeIgniter\CodeIgniter->handleRequest(null, Object(Config\Cache), false)
 6 SYSTEMPATH\Boot.php(363): CodeIgniter\CodeIgniter->run()
 7 SYSTEMPATH\Boot.php(68): CodeIgniter\Boot::runCodeIgniter(Object(CodeIgniter\CodeIgniter))
 8 FCPATH\index.php(59): CodeIgniter\Boot::bootWeb(Object(Config\Paths))
CRITICAL - 2026-03-08 05:27:31 --> [Caused by] CodeIgniter\Database\Exceptions\DatabaseException: Unknown column 'attendance.time_out' in 'field list'
in SYSTEMPATH\Database\MySQLi\Connection.php on line 332.
 1 SYSTEMPATH\Database\BaseConnection.php(729): CodeIgniter\Database\MySQLi\Connection->execute('SELECT `users`.`id_number` as `student_id`, `users`.`full_name`, `attendance`.`time_in`, `attendance`.`time_out`, `attendance`.`status`, `attendance`.`event_id`
FROM `users`
LEFT JOIN `attendance` ON `attendance`.`student_id` = `users`.`id_number`
WHERE `users`.`id_number` = \'23-a-01647\'
ORDER BY `attendance`.`time_in` DESC')
 2 SYSTEMPATH\Database\BaseConnection.php(646): CodeIgniter\Database\BaseConnection->simpleQuery('SELECT `users`.`id_number` as `student_id`, `users`.`full_name`, `attendance`.`time_in`, `attendance`.`time_out`, `attendance`.`status`, `attendance`.`event_id`
FROM `users`
LEFT JOIN `attendance` ON `attendance`.`student_id` = `users`.`id_number`
WHERE `users`.`id_number` = \'23-a-01647\'
ORDER BY `attendance`.`time_in` DESC')
 3 SYSTEMPATH\Database\BaseBuilder.php(1649): CodeIgniter\Database\BaseConnection->query('SELECT `users`.`id_number` as `student_id`, `users`.`full_name`, `attendance`.`time_in`, `attendance`.`time_out`, `attendance`.`status`, `attendance`.`event_id`
FROM `users`
LEFT JOIN `attendance` ON `attendance`.`student_id` = `users`.`id_number`
WHERE `users`.`id_number` = :users.id_number:
ORDER BY `attendance`.`time_in` DESC', [...], false)
 4 APPPATH\Controllers\Admin.php(118): CodeIgniter\Database\BaseBuilder->get()
 5 SYSTEMPATH\CodeIgniter.php(933): App\Controllers\Admin->check_attendance()
 6 SYSTEMPATH\CodeIgniter.php(507): CodeIgniter\CodeIgniter->runController(Object(App\Controllers\Admin))
 7 SYSTEMPATH\CodeIgniter.php(354): CodeIgniter\CodeIgniter->handleRequest(null, Object(Config\Cache), false)
 8 SYSTEMPATH\Boot.php(363): CodeIgniter\CodeIgniter->run()
 9 SYSTEMPATH\Boot.php(68): CodeIgniter\Boot::runCodeIgniter(Object(CodeIgniter\CodeIgniter))
10 FCPATH\index.php(59): CodeIgniter\Boot::bootWeb(Object(Config\Paths))
CRITICAL - 2026-03-08 05:27:31 --> [Caused by] mysqli_sql_exception: Unknown column 'attendance.time_out' in 'field list'
in SYSTEMPATH\Database\MySQLi\Connection.php on line 327.
 1 SYSTEMPATH\Database\MySQLi\Connection.php(327): mysqli->query('SELECT `users`.`id_number` as `student_id`, `users`.`full_name`, `attendance`.`time_in`, `attendance`.`time_out`, `attendance`.`status`, `attendance`.`event_id`
FROM `users`
LEFT JOIN `attendance` ON `attendance`.`student_id` = `users`.`id_number`
WHERE `users`.`id_number` = \'23-a-01647\'
ORDER BY `attendance`.`time_in` DESC', 0)
 2 SYSTEMPATH\Database\BaseConnection.php(729): CodeIgniter\Database\MySQLi\Connection->execute('SELECT `users`.`id_number` as `student_id`, `users`.`full_name`, `attendance`.`time_in`, `attendance`.`time_out`, `attendance`.`status`, `attendance`.`event_id`
FROM `users`
LEFT JOIN `attendance` ON `attendance`.`student_id` = `users`.`id_number`
WHERE `users`.`id_number` = \'23-a-01647\'
ORDER BY `attendance`.`time_in` DESC')
 3 SYSTEMPATH\Database\BaseConnection.php(646): CodeIgniter\Database\BaseConnection->simpleQuery('SELECT `users`.`id_number` as `student_id`, `users`.`full_name`, `attendance`.`time_in`, `attendance`.`time_out`, `attendance`.`status`, `attendance`.`event_id`
FROM `users`
LEFT JOIN `attendance` ON `attendance`.`student_id` = `users`.`id_number`
WHERE `users`.`id_number` = \'23-a-01647\'
ORDER BY `attendance`.`time_in` DESC')
 4 SYSTEMPATH\Database\BaseBuilder.php(1649): CodeIgniter\Database\BaseConnection->query('SELECT `users`.`id_number` as `student_id`, `users`.`full_name`, `attendance`.`time_in`, `attendance`.`time_out`, `attendance`.`status`, `attendance`.`event_id`
FROM `users`
LEFT JOIN `attendance` ON `attendance`.`student_id` = `users`.`id_number`
WHERE `users`.`id_number` = :users.id_number:
ORDER BY `attendance`.`time_in` DESC', [...], false)
 5 APPPATH\Controllers\Admin.php(118): CodeIgniter\Database\BaseBuilder->get()
 6 SYSTEMPATH\CodeIgniter.php(933): App\Controllers\Admin->check_attendance()
 7 SYSTEMPATH\CodeIgniter.php(507): CodeIgniter\CodeIgniter->runController(Object(App\Controllers\Admin))
 8 SYSTEMPATH\CodeIgniter.php(354): CodeIgniter\CodeIgniter->handleRequest(null, Object(Config\Cache), false)
 9 SYSTEMPATH\Boot.php(363): CodeIgniter\CodeIgniter->run()
10 SYSTEMPATH\Boot.php(68): CodeIgniter\Boot::runCodeIgniter(Object(CodeIgniter\CodeIgniter))
11 FCPATH\index.php(59): CodeIgniter\Boot::bootWeb(Object(Config\Paths))
ERROR - 2026-03-08 05:29:47 --> mysqli_sql_exception: Cannot add or update a child row: a foreign key constraint fails (`cs_attendance_db`.`attendance`, CONSTRAINT `attendance_ibfk_1` FOREIGN KEY (`student_id`) REFERENCES `users` (`id`)) in C:\xampp\htdocs\system\system\Database\MySQLi\Connection.php:327
Stack trace:
#0 C:\xampp\htdocs\system\system\Database\MySQLi\Connection.php(327): mysqli->query('INSERT INTO `at...', 0)
#1 C:\xampp\htdocs\system\system\Database\BaseConnection.php(729): CodeIgniter\Database\MySQLi\Connection->execute('INSERT INTO `at...')
#2 C:\xampp\htdocs\system\system\Database\BaseConnection.php(646): CodeIgniter\Database\BaseConnection->simpleQuery('INSERT INTO `at...')
#3 C:\xampp\htdocs\system\system\Database\BaseBuilder.php(2345): CodeIgniter\Database\BaseConnection->query('INSERT INTO `at...', Array, false)
#4 C:\xampp\htdocs\system\app\Controllers\Admin.php(79): CodeIgniter\Database\BaseBuilder->insert(Array)
#5 C:\xampp\htdocs\system\system\CodeIgniter.php(933): App\Controllers\Admin->toggle_attendance('23-a-01647', '1')
#6 C:\xampp\htdocs\system\system\CodeIgniter.php(507): CodeIgniter\CodeIgniter->runController(Object(App\Controllers\Admin))
#7 C:\xampp\htdocs\system\system\CodeIgniter.php(354): CodeIgniter\CodeIgniter->handleRequest(NULL, Object(Config\Cache), false)
#8 C:\xampp\htdocs\system\system\Boot.php(363): CodeIgniter\CodeIgniter->run()
#9 C:\xampp\htdocs\system\system\Boot.php(68): CodeIgniter\Boot::runCodeIgniter(Object(CodeIgniter\CodeIgniter))
#10 C:\xampp\htdocs\system\public\index.php(59): CodeIgniter\Boot::bootWeb(Object(Config\Paths))
#11 {main}
CRITICAL - 2026-03-08 05:29:47 --> CodeIgniter\Database\Exceptions\DatabaseException: Cannot add or update a child row: a foreign key constraint fails (`cs_attendance_db`.`attendance`, CONSTRAINT `attendance_ibfk_1` FOREIGN KEY (`student_id`) REFERENCES `users` (`id`))
[Method: GET, Route: admin/toggle_attendance/23-a-01647/1]
in SYSTEMPATH\Database\BaseConnection.php on line 684.
 1 SYSTEMPATH\Database\BaseBuilder.php(2345): CodeIgniter\Database\BaseConnection->query('INSERT INTO `attendance` (`student_id`, `event_id`, `time_in`, `status`, `remarks`) VALUES (:student_id:, :event_id:, :time_in:, :status:, :remarks:)', [...], false)
 2 APPPATH\Controllers\Admin.php(79): CodeIgniter\Database\BaseBuilder->insert([...])
 3 SYSTEMPATH\CodeIgniter.php(933): App\Controllers\Admin->toggle_attendance('23-a-01647', '1')
 4 SYSTEMPATH\CodeIgniter.php(507): CodeIgniter\CodeIgniter->runController(Object(App\Controllers\Admin))
 5 SYSTEMPATH\CodeIgniter.php(354): CodeIgniter\CodeIgniter->handleRequest(null, Object(Config\Cache), false)
 6 SYSTEMPATH\Boot.php(363): CodeIgniter\CodeIgniter->run()
 7 SYSTEMPATH\Boot.php(68): CodeIgniter\Boot::runCodeIgniter(Object(CodeIgniter\CodeIgniter))
 8 FCPATH\index.php(59): CodeIgniter\Boot::bootWeb(Object(Config\Paths))
CRITICAL - 2026-03-08 05:29:47 --> [Caused by] CodeIgniter\Database\Exceptions\DatabaseException: Cannot add or update a child row: a foreign key constraint fails (`cs_attendance_db`.`attendance`, CONSTRAINT `attendance_ibfk_1` FOREIGN KEY (`student_id`) REFERENCES `users` (`id`))
in SYSTEMPATH\Database\MySQLi\Connection.php on line 332.
 1 SYSTEMPATH\Database\BaseConnection.php(729): CodeIgniter\Database\MySQLi\Connection->execute('INSERT INTO `attendance` (`student_id`, `event_id`, `time_in`, `status`, `remarks`) VALUES (\'23-a-01647\', \'1\', \'2026-03-08 13:29:47\', \'Present\', \'On Time\')')
 2 SYSTEMPATH\Database\BaseConnection.php(646): CodeIgniter\Database\BaseConnection->simpleQuery('INSERT INTO `attendance` (`student_id`, `event_id`, `time_in`, `status`, `remarks`) VALUES (\'23-a-01647\', \'1\', \'2026-03-08 13:29:47\', \'Present\', \'On Time\')')
 3 SYSTEMPATH\Database\BaseBuilder.php(2345): CodeIgniter\Database\BaseConnection->query('INSERT INTO `attendance` (`student_id`, `event_id`, `time_in`, `status`, `remarks`) VALUES (:student_id:, :event_id:, :time_in:, :status:, :remarks:)', [...], false)
 4 APPPATH\Controllers\Admin.php(79): CodeIgniter\Database\BaseBuilder->insert([...])
 5 SYSTEMPATH\CodeIgniter.php(933): App\Controllers\Admin->toggle_attendance('23-a-01647', '1')
 6 SYSTEMPATH\CodeIgniter.php(507): CodeIgniter\CodeIgniter->runController(Object(App\Controllers\Admin))
 7 SYSTEMPATH\CodeIgniter.php(354): CodeIgniter\CodeIgniter->handleRequest(null, Object(Config\Cache), false)
 8 SYSTEMPATH\Boot.php(363): CodeIgniter\CodeIgniter->run()
 9 SYSTEMPATH\Boot.php(68): CodeIgniter\Boot::runCodeIgniter(Object(CodeIgniter\CodeIgniter))
10 FCPATH\index.php(59): CodeIgniter\Boot::bootWeb(Object(Config\Paths))
CRITICAL - 2026-03-08 05:29:47 --> [Caused by] mysqli_sql_exception: Cannot add or update a child row: a foreign key constraint fails (`cs_attendance_db`.`attendance`, CONSTRAINT `attendance_ibfk_1` FOREIGN KEY (`student_id`) REFERENCES `users` (`id`))
in SYSTEMPATH\Database\MySQLi\Connection.php on line 327.
 1 SYSTEMPATH\Database\MySQLi\Connection.php(327): mysqli->query('INSERT INTO `attendance` (`student_id`, `event_id`, `time_in`, `status`, `remarks`) VALUES (\'23-a-01647\', \'1\', \'2026-03-08 13:29:47\', \'Present\', \'On Time\')', 0)
 2 SYSTEMPATH\Database\BaseConnection.php(729): CodeIgniter\Database\MySQLi\Connection->execute('INSERT INTO `attendance` (`student_id`, `event_id`, `time_in`, `status`, `remarks`) VALUES (\'23-a-01647\', \'1\', \'2026-03-08 13:29:47\', \'Present\', \'On Time\')')
 3 SYSTEMPATH\Database\BaseConnection.php(646): CodeIgniter\Database\BaseConnection->simpleQuery('INSERT INTO `attendance` (`student_id`, `event_id`, `time_in`, `status`, `remarks`) VALUES (\'23-a-01647\', \'1\', \'2026-03-08 13:29:47\', \'Present\', \'On Time\')')
 4 SYSTEMPATH\Database\BaseBuilder.php(2345): CodeIgniter\Database\BaseConnection->query('INSERT INTO `attendance` (`student_id`, `event_id`, `time_in`, `status`, `remarks`) VALUES (:student_id:, :event_id:, :time_in:, :status:, :remarks:)', [...], false)
 5 APPPATH\Controllers\Admin.php(79): CodeIgniter\Database\BaseBuilder->insert([...])
 6 SYSTEMPATH\CodeIgniter.php(933): App\Controllers\Admin->toggle_attendance('23-a-01647', '1')
 7 SYSTEMPATH\CodeIgniter.php(507): CodeIgniter\CodeIgniter->runController(Object(App\Controllers\Admin))
 8 SYSTEMPATH\CodeIgniter.php(354): CodeIgniter\CodeIgniter->handleRequest(null, Object(Config\Cache), false)
 9 SYSTEMPATH\Boot.php(363): CodeIgniter\CodeIgniter->run()
10 SYSTEMPATH\Boot.php(68): CodeIgniter\Boot::runCodeIgniter(Object(CodeIgniter\CodeIgniter))
11 FCPATH\index.php(59): CodeIgniter\Boot::bootWeb(Object(Config\Paths))
ERROR - 2026-03-08 05:30:19 --> mysqli_sql_exception: Unknown column 'attendance.time_out' in 'field list' in C:\xampp\htdocs\system\system\Database\MySQLi\Connection.php:327
Stack trace:
#0 C:\xampp\htdocs\system\system\Database\MySQLi\Connection.php(327): mysqli->query('SELECT `users`....', 0)
#1 C:\xampp\htdocs\system\system\Database\BaseConnection.php(729): CodeIgniter\Database\MySQLi\Connection->execute('SELECT `users`....')
#2 C:\xampp\htdocs\system\system\Database\BaseConnection.php(646): CodeIgniter\Database\BaseConnection->simpleQuery('SELECT `users`....')
#3 C:\xampp\htdocs\system\system\Database\BaseBuilder.php(1649): CodeIgniter\Database\BaseConnection->query('SELECT `users`....', Array, false)
#4 C:\xampp\htdocs\system\app\Controllers\Admin.php(118): CodeIgniter\Database\BaseBuilder->get()
#5 C:\xampp\htdocs\system\system\CodeIgniter.php(933): App\Controllers\Admin->check_attendance()
#6 C:\xampp\htdocs\system\system\CodeIgniter.php(507): CodeIgniter\CodeIgniter->runController(Object(App\Controllers\Admin))
#7 C:\xampp\htdocs\system\system\CodeIgniter.php(354): CodeIgniter\CodeIgniter->handleRequest(NULL, Object(Config\Cache), false)
#8 C:\xampp\htdocs\system\system\Boot.php(363): CodeIgniter\CodeIgniter->run()
#9 C:\xampp\htdocs\system\system\Boot.php(68): CodeIgniter\Boot::runCodeIgniter(Object(CodeIgniter\CodeIgniter))
#10 C:\xampp\htdocs\system\public\index.php(59): CodeIgniter\Boot::bootWeb(Object(Config\Paths))
#11 {main}
CRITICAL - 2026-03-08 05:30:19 --> CodeIgniter\Database\Exceptions\DatabaseException: Unknown column 'attendance.time_out' in 'field list'
[Method: GET, Route: admin/attendance_list]
in SYSTEMPATH\Database\BaseConnection.php on line 684.
 1 SYSTEMPATH\Database\BaseBuilder.php(1649): CodeIgniter\Database\BaseConnection->query('SELECT `users`.`id_number` as `student_id`, `users`.`full_name`, `attendance`.`time_in`, `attendance`.`time_out`, `attendance`.`status`, `attendance`.`event_id`
FROM `users`
LEFT JOIN `attendance` ON `attendance`.`student_id` = `users`.`id_number`
WHERE `users`.`id_number` = :users.id_number:
ORDER BY `attendance`.`time_in` DESC', [...], false)
 2 APPPATH\Controllers\Admin.php(118): CodeIgniter\Database\BaseBuilder->get()
 3 SYSTEMPATH\CodeIgniter.php(933): App\Controllers\Admin->check_attendance()
 4 SYSTEMPATH\CodeIgniter.php(507): CodeIgniter\CodeIgniter->runController(Object(App\Controllers\Admin))
 5 SYSTEMPATH\CodeIgniter.php(354): CodeIgniter\CodeIgniter->handleRequest(null, Object(Config\Cache), false)
 6 SYSTEMPATH\Boot.php(363): CodeIgniter\CodeIgniter->run()
 7 SYSTEMPATH\Boot.php(68): CodeIgniter\Boot::runCodeIgniter(Object(CodeIgniter\CodeIgniter))
 8 FCPATH\index.php(59): CodeIgniter\Boot::bootWeb(Object(Config\Paths))
CRITICAL - 2026-03-08 05:30:19 --> [Caused by] CodeIgniter\Database\Exceptions\DatabaseException: Unknown column 'attendance.time_out' in 'field list'
in SYSTEMPATH\Database\MySQLi\Connection.php on line 332.
 1 SYSTEMPATH\Database\BaseConnection.php(729): CodeIgniter\Database\MySQLi\Connection->execute('SELECT `users`.`id_number` as `student_id`, `users`.`full_name`, `attendance`.`time_in`, `attendance`.`time_out`, `attendance`.`status`, `attendance`.`event_id`
FROM `users`
LEFT JOIN `attendance` ON `attendance`.`student_id` = `users`.`id_number`
WHERE `users`.`id_number` = \'23-a-01647\'
ORDER BY `attendance`.`time_in` DESC')
 2 SYSTEMPATH\Database\BaseConnection.php(646): CodeIgniter\Database\BaseConnection->simpleQuery('SELECT `users`.`id_number` as `student_id`, `users`.`full_name`, `attendance`.`time_in`, `attendance`.`time_out`, `attendance`.`status`, `attendance`.`event_id`
FROM `users`
LEFT JOIN `attendance` ON `attendance`.`student_id` = `users`.`id_number`
WHERE `users`.`id_number` = \'23-a-01647\'
ORDER BY `attendance`.`time_in` DESC')
 3 SYSTEMPATH\Database\BaseBuilder.php(1649): CodeIgniter\Database\BaseConnection->query('SELECT `users`.`id_number` as `student_id`, `users`.`full_name`, `attendance`.`time_in`, `attendance`.`time_out`, `attendance`.`status`, `attendance`.`event_id`
FROM `users`
LEFT JOIN `attendance` ON `attendance`.`student_id` = `users`.`id_number`
WHERE `users`.`id_number` = :users.id_number:
ORDER BY `attendance`.`time_in` DESC', [...], false)
 4 APPPATH\Controllers\Admin.php(118): CodeIgniter\Database\BaseBuilder->get()
 5 SYSTEMPATH\CodeIgniter.php(933): App\Controllers\Admin->check_attendance()
 6 SYSTEMPATH\CodeIgniter.php(507): CodeIgniter\CodeIgniter->runController(Object(App\Controllers\Admin))
 7 SYSTEMPATH\CodeIgniter.php(354): CodeIgniter\CodeIgniter->handleRequest(null, Object(Config\Cache), false)
 8 SYSTEMPATH\Boot.php(363): CodeIgniter\CodeIgniter->run()
 9 SYSTEMPATH\Boot.php(68): CodeIgniter\Boot::runCodeIgniter(Object(CodeIgniter\CodeIgniter))
10 FCPATH\index.php(59): CodeIgniter\Boot::bootWeb(Object(Config\Paths))
CRITICAL - 2026-03-08 05:30:19 --> [Caused by] mysqli_sql_exception: Unknown column 'attendance.time_out' in 'field list'
in SYSTEMPATH\Database\MySQLi\Connection.php on line 327.
 1 SYSTEMPATH\Database\MySQLi\Connection.php(327): mysqli->query('SELECT `users`.`id_number` as `student_id`, `users`.`full_name`, `attendance`.`time_in`, `attendance`.`time_out`, `attendance`.`status`, `attendance`.`event_id`
FROM `users`
LEFT JOIN `attendance` ON `attendance`.`student_id` = `users`.`id_number`
WHERE `users`.`id_number` = \'23-a-01647\'
ORDER BY `attendance`.`time_in` DESC', 0)
 2 SYSTEMPATH\Database\BaseConnection.php(729): CodeIgniter\Database\MySQLi\Connection->execute('SELECT `users`.`id_number` as `student_id`, `users`.`full_name`, `attendance`.`time_in`, `attendance`.`time_out`, `attendance`.`status`, `attendance`.`event_id`
FROM `users`
LEFT JOIN `attendance` ON `attendance`.`student_id` = `users`.`id_number`
WHERE `users`.`id_number` = \'23-a-01647\'
ORDER BY `attendance`.`time_in` DESC')
 3 SYSTEMPATH\Database\BaseConnection.php(646): CodeIgniter\Database\BaseConnection->simpleQuery('SELECT `users`.`id_number` as `student_id`, `users`.`full_name`, `attendance`.`time_in`, `attendance`.`time_out`, `attendance`.`status`, `attendance`.`event_id`
FROM `users`
LEFT JOIN `attendance` ON `attendance`.`student_id` = `users`.`id_number`
WHERE `users`.`id_number` = \'23-a-01647\'
ORDER BY `attendance`.`time_in` DESC')
 4 SYSTEMPATH\Database\BaseBuilder.php(1649): CodeIgniter\Database\BaseConnection->query('SELECT `users`.`id_number` as `student_id`, `users`.`full_name`, `attendance`.`time_in`, `attendance`.`time_out`, `attendance`.`status`, `attendance`.`event_id`
FROM `users`
LEFT JOIN `attendance` ON `attendance`.`student_id` = `users`.`id_number`
WHERE `users`.`id_number` = :users.id_number:
ORDER BY `attendance`.`time_in` DESC', [...], false)
 5 APPPATH\Controllers\Admin.php(118): CodeIgniter\Database\BaseBuilder->get()
 6 SYSTEMPATH\CodeIgniter.php(933): App\Controllers\Admin->check_attendance()
 7 SYSTEMPATH\CodeIgniter.php(507): CodeIgniter\CodeIgniter->runController(Object(App\Controllers\Admin))
 8 SYSTEMPATH\CodeIgniter.php(354): CodeIgniter\CodeIgniter->handleRequest(null, Object(Config\Cache), false)
 9 SYSTEMPATH\Boot.php(363): CodeIgniter\CodeIgniter->run()
10 SYSTEMPATH\Boot.php(68): CodeIgniter\Boot::runCodeIgniter(Object(CodeIgniter\CodeIgniter))
11 FCPATH\index.php(59): CodeIgniter\Boot::bootWeb(Object(Config\Paths))
ERROR - 2026-03-08 05:32:27 --> mysqli_sql_exception: Cannot add or update a child row: a foreign key constraint fails (`cs_attendance_db`.`attendance`, CONSTRAINT `attendance_ibfk_1` FOREIGN KEY (`student_id`) REFERENCES `users` (`id`)) in C:\xampp\htdocs\system\system\Database\MySQLi\Connection.php:327
Stack trace:
#0 C:\xampp\htdocs\system\system\Database\MySQLi\Connection.php(327): mysqli->query('INSERT INTO `at...', 0)
#1 C:\xampp\htdocs\system\system\Database\BaseConnection.php(729): CodeIgniter\Database\MySQLi\Connection->execute('INSERT INTO `at...')
#2 C:\xampp\htdocs\system\system\Database\BaseConnection.php(646): CodeIgniter\Database\BaseConnection->simpleQuery('INSERT INTO `at...')
#3 C:\xampp\htdocs\system\system\Database\BaseBuilder.php(2345): CodeIgniter\Database\BaseConnection->query('INSERT INTO `at...', Array, false)
#4 C:\xampp\htdocs\system\app\Controllers\Admin.php(81): CodeIgniter\Database\BaseBuilder->insert(Array)
#5 C:\xampp\htdocs\system\system\CodeIgniter.php(933): App\Controllers\Admin->toggle_attendance('23-a-01647', '1')
#6 C:\xampp\htdocs\system\system\CodeIgniter.php(507): CodeIgniter\CodeIgniter->runController(Object(App\Controllers\Admin))
#7 C:\xampp\htdocs\system\system\CodeIgniter.php(354): CodeIgniter\CodeIgniter->handleRequest(NULL, Object(Config\Cache), false)
#8 C:\xampp\htdocs\system\system\Boot.php(363): CodeIgniter\CodeIgniter->run()
#9 C:\xampp\htdocs\system\system\Boot.php(68): CodeIgniter\Boot::runCodeIgniter(Object(CodeIgniter\CodeIgniter))
#10 C:\xampp\htdocs\system\public\index.php(59): CodeIgniter\Boot::bootWeb(Object(Config\Paths))
#11 {main}
CRITICAL - 2026-03-08 05:32:27 --> CodeIgniter\Database\Exceptions\DatabaseException: Cannot add or update a child row: a foreign key constraint fails (`cs_attendance_db`.`attendance`, CONSTRAINT `attendance_ibfk_1` FOREIGN KEY (`student_id`) REFERENCES `users` (`id`))
[Method: GET, Route: admin/toggle_attendance/23-a-01647/1]
in SYSTEMPATH\Database\BaseConnection.php on line 684.
 1 SYSTEMPATH\Database\BaseBuilder.php(2345): CodeIgniter\Database\BaseConnection->query('INSERT INTO `attendance` (`student_id`, `event_id`, `time_in`, `status`, `remarks`) VALUES (:student_id:, :event_id:, :time_in:, :status:, :remarks:)', [...], false)
 2 APPPATH\Controllers\Admin.php(81): CodeIgniter\Database\BaseBuilder->insert([...])
 3 SYSTEMPATH\CodeIgniter.php(933): App\Controllers\Admin->toggle_attendance('23-a-01647', '1')
 4 SYSTEMPATH\CodeIgniter.php(507): CodeIgniter\CodeIgniter->runController(Object(App\Controllers\Admin))
 5 SYSTEMPATH\CodeIgniter.php(354): CodeIgniter\CodeIgniter->handleRequest(null, Object(Config\Cache), false)
 6 SYSTEMPATH\Boot.php(363): CodeIgniter\CodeIgniter->run()
 7 SYSTEMPATH\Boot.php(68): CodeIgniter\Boot::runCodeIgniter(Object(CodeIgniter\CodeIgniter))
 8 FCPATH\index.php(59): CodeIgniter\Boot::bootWeb(Object(Config\Paths))
CRITICAL - 2026-03-08 05:32:27 --> [Caused by] CodeIgniter\Database\Exceptions\DatabaseException: Cannot add or update a child row: a foreign key constraint fails (`cs_attendance_db`.`attendance`, CONSTRAINT `attendance_ibfk_1` FOREIGN KEY (`student_id`) REFERENCES `users` (`id`))
in SYSTEMPATH\Database\MySQLi\Connection.php on line 332.
 1 SYSTEMPATH\Database\BaseConnection.php(729): CodeIgniter\Database\MySQLi\Connection->execute('INSERT INTO `attendance` (`student_id`, `event_id`, `time_in`, `status`, `remarks`) VALUES (\'23-a-01647\', \'1\', \'2026-03-08 13:32:27\', \'Present\', \'On Time\')')
 2 SYSTEMPATH\Database\BaseConnection.php(646): CodeIgniter\Database\BaseConnection->simpleQuery('INSERT INTO `attendance` (`student_id`, `event_id`, `time_in`, `status`, `remarks`) VALUES (\'23-a-01647\', \'1\', \'2026-03-08 13:32:27\', \'Present\', \'On Time\')')
 3 SYSTEMPATH\Database\BaseBuilder.php(2345): CodeIgniter\Database\BaseConnection->query('INSERT INTO `attendance` (`student_id`, `event_id`, `time_in`, `status`, `remarks`) VALUES (:student_id:, :event_id:, :time_in:, :status:, :remarks:)', [...], false)
 4 APPPATH\Controllers\Admin.php(81): CodeIgniter\Database\BaseBuilder->insert([...])
 5 SYSTEMPATH\CodeIgniter.php(933): App\Controllers\Admin->toggle_attendance('23-a-01647', '1')
 6 SYSTEMPATH\CodeIgniter.php(507): CodeIgniter\CodeIgniter->runController(Object(App\Controllers\Admin))
 7 SYSTEMPATH\CodeIgniter.php(354): CodeIgniter\CodeIgniter->handleRequest(null, Object(Config\Cache), false)
 8 SYSTEMPATH\Boot.php(363): CodeIgniter\CodeIgniter->run()
 9 SYSTEMPATH\Boot.php(68): CodeIgniter\Boot::runCodeIgniter(Object(CodeIgniter\CodeIgniter))
10 FCPATH\index.php(59): CodeIgniter\Boot::bootWeb(Object(Config\Paths))
CRITICAL - 2026-03-08 05:32:27 --> [Caused by] mysqli_sql_exception: Cannot add or update a child row: a foreign key constraint fails (`cs_attendance_db`.`attendance`, CONSTRAINT `attendance_ibfk_1` FOREIGN KEY (`student_id`) REFERENCES `users` (`id`))
in SYSTEMPATH\Database\MySQLi\Connection.php on line 327.
 1 SYSTEMPATH\Database\MySQLi\Connection.php(327): mysqli->query('INSERT INTO `attendance` (`student_id`, `event_id`, `time_in`, `status`, `remarks`) VALUES (\'23-a-01647\', \'1\', \'2026-03-08 13:32:27\', \'Present\', \'On Time\')', 0)
 2 SYSTEMPATH\Database\BaseConnection.php(729): CodeIgniter\Database\MySQLi\Connection->execute('INSERT INTO `attendance` (`student_id`, `event_id`, `time_in`, `status`, `remarks`) VALUES (\'23-a-01647\', \'1\', \'2026-03-08 13:32:27\', \'Present\', \'On Time\')')
 3 SYSTEMPATH\Database\BaseConnection.php(646): CodeIgniter\Database\BaseConnection->simpleQuery('INSERT INTO `attendance` (`student_id`, `event_id`, `time_in`, `status`, `remarks`) VALUES (\'23-a-01647\', \'1\', \'2026-03-08 13:32:27\', \'Present\', \'On Time\')')
 4 SYSTEMPATH\Database\BaseBuilder.php(2345): CodeIgniter\Database\BaseConnection->query('INSERT INTO `attendance` (`student_id`, `event_id`, `time_in`, `status`, `remarks`) VALUES (:student_id:, :event_id:, :time_in:, :status:, :remarks:)', [...], false)
 5 APPPATH\Controllers\Admin.php(81): CodeIgniter\Database\BaseBuilder->insert([...])
 6 SYSTEMPATH\CodeIgniter.php(933): App\Controllers\Admin->toggle_attendance('23-a-01647', '1')
 7 SYSTEMPATH\CodeIgniter.php(507): CodeIgniter\CodeIgniter->runController(Object(App\Controllers\Admin))
 8 SYSTEMPATH\CodeIgniter.php(354): CodeIgniter\CodeIgniter->handleRequest(null, Object(Config\Cache), false)
 9 SYSTEMPATH\Boot.php(363): CodeIgniter\CodeIgniter->run()
10 SYSTEMPATH\Boot.php(68): CodeIgniter\Boot::runCodeIgniter(Object(CodeIgniter\CodeIgniter))
11 FCPATH\index.php(59): CodeIgniter\Boot::bootWeb(Object(Config\Paths))
ERROR - 2026-03-08 05:35:36 --> mysqli_sql_exception: Cannot add or update a child row: a foreign key constraint fails (`cs_attendance_db`.`attendance`, CONSTRAINT `attendance_ibfk_1` FOREIGN KEY (`student_id`) REFERENCES `users` (`id`)) in C:\xampp\htdocs\system\system\Database\MySQLi\Connection.php:327
Stack trace:
#0 C:\xampp\htdocs\system\system\Database\MySQLi\Connection.php(327): mysqli->query('INSERT INTO `at...', 0)
#1 C:\xampp\htdocs\system\system\Database\BaseConnection.php(729): CodeIgniter\Database\MySQLi\Connection->execute('INSERT INTO `at...')
#2 C:\xampp\htdocs\system\system\Database\BaseConnection.php(646): CodeIgniter\Database\BaseConnection->simpleQuery('INSERT INTO `at...')
#3 C:\xampp\htdocs\system\system\Database\BaseBuilder.php(2345): CodeIgniter\Database\BaseConnection->query('INSERT INTO `at...', Array, false)
#4 C:\xampp\htdocs\system\app\Controllers\Admin.php(81): CodeIgniter\Database\BaseBuilder->insert(Array)
#5 C:\xampp\htdocs\system\system\CodeIgniter.php(933): App\Controllers\Admin->toggle_attendance('23-a-01647', '1')
#6 C:\xampp\htdocs\system\system\CodeIgniter.php(507): CodeIgniter\CodeIgniter->runController(Object(App\Controllers\Admin))
#7 C:\xampp\htdocs\system\system\CodeIgniter.php(354): CodeIgniter\CodeIgniter->handleRequest(NULL, Object(Config\Cache), false)
#8 C:\xampp\htdocs\system\system\Boot.php(363): CodeIgniter\CodeIgniter->run()
#9 C:\xampp\htdocs\system\system\Boot.php(68): CodeIgniter\Boot::runCodeIgniter(Object(CodeIgniter\CodeIgniter))
#10 C:\xampp\htdocs\system\public\index.php(59): CodeIgniter\Boot::bootWeb(Object(Config\Paths))
#11 {main}
CRITICAL - 2026-03-08 05:35:36 --> CodeIgniter\Database\Exceptions\DatabaseException: Cannot add or update a child row: a foreign key constraint fails (`cs_attendance_db`.`attendance`, CONSTRAINT `attendance_ibfk_1` FOREIGN KEY (`student_id`) REFERENCES `users` (`id`))
[Method: GET, Route: admin/toggle_attendance/23-a-01647/1]
in SYSTEMPATH\Database\BaseConnection.php on line 684.
 1 SYSTEMPATH\Database\BaseBuilder.php(2345): CodeIgniter\Database\BaseConnection->query('INSERT INTO `attendance` (`student_id`, `event_id`, `time_in`, `status`, `remarks`) VALUES (:student_id:, :event_id:, :time_in:, :status:, :remarks:)', [...], false)
 2 APPPATH\Controllers\Admin.php(81): CodeIgniter\Database\BaseBuilder->insert([...])
 3 SYSTEMPATH\CodeIgniter.php(933): App\Controllers\Admin->toggle_attendance('23-a-01647', '1')
 4 SYSTEMPATH\CodeIgniter.php(507): CodeIgniter\CodeIgniter->runController(Object(App\Controllers\Admin))
 5 SYSTEMPATH\CodeIgniter.php(354): CodeIgniter\CodeIgniter->handleRequest(null, Object(Config\Cache), false)
 6 SYSTEMPATH\Boot.php(363): CodeIgniter\CodeIgniter->run()
 7 SYSTEMPATH\Boot.php(68): CodeIgniter\Boot::runCodeIgniter(Object(CodeIgniter\CodeIgniter))
 8 FCPATH\index.php(59): CodeIgniter\Boot::bootWeb(Object(Config\Paths))
CRITICAL - 2026-03-08 05:35:36 --> [Caused by] CodeIgniter\Database\Exceptions\DatabaseException: Cannot add or update a child row: a foreign key constraint fails (`cs_attendance_db`.`attendance`, CONSTRAINT `attendance_ibfk_1` FOREIGN KEY (`student_id`) REFERENCES `users` (`id`))
in SYSTEMPATH\Database\MySQLi\Connection.php on line 332.
 1 SYSTEMPATH\Database\BaseConnection.php(729): CodeIgniter\Database\MySQLi\Connection->execute('INSERT INTO `attendance` (`student_id`, `event_id`, `time_in`, `status`, `remarks`) VALUES (\'23-a-01647\', \'1\', \'2026-03-08 13:35:36\', \'Present\', \'On Time\')')
 2 SYSTEMPATH\Database\BaseConnection.php(646): CodeIgniter\Database\BaseConnection->simpleQuery('INSERT INTO `attendance` (`student_id`, `event_id`, `time_in`, `status`, `remarks`) VALUES (\'23-a-01647\', \'1\', \'2026-03-08 13:35:36\', \'Present\', \'On Time\')')
 3 SYSTEMPATH\Database\BaseBuilder.php(2345): CodeIgniter\Database\BaseConnection->query('INSERT INTO `attendance` (`student_id`, `event_id`, `time_in`, `status`, `remarks`) VALUES (:student_id:, :event_id:, :time_in:, :status:, :remarks:)', [...], false)
 4 APPPATH\Controllers\Admin.php(81): CodeIgniter\Database\BaseBuilder->insert([...])
 5 SYSTEMPATH\CodeIgniter.php(933): App\Controllers\Admin->toggle_attendance('23-a-01647', '1')
 6 SYSTEMPATH\CodeIgniter.php(507): CodeIgniter\CodeIgniter->runController(Object(App\Controllers\Admin))
 7 SYSTEMPATH\CodeIgniter.php(354): CodeIgniter\CodeIgniter->handleRequest(null, Object(Config\Cache), false)
 8 SYSTEMPATH\Boot.php(363): CodeIgniter\CodeIgniter->run()
 9 SYSTEMPATH\Boot.php(68): CodeIgniter\Boot::runCodeIgniter(Object(CodeIgniter\CodeIgniter))
10 FCPATH\index.php(59): CodeIgniter\Boot::bootWeb(Object(Config\Paths))
CRITICAL - 2026-03-08 05:35:36 --> [Caused by] mysqli_sql_exception: Cannot add or update a child row: a foreign key constraint fails (`cs_attendance_db`.`attendance`, CONSTRAINT `attendance_ibfk_1` FOREIGN KEY (`student_id`) REFERENCES `users` (`id`))
in SYSTEMPATH\Database\MySQLi\Connection.php on line 327.
 1 SYSTEMPATH\Database\MySQLi\Connection.php(327): mysqli->query('INSERT INTO `attendance` (`student_id`, `event_id`, `time_in`, `status`, `remarks`) VALUES (\'23-a-01647\', \'1\', \'2026-03-08 13:35:36\', \'Present\', \'On Time\')', 0)
 2 SYSTEMPATH\Database\BaseConnection.php(729): CodeIgniter\Database\MySQLi\Connection->execute('INSERT INTO `attendance` (`student_id`, `event_id`, `time_in`, `status`, `remarks`) VALUES (\'23-a-01647\', \'1\', \'2026-03-08 13:35:36\', \'Present\', \'On Time\')')
 3 SYSTEMPATH\Database\BaseConnection.php(646): CodeIgniter\Database\BaseConnection->simpleQuery('INSERT INTO `attendance` (`student_id`, `event_id`, `time_in`, `status`, `remarks`) VALUES (\'23-a-01647\', \'1\', \'2026-03-08 13:35:36\', \'Present\', \'On Time\')')
 4 SYSTEMPATH\Database\BaseBuilder.php(2345): CodeIgniter\Database\BaseConnection->query('INSERT INTO `attendance` (`student_id`, `event_id`, `time_in`, `status`, `remarks`) VALUES (:student_id:, :event_id:, :time_in:, :status:, :remarks:)', [...], false)
 5 APPPATH\Controllers\Admin.php(81): CodeIgniter\Database\BaseBuilder->insert([...])
 6 SYSTEMPATH\CodeIgniter.php(933): App\Controllers\Admin->toggle_attendance('23-a-01647', '1')
 7 SYSTEMPATH\CodeIgniter.php(507): CodeIgniter\CodeIgniter->runController(Object(App\Controllers\Admin))
 8 SYSTEMPATH\CodeIgniter.php(354): CodeIgniter\CodeIgniter->handleRequest(null, Object(Config\Cache), false)
 9 SYSTEMPATH\Boot.php(363): CodeIgniter\CodeIgniter->run()
10 SYSTEMPATH\Boot.php(68): CodeIgniter\Boot::runCodeIgniter(Object(CodeIgniter\CodeIgniter))
11 FCPATH\index.php(59): CodeIgniter\Boot::bootWeb(Object(Config\Paths))
ERROR - 2026-03-08 13:42:34 --> mysqli_sql_exception: Unknown column 'attendance.time_out' in 'field list' in C:\xampp\htdocs\system\system\Database\MySQLi\Connection.php:327
Stack trace:
#0 C:\xampp\htdocs\system\system\Database\MySQLi\Connection.php(327): mysqli->query('SELECT `users`....', 0)
#1 C:\xampp\htdocs\system\system\Database\BaseConnection.php(729): CodeIgniter\Database\MySQLi\Connection->execute('SELECT `users`....')
#2 C:\xampp\htdocs\system\system\Database\BaseConnection.php(646): CodeIgniter\Database\BaseConnection->simpleQuery('SELECT `users`....')
#3 C:\xampp\htdocs\system\system\Database\BaseBuilder.php(1649): CodeIgniter\Database\BaseConnection->query('SELECT `users`....', Array, false)
#4 C:\xampp\htdocs\system\app\Controllers\Admin.php(186): CodeIgniter\Database\BaseBuilder->get()
#5 C:\xampp\htdocs\system\system\CodeIgniter.php(933): App\Controllers\Admin->check_attendance()
#6 C:\xampp\htdocs\system\system\CodeIgniter.php(507): CodeIgniter\CodeIgniter->runController(Object(App\Controllers\Admin))
#7 C:\xampp\htdocs\system\system\CodeIgniter.php(354): CodeIgniter\CodeIgniter->handleRequest(NULL, Object(Config\Cache), false)
#8 C:\xampp\htdocs\system\system\Boot.php(363): CodeIgniter\CodeIgniter->run()
#9 C:\xampp\htdocs\system\system\Boot.php(68): CodeIgniter\Boot::runCodeIgniter(Object(CodeIgniter\CodeIgniter))
#10 C:\xampp\htdocs\system\public\index.php(59): CodeIgniter\Boot::bootWeb(Object(Config\Paths))
#11 {main}
CRITICAL - 2026-03-08 13:42:34 --> CodeIgniter\Database\Exceptions\DatabaseException: Unknown column 'attendance.time_out' in 'field list'
[Method: GET, Route: admin/attendance_list]
in SYSTEMPATH\Database\BaseConnection.php on line 684.
 1 SYSTEMPATH\Database\BaseBuilder.php(1649): CodeIgniter\Database\BaseConnection->query('SELECT `users`.`id_number` as `student_id`, `users`.`full_name`, `attendance`.`time_in`, `attendance`.`time_out`, `attendance`.`status`, `attendance`.`event_id`
FROM `users`
INNER JOIN `attendance` ON `attendance`.`student_id` = `users`.`id_number`
ORDER BY `attendance`.`time_in` DESC', [], false)
 2 APPPATH\Controllers\Admin.php(186): CodeIgniter\Database\BaseBuilder->get()
 3 SYSTEMPATH\CodeIgniter.php(933): App\Controllers\Admin->check_attendance()
 4 SYSTEMPATH\CodeIgniter.php(507): CodeIgniter\CodeIgniter->runController(Object(App\Controllers\Admin))
 5 SYSTEMPATH\CodeIgniter.php(354): CodeIgniter\CodeIgniter->handleRequest(null, Object(Config\Cache), false)
 6 SYSTEMPATH\Boot.php(363): CodeIgniter\CodeIgniter->run()
 7 SYSTEMPATH\Boot.php(68): CodeIgniter\Boot::runCodeIgniter(Object(CodeIgniter\CodeIgniter))
 8 FCPATH\index.php(59): CodeIgniter\Boot::bootWeb(Object(Config\Paths))
CRITICAL - 2026-03-08 13:42:34 --> [Caused by] CodeIgniter\Database\Exceptions\DatabaseException: Unknown column 'attendance.time_out' in 'field list'
in SYSTEMPATH\Database\MySQLi\Connection.php on line 332.
 1 SYSTEMPATH\Database\BaseConnection.php(729): CodeIgniter\Database\MySQLi\Connection->execute('SELECT `users`.`id_number` as `student_id`, `users`.`full_name`, `attendance`.`time_in`, `attendance`.`time_out`, `attendance`.`status`, `attendance`.`event_id`
FROM `users`
INNER JOIN `attendance` ON `attendance`.`student_id` = `users`.`id_number`
ORDER BY `attendance`.`time_in` DESC')
 2 SYSTEMPATH\Database\BaseConnection.php(646): CodeIgniter\Database\BaseConnection->simpleQuery('SELECT `users`.`id_number` as `student_id`, `users`.`full_name`, `attendance`.`time_in`, `attendance`.`time_out`, `attendance`.`status`, `attendance`.`event_id`
FROM `users`
INNER JOIN `attendance` ON `attendance`.`student_id` = `users`.`id_number`
ORDER BY `attendance`.`time_in` DESC')
 3 SYSTEMPATH\Database\BaseBuilder.php(1649): CodeIgniter\Database\BaseConnection->query('SELECT `users`.`id_number` as `student_id`, `users`.`full_name`, `attendance`.`time_in`, `attendance`.`time_out`, `attendance`.`status`, `attendance`.`event_id`
FROM `users`
INNER JOIN `attendance` ON `attendance`.`student_id` = `users`.`id_number`
ORDER BY `attendance`.`time_in` DESC', [], false)
 4 APPPATH\Controllers\Admin.php(186): CodeIgniter\Database\BaseBuilder->get()
 5 SYSTEMPATH\CodeIgniter.php(933): App\Controllers\Admin->check_attendance()
 6 SYSTEMPATH\CodeIgniter.php(507): CodeIgniter\CodeIgniter->runController(Object(App\Controllers\Admin))
 7 SYSTEMPATH\CodeIgniter.php(354): CodeIgniter\CodeIgniter->handleRequest(null, Object(Config\Cache), false)
 8 SYSTEMPATH\Boot.php(363): CodeIgniter\CodeIgniter->run()
 9 SYSTEMPATH\Boot.php(68): CodeIgniter\Boot::runCodeIgniter(Object(CodeIgniter\CodeIgniter))
10 FCPATH\index.php(59): CodeIgniter\Boot::bootWeb(Object(Config\Paths))
CRITICAL - 2026-03-08 13:42:34 --> [Caused by] mysqli_sql_exception: Unknown column 'attendance.time_out' in 'field list'
in SYSTEMPATH\Database\MySQLi\Connection.php on line 327.
 1 SYSTEMPATH\Database\MySQLi\Connection.php(327): mysqli->query('SELECT `users`.`id_number` as `student_id`, `users`.`full_name`, `attendance`.`time_in`, `attendance`.`time_out`, `attendance`.`status`, `attendance`.`event_id`
FROM `users`
INNER JOIN `attendance` ON `attendance`.`student_id` = `users`.`id_number`
ORDER BY `attendance`.`time_in` DESC', 0)
 2 SYSTEMPATH\Database\BaseConnection.php(729): CodeIgniter\Database\MySQLi\Connection->execute('SELECT `users`.`id_number` as `student_id`, `users`.`full_name`, `attendance`.`time_in`, `attendance`.`time_out`, `attendance`.`status`, `attendance`.`event_id`
FROM `users`
INNER JOIN `attendance` ON `attendance`.`student_id` = `users`.`id_number`
ORDER BY `attendance`.`time_in` DESC')
 3 SYSTEMPATH\Database\BaseConnection.php(646): CodeIgniter\Database\BaseConnection->simpleQuery('SELECT `users`.`id_number` as `student_id`, `users`.`full_name`, `attendance`.`time_in`, `attendance`.`time_out`, `attendance`.`status`, `attendance`.`event_id`
FROM `users`
INNER JOIN `attendance` ON `attendance`.`student_id` = `users`.`id_number`
ORDER BY `attendance`.`time_in` DESC')
 4 SYSTEMPATH\Database\BaseBuilder.php(1649): CodeIgniter\Database\BaseConnection->query('SELECT `users`.`id_number` as `student_id`, `users`.`full_name`, `attendance`.`time_in`, `attendance`.`time_out`, `attendance`.`status`, `attendance`.`event_id`
FROM `users`
INNER JOIN `attendance` ON `attendance`.`student_id` = `users`.`id_number`
ORDER BY `attendance`.`time_in` DESC', [], false)
 5 APPPATH\Controllers\Admin.php(186): CodeIgniter\Database\BaseBuilder->get()
 6 SYSTEMPATH\CodeIgniter.php(933): App\Controllers\Admin->check_attendance()
 7 SYSTEMPATH\CodeIgniter.php(507): CodeIgniter\CodeIgniter->runController(Object(App\Controllers\Admin))
 8 SYSTEMPATH\CodeIgniter.php(354): CodeIgniter\CodeIgniter->handleRequest(null, Object(Config\Cache), false)
 9 SYSTEMPATH\Boot.php(363): CodeIgniter\CodeIgniter->run()
10 SYSTEMPATH\Boot.php(68): CodeIgniter\Boot::runCodeIgniter(Object(CodeIgniter\CodeIgniter))
11 FCPATH\index.php(59): CodeIgniter\Boot::bootWeb(Object(Config\Paths))
ERROR - 2026-03-08 13:42:40 --> mysqli_sql_exception: Cannot add or update a child row: a foreign key constraint fails (`cs_attendance_db`.`attendance`, CONSTRAINT `attendance_ibfk_1` FOREIGN KEY (`student_id`) REFERENCES `users` (`id`)) in C:\xampp\htdocs\system\system\Database\MySQLi\Connection.php:327
Stack trace:
#0 C:\xampp\htdocs\system\system\Database\MySQLi\Connection.php(327): mysqli->query('INSERT INTO `at...', 0)
#1 C:\xampp\htdocs\system\system\Database\BaseConnection.php(729): CodeIgniter\Database\MySQLi\Connection->execute('INSERT INTO `at...')
#2 C:\xampp\htdocs\system\system\Database\BaseConnection.php(646): CodeIgniter\Database\BaseConnection->simpleQuery('INSERT INTO `at...')
#3 C:\xampp\htdocs\system\system\Database\BaseBuilder.php(2345): CodeIgniter\Database\BaseConnection->query('INSERT INTO `at...', Array, false)
#4 C:\xampp\htdocs\system\app\Controllers\Admin.php(81): CodeIgniter\Database\BaseBuilder->insert(Array)
#5 C:\xampp\htdocs\system\system\CodeIgniter.php(933): App\Controllers\Admin->toggle_attendance('23-a-01234', '1')
#6 C:\xampp\htdocs\system\system\CodeIgniter.php(507): CodeIgniter\CodeIgniter->runController(Object(App\Controllers\Admin))
#7 C:\xampp\htdocs\system\system\CodeIgniter.php(354): CodeIgniter\CodeIgniter->handleRequest(NULL, Object(Config\Cache), false)
#8 C:\xampp\htdocs\system\system\Boot.php(363): CodeIgniter\CodeIgniter->run()
#9 C:\xampp\htdocs\system\system\Boot.php(68): CodeIgniter\Boot::runCodeIgniter(Object(CodeIgniter\CodeIgniter))
#10 C:\xampp\htdocs\system\public\index.php(59): CodeIgniter\Boot::bootWeb(Object(Config\Paths))
#11 {main}
CRITICAL - 2026-03-08 13:42:40 --> CodeIgniter\Database\Exceptions\DatabaseException: Cannot add or update a child row: a foreign key constraint fails (`cs_attendance_db`.`attendance`, CONSTRAINT `attendance_ibfk_1` FOREIGN KEY (`student_id`) REFERENCES `users` (`id`))
[Method: GET, Route: admin/toggle_attendance/23-a-01234/1]
in SYSTEMPATH\Database\BaseConnection.php on line 684.
 1 SYSTEMPATH\Database\BaseBuilder.php(2345): CodeIgniter\Database\BaseConnection->query('INSERT INTO `attendance` (`student_id`, `event_id`, `time_in`, `status`, `remarks`) VALUES (:student_id:, :event_id:, :time_in:, :status:, :remarks:)', [...], false)
 2 APPPATH\Controllers\Admin.php(81): CodeIgniter\Database\BaseBuilder->insert([...])
 3 SYSTEMPATH\CodeIgniter.php(933): App\Controllers\Admin->toggle_attendance('23-a-01234', '1')
 4 SYSTEMPATH\CodeIgniter.php(507): CodeIgniter\CodeIgniter->runController(Object(App\Controllers\Admin))
 5 SYSTEMPATH\CodeIgniter.php(354): CodeIgniter\CodeIgniter->handleRequest(null, Object(Config\Cache), false)
 6 SYSTEMPATH\Boot.php(363): CodeIgniter\CodeIgniter->run()
 7 SYSTEMPATH\Boot.php(68): CodeIgniter\Boot::runCodeIgniter(Object(CodeIgniter\CodeIgniter))
 8 FCPATH\index.php(59): CodeIgniter\Boot::bootWeb(Object(Config\Paths))
CRITICAL - 2026-03-08 13:42:40 --> [Caused by] CodeIgniter\Database\Exceptions\DatabaseException: Cannot add or update a child row: a foreign key constraint fails (`cs_attendance_db`.`attendance`, CONSTRAINT `attendance_ibfk_1` FOREIGN KEY (`student_id`) REFERENCES `users` (`id`))
in SYSTEMPATH\Database\MySQLi\Connection.php on line 332.
 1 SYSTEMPATH\Database\BaseConnection.php(729): CodeIgniter\Database\MySQLi\Connection->execute('INSERT INTO `attendance` (`student_id`, `event_id`, `time_in`, `status`, `remarks`) VALUES (\'23-a-01234\', \'1\', \'2026-03-08 13:42:40\', \'Present\', \'On Time\')')
 2 SYSTEMPATH\Database\BaseConnection.php(646): CodeIgniter\Database\BaseConnection->simpleQuery('INSERT INTO `attendance` (`student_id`, `event_id`, `time_in`, `status`, `remarks`) VALUES (\'23-a-01234\', \'1\', \'2026-03-08 13:42:40\', \'Present\', \'On Time\')')
 3 SYSTEMPATH\Database\BaseBuilder.php(2345): CodeIgniter\Database\BaseConnection->query('INSERT INTO `attendance` (`student_id`, `event_id`, `time_in`, `status`, `remarks`) VALUES (:student_id:, :event_id:, :time_in:, :status:, :remarks:)', [...], false)
 4 APPPATH\Controllers\Admin.php(81): CodeIgniter\Database\BaseBuilder->insert([...])
 5 SYSTEMPATH\CodeIgniter.php(933): App\Controllers\Admin->toggle_attendance('23-a-01234', '1')
 6 SYSTEMPATH\CodeIgniter.php(507): CodeIgniter\CodeIgniter->runController(Object(App\Controllers\Admin))
 7 SYSTEMPATH\CodeIgniter.php(354): CodeIgniter\CodeIgniter->handleRequest(null, Object(Config\Cache), false)
 8 SYSTEMPATH\Boot.php(363): CodeIgniter\CodeIgniter->run()
 9 SYSTEMPATH\Boot.php(68): CodeIgniter\Boot::runCodeIgniter(Object(CodeIgniter\CodeIgniter))
10 FCPATH\index.php(59): CodeIgniter\Boot::bootWeb(Object(Config\Paths))
CRITICAL - 2026-03-08 13:42:40 --> [Caused by] mysqli_sql_exception: Cannot add or update a child row: a foreign key constraint fails (`cs_attendance_db`.`attendance`, CONSTRAINT `attendance_ibfk_1` FOREIGN KEY (`student_id`) REFERENCES `users` (`id`))
in SYSTEMPATH\Database\MySQLi\Connection.php on line 327.
 1 SYSTEMPATH\Database\MySQLi\Connection.php(327): mysqli->query('INSERT INTO `attendance` (`student_id`, `event_id`, `time_in`, `status`, `remarks`) VALUES (\'23-a-01234\', \'1\', \'2026-03-08 13:42:40\', \'Present\', \'On Time\')', 0)
 2 SYSTEMPATH\Database\BaseConnection.php(729): CodeIgniter\Database\MySQLi\Connection->execute('INSERT INTO `attendance` (`student_id`, `event_id`, `time_in`, `status`, `remarks`) VALUES (\'23-a-01234\', \'1\', \'2026-03-08 13:42:40\', \'Present\', \'On Time\')')
 3 SYSTEMPATH\Database\BaseConnection.php(646): CodeIgniter\Database\BaseConnection->simpleQuery('INSERT INTO `attendance` (`student_id`, `event_id`, `time_in`, `status`, `remarks`) VALUES (\'23-a-01234\', \'1\', \'2026-03-08 13:42:40\', \'Present\', \'On Time\')')
 4 SYSTEMPATH\Database\BaseBuilder.php(2345): CodeIgniter\Database\BaseConnection->query('INSERT INTO `attendance` (`student_id`, `event_id`, `time_in`, `status`, `remarks`) VALUES (:student_id:, :event_id:, :time_in:, :status:, :remarks:)', [...], false)
 5 APPPATH\Controllers\Admin.php(81): CodeIgniter\Database\BaseBuilder->insert([...])
 6 SYSTEMPATH\CodeIgniter.php(933): App\Controllers\Admin->toggle_attendance('23-a-01234', '1')
 7 SYSTEMPATH\CodeIgniter.php(507): CodeIgniter\CodeIgniter->runController(Object(App\Controllers\Admin))
 8 SYSTEMPATH\CodeIgniter.php(354): CodeIgniter\CodeIgniter->handleRequest(null, Object(Config\Cache), false)
 9 SYSTEMPATH\Boot.php(363): CodeIgniter\CodeIgniter->run()
10 SYSTEMPATH\Boot.php(68): CodeIgniter\Boot::runCodeIgniter(Object(CodeIgniter\CodeIgniter))
11 FCPATH\index.php(59): CodeIgniter\Boot::bootWeb(Object(Config\Paths))
ERROR - 2026-03-08 13:42:43 --> mysqli_sql_exception: Cannot add or update a child row: a foreign key constraint fails (`cs_attendance_db`.`attendance`, CONSTRAINT `attendance_ibfk_1` FOREIGN KEY (`student_id`) REFERENCES `users` (`id`)) in C:\xampp\htdocs\system\system\Database\MySQLi\Connection.php:327
Stack trace:
#0 C:\xampp\htdocs\system\system\Database\MySQLi\Connection.php(327): mysqli->query('INSERT INTO `at...', 0)
#1 C:\xampp\htdocs\system\system\Database\BaseConnection.php(729): CodeIgniter\Database\MySQLi\Connection->execute('INSERT INTO `at...')
#2 C:\xampp\htdocs\system\system\Database\BaseConnection.php(646): CodeIgniter\Database\BaseConnection->simpleQuery('INSERT INTO `at...')
#3 C:\xampp\htdocs\system\system\Database\BaseBuilder.php(2345): CodeIgniter\Database\BaseConnection->query('INSERT INTO `at...', Array, false)
#4 C:\xampp\htdocs\system\app\Controllers\Admin.php(81): CodeIgniter\Database\BaseBuilder->insert(Array)
#5 C:\xampp\htdocs\system\system\CodeIgniter.php(933): App\Controllers\Admin->toggle_attendance('23-a-01234', '1')
#6 C:\xampp\htdocs\system\system\CodeIgniter.php(507): CodeIgniter\CodeIgniter->runController(Object(App\Controllers\Admin))
#7 C:\xampp\htdocs\system\system\CodeIgniter.php(354): CodeIgniter\CodeIgniter->handleRequest(NULL, Object(Config\Cache), false)
#8 C:\xampp\htdocs\system\system\Boot.php(363): CodeIgniter\CodeIgniter->run()
#9 C:\xampp\htdocs\system\system\Boot.php(68): CodeIgniter\Boot::runCodeIgniter(Object(CodeIgniter\CodeIgniter))
#10 C:\xampp\htdocs\system\public\index.php(59): CodeIgniter\Boot::bootWeb(Object(Config\Paths))
#11 {main}
CRITICAL - 2026-03-08 13:42:43 --> CodeIgniter\Database\Exceptions\DatabaseException: Cannot add or update a child row: a foreign key constraint fails (`cs_attendance_db`.`attendance`, CONSTRAINT `attendance_ibfk_1` FOREIGN KEY (`student_id`) REFERENCES `users` (`id`))
[Method: GET, Route: admin/toggle_attendance/23-a-01234/1]
in SYSTEMPATH\Database\BaseConnection.php on line 684.
 1 SYSTEMPATH\Database\BaseBuilder.php(2345): CodeIgniter\Database\BaseConnection->query('INSERT INTO `attendance` (`student_id`, `event_id`, `time_in`, `status`, `remarks`) VALUES (:student_id:, :event_id:, :time_in:, :status:, :remarks:)', [...], false)
 2 APPPATH\Controllers\Admin.php(81): CodeIgniter\Database\BaseBuilder->insert([...])
 3 SYSTEMPATH\CodeIgniter.php(933): App\Controllers\Admin->toggle_attendance('23-a-01234', '1')
 4 SYSTEMPATH\CodeIgniter.php(507): CodeIgniter\CodeIgniter->runController(Object(App\Controllers\Admin))
 5 SYSTEMPATH\CodeIgniter.php(354): CodeIgniter\CodeIgniter->handleRequest(null, Object(Config\Cache), false)
 6 SYSTEMPATH\Boot.php(363): CodeIgniter\CodeIgniter->run()
 7 SYSTEMPATH\Boot.php(68): CodeIgniter\Boot::runCodeIgniter(Object(CodeIgniter\CodeIgniter))
 8 FCPATH\index.php(59): CodeIgniter\Boot::bootWeb(Object(Config\Paths))
CRITICAL - 2026-03-08 13:42:43 --> [Caused by] CodeIgniter\Database\Exceptions\DatabaseException: Cannot add or update a child row: a foreign key constraint fails (`cs_attendance_db`.`attendance`, CONSTRAINT `attendance_ibfk_1` FOREIGN KEY (`student_id`) REFERENCES `users` (`id`))
in SYSTEMPATH\Database\MySQLi\Connection.php on line 332.
 1 SYSTEMPATH\Database\BaseConnection.php(729): CodeIgniter\Database\MySQLi\Connection->execute('INSERT INTO `attendance` (`student_id`, `event_id`, `time_in`, `status`, `remarks`) VALUES (\'23-a-01234\', \'1\', \'2026-03-08 13:42:43\', \'Present\', \'On Time\')')
 2 SYSTEMPATH\Database\BaseConnection.php(646): CodeIgniter\Database\BaseConnection->simpleQuery('INSERT INTO `attendance` (`student_id`, `event_id`, `time_in`, `status`, `remarks`) VALUES (\'23-a-01234\', \'1\', \'2026-03-08 13:42:43\', \'Present\', \'On Time\')')
 3 SYSTEMPATH\Database\BaseBuilder.php(2345): CodeIgniter\Database\BaseConnection->query('INSERT INTO `attendance` (`student_id`, `event_id`, `time_in`, `status`, `remarks`) VALUES (:student_id:, :event_id:, :time_in:, :status:, :remarks:)', [...], false)
 4 APPPATH\Controllers\Admin.php(81): CodeIgniter\Database\BaseBuilder->insert([...])
 5 SYSTEMPATH\CodeIgniter.php(933): App\Controllers\Admin->toggle_attendance('23-a-01234', '1')
 6 SYSTEMPATH\CodeIgniter.php(507): CodeIgniter\CodeIgniter->runController(Object(App\Controllers\Admin))
 7 SYSTEMPATH\CodeIgniter.php(354): CodeIgniter\CodeIgniter->handleRequest(null, Object(Config\Cache), false)
 8 SYSTEMPATH\Boot.php(363): CodeIgniter\CodeIgniter->run()
 9 SYSTEMPATH\Boot.php(68): CodeIgniter\Boot::runCodeIgniter(Object(CodeIgniter\CodeIgniter))
10 FCPATH\index.php(59): CodeIgniter\Boot::bootWeb(Object(Config\Paths))
CRITICAL - 2026-03-08 13:42:43 --> [Caused by] mysqli_sql_exception: Cannot add or update a child row: a foreign key constraint fails (`cs_attendance_db`.`attendance`, CONSTRAINT `attendance_ibfk_1` FOREIGN KEY (`student_id`) REFERENCES `users` (`id`))
in SYSTEMPATH\Database\MySQLi\Connection.php on line 327.
 1 SYSTEMPATH\Database\MySQLi\Connection.php(327): mysqli->query('INSERT INTO `attendance` (`student_id`, `event_id`, `time_in`, `status`, `remarks`) VALUES (\'23-a-01234\', \'1\', \'2026-03-08 13:42:43\', \'Present\', \'On Time\')', 0)
 2 SYSTEMPATH\Database\BaseConnection.php(729): CodeIgniter\Database\MySQLi\Connection->execute('INSERT INTO `attendance` (`student_id`, `event_id`, `time_in`, `status`, `remarks`) VALUES (\'23-a-01234\', \'1\', \'2026-03-08 13:42:43\', \'Present\', \'On Time\')')
 3 SYSTEMPATH\Database\BaseConnection.php(646): CodeIgniter\Database\BaseConnection->simpleQuery('INSERT INTO `attendance` (`student_id`, `event_id`, `time_in`, `status`, `remarks`) VALUES (\'23-a-01234\', \'1\', \'2026-03-08 13:42:43\', \'Present\', \'On Time\')')
 4 SYSTEMPATH\Database\BaseBuilder.php(2345): CodeIgniter\Database\BaseConnection->query('INSERT INTO `attendance` (`student_id`, `event_id`, `time_in`, `status`, `remarks`) VALUES (:student_id:, :event_id:, :time_in:, :status:, :remarks:)', [...], false)
 5 APPPATH\Controllers\Admin.php(81): CodeIgniter\Database\BaseBuilder->insert([...])
 6 SYSTEMPATH\CodeIgniter.php(933): App\Controllers\Admin->toggle_attendance('23-a-01234', '1')
 7 SYSTEMPATH\CodeIgniter.php(507): CodeIgniter\CodeIgniter->runController(Object(App\Controllers\Admin))
 8 SYSTEMPATH\CodeIgniter.php(354): CodeIgniter\CodeIgniter->handleRequest(null, Object(Config\Cache), false)
 9 SYSTEMPATH\Boot.php(363): CodeIgniter\CodeIgniter->run()
10 SYSTEMPATH\Boot.php(68): CodeIgniter\Boot::runCodeIgniter(Object(CodeIgniter\CodeIgniter))
11 FCPATH\index.php(59): CodeIgniter\Boot::bootWeb(Object(Config\Paths))
ERROR - 2026-03-08 13:44:04 --> mysqli_sql_exception: Cannot add or update a child row: a foreign key constraint fails (`cs_attendance_db`.`attendance`, CONSTRAINT `attendance_ibfk_1` FOREIGN KEY (`student_id`) REFERENCES `users` (`id`)) in C:\xampp\htdocs\system\system\Database\MySQLi\Connection.php:327
Stack trace:
#0 C:\xampp\htdocs\system\system\Database\MySQLi\Connection.php(327): mysqli->query('INSERT INTO `at...', 0)
#1 C:\xampp\htdocs\system\system\Database\BaseConnection.php(729): CodeIgniter\Database\MySQLi\Connection->execute('INSERT INTO `at...')
#2 C:\xampp\htdocs\system\system\Database\BaseConnection.php(646): CodeIgniter\Database\BaseConnection->simpleQuery('INSERT INTO `at...')
#3 C:\xampp\htdocs\system\system\Database\BaseBuilder.php(2345): CodeIgniter\Database\BaseConnection->query('INSERT INTO `at...', Array, false)
#4 C:\xampp\htdocs\system\app\Controllers\Admin.php(78): CodeIgniter\Database\BaseBuilder->insert(Array)
#5 C:\xampp\htdocs\system\system\CodeIgniter.php(933): App\Controllers\Admin->toggle_attendance('23-a-01234', '1')
#6 C:\xampp\htdocs\system\system\CodeIgniter.php(507): CodeIgniter\CodeIgniter->runController(Object(App\Controllers\Admin))
#7 C:\xampp\htdocs\system\system\CodeIgniter.php(354): CodeIgniter\CodeIgniter->handleRequest(NULL, Object(Config\Cache), false)
#8 C:\xampp\htdocs\system\system\Boot.php(363): CodeIgniter\CodeIgniter->run()
#9 C:\xampp\htdocs\system\system\Boot.php(68): CodeIgniter\Boot::runCodeIgniter(Object(CodeIgniter\CodeIgniter))
#10 C:\xampp\htdocs\system\public\index.php(59): CodeIgniter\Boot::bootWeb(Object(Config\Paths))
#11 {main}
CRITICAL - 2026-03-08 13:44:04 --> CodeIgniter\Database\Exceptions\DatabaseException: Cannot add or update a child row: a foreign key constraint fails (`cs_attendance_db`.`attendance`, CONSTRAINT `attendance_ibfk_1` FOREIGN KEY (`student_id`) REFERENCES `users` (`id`))
[Method: GET, Route: admin/toggle_attendance/23-a-01234/1]
in SYSTEMPATH\Database\BaseConnection.php on line 684.
 1 SYSTEMPATH\Database\BaseBuilder.php(2345): CodeIgniter\Database\BaseConnection->query('INSERT INTO `attendance` (`student_id`, `event_id`, `time_in`, `status`, `remarks`) VALUES (:student_id:, :event_id:, :time_in:, :status:, :remarks:)', [...], false)
 2 APPPATH\Controllers\Admin.php(78): CodeIgniter\Database\BaseBuilder->insert([...])
 3 SYSTEMPATH\CodeIgniter.php(933): App\Controllers\Admin->toggle_attendance('23-a-01234', '1')
 4 SYSTEMPATH\CodeIgniter.php(507): CodeIgniter\CodeIgniter->runController(Object(App\Controllers\Admin))
 5 SYSTEMPATH\CodeIgniter.php(354): CodeIgniter\CodeIgniter->handleRequest(null, Object(Config\Cache), false)
 6 SYSTEMPATH\Boot.php(363): CodeIgniter\CodeIgniter->run()
 7 SYSTEMPATH\Boot.php(68): CodeIgniter\Boot::runCodeIgniter(Object(CodeIgniter\CodeIgniter))
 8 FCPATH\index.php(59): CodeIgniter\Boot::bootWeb(Object(Config\Paths))
CRITICAL - 2026-03-08 13:44:04 --> [Caused by] CodeIgniter\Database\Exceptions\DatabaseException: Cannot add or update a child row: a foreign key constraint fails (`cs_attendance_db`.`attendance`, CONSTRAINT `attendance_ibfk_1` FOREIGN KEY (`student_id`) REFERENCES `users` (`id`))
in SYSTEMPATH\Database\MySQLi\Connection.php on line 332.
 1 SYSTEMPATH\Database\BaseConnection.php(729): CodeIgniter\Database\MySQLi\Connection->execute('INSERT INTO `attendance` (`student_id`, `event_id`, `time_in`, `status`, `remarks`) VALUES (\'23-a-01234\', \'1\', \'2026-03-08 13:44:04\', \'Present\', \'On Time\')')
 2 SYSTEMPATH\Database\BaseConnection.php(646): CodeIgniter\Database\BaseConnection->simpleQuery('INSERT INTO `attendance` (`student_id`, `event_id`, `time_in`, `status`, `remarks`) VALUES (\'23-a-01234\', \'1\', \'2026-03-08 13:44:04\', \'Present\', \'On Time\')')
 3 SYSTEMPATH\Database\BaseBuilder.php(2345): CodeIgniter\Database\BaseConnection->query('INSERT INTO `attendance` (`student_id`, `event_id`, `time_in`, `status`, `remarks`) VALUES (:student_id:, :event_id:, :time_in:, :status:, :remarks:)', [...], false)
 4 APPPATH\Controllers\Admin.php(78): CodeIgniter\Database\BaseBuilder->insert([...])
 5 SYSTEMPATH\CodeIgniter.php(933): App\Controllers\Admin->toggle_attendance('23-a-01234', '1')
 6 SYSTEMPATH\CodeIgniter.php(507): CodeIgniter\CodeIgniter->runController(Object(App\Controllers\Admin))
 7 SYSTEMPATH\CodeIgniter.php(354): CodeIgniter\CodeIgniter->handleRequest(null, Object(Config\Cache), false)
 8 SYSTEMPATH\Boot.php(363): CodeIgniter\CodeIgniter->run()
 9 SYSTEMPATH\Boot.php(68): CodeIgniter\Boot::runCodeIgniter(Object(CodeIgniter\CodeIgniter))
10 FCPATH\index.php(59): CodeIgniter\Boot::bootWeb(Object(Config\Paths))
CRITICAL - 2026-03-08 13:44:04 --> [Caused by] mysqli_sql_exception: Cannot add or update a child row: a foreign key constraint fails (`cs_attendance_db`.`attendance`, CONSTRAINT `attendance_ibfk_1` FOREIGN KEY (`student_id`) REFERENCES `users` (`id`))
in SYSTEMPATH\Database\MySQLi\Connection.php on line 327.
 1 SYSTEMPATH\Database\MySQLi\Connection.php(327): mysqli->query('INSERT INTO `attendance` (`student_id`, `event_id`, `time_in`, `status`, `remarks`) VALUES (\'23-a-01234\', \'1\', \'2026-03-08 13:44:04\', \'Present\', \'On Time\')', 0)
 2 SYSTEMPATH\Database\BaseConnection.php(729): CodeIgniter\Database\MySQLi\Connection->execute('INSERT INTO `attendance` (`student_id`, `event_id`, `time_in`, `status`, `remarks`) VALUES (\'23-a-01234\', \'1\', \'2026-03-08 13:44:04\', \'Present\', \'On Time\')')
 3 SYSTEMPATH\Database\BaseConnection.php(646): CodeIgniter\Database\BaseConnection->simpleQuery('INSERT INTO `attendance` (`student_id`, `event_id`, `time_in`, `status`, `remarks`) VALUES (\'23-a-01234\', \'1\', \'2026-03-08 13:44:04\', \'Present\', \'On Time\')')
 4 SYSTEMPATH\Database\BaseBuilder.php(2345): CodeIgniter\Database\BaseConnection->query('INSERT INTO `attendance` (`student_id`, `event_id`, `time_in`, `status`, `remarks`) VALUES (:student_id:, :event_id:, :time_in:, :status:, :remarks:)', [...], false)
 5 APPPATH\Controllers\Admin.php(78): CodeIgniter\Database\BaseBuilder->insert([...])
 6 SYSTEMPATH\CodeIgniter.php(933): App\Controllers\Admin->toggle_attendance('23-a-01234', '1')
 7 SYSTEMPATH\CodeIgniter.php(507): CodeIgniter\CodeIgniter->runController(Object(App\Controllers\Admin))
 8 SYSTEMPATH\CodeIgniter.php(354): CodeIgniter\CodeIgniter->handleRequest(null, Object(Config\Cache), false)
 9 SYSTEMPATH\Boot.php(363): CodeIgniter\CodeIgniter->run()
10 SYSTEMPATH\Boot.php(68): CodeIgniter\Boot::runCodeIgniter(Object(CodeIgniter\CodeIgniter))
11 FCPATH\index.php(59): CodeIgniter\Boot::bootWeb(Object(Config\Paths))
ERROR - 2026-03-08 13:44:05 --> mysqli_sql_exception: Cannot add or update a child row: a foreign key constraint fails (`cs_attendance_db`.`attendance`, CONSTRAINT `attendance_ibfk_1` FOREIGN KEY (`student_id`) REFERENCES `users` (`id`)) in C:\xampp\htdocs\system\system\Database\MySQLi\Connection.php:327
Stack trace:
#0 C:\xampp\htdocs\system\system\Database\MySQLi\Connection.php(327): mysqli->query('INSERT INTO `at...', 0)
#1 C:\xampp\htdocs\system\system\Database\BaseConnection.php(729): CodeIgniter\Database\MySQLi\Connection->execute('INSERT INTO `at...')
#2 C:\xampp\htdocs\system\system\Database\BaseConnection.php(646): CodeIgniter\Database\BaseConnection->simpleQuery('INSERT INTO `at...')
#3 C:\xampp\htdocs\system\system\Database\BaseBuilder.php(2345): CodeIgniter\Database\BaseConnection->query('INSERT INTO `at...', Array, false)
#4 C:\xampp\htdocs\system\app\Controllers\Admin.php(78): CodeIgniter\Database\BaseBuilder->insert(Array)
#5 C:\xampp\htdocs\system\system\CodeIgniter.php(933): App\Controllers\Admin->toggle_attendance('23-a-01234', '1')
#6 C:\xampp\htdocs\system\system\CodeIgniter.php(507): CodeIgniter\CodeIgniter->runController(Object(App\Controllers\Admin))
#7 C:\xampp\htdocs\system\system\CodeIgniter.php(354): CodeIgniter\CodeIgniter->handleRequest(NULL, Object(Config\Cache), false)
#8 C:\xampp\htdocs\system\system\Boot.php(363): CodeIgniter\CodeIgniter->run()
#9 C:\xampp\htdocs\system\system\Boot.php(68): CodeIgniter\Boot::runCodeIgniter(Object(CodeIgniter\CodeIgniter))
#10 C:\xampp\htdocs\system\public\index.php(59): CodeIgniter\Boot::bootWeb(Object(Config\Paths))
#11 {main}
CRITICAL - 2026-03-08 13:44:05 --> CodeIgniter\Database\Exceptions\DatabaseException: Cannot add or update a child row: a foreign key constraint fails (`cs_attendance_db`.`attendance`, CONSTRAINT `attendance_ibfk_1` FOREIGN KEY (`student_id`) REFERENCES `users` (`id`))
[Method: GET, Route: admin/toggle_attendance/23-a-01234/1]
in SYSTEMPATH\Database\BaseConnection.php on line 684.
 1 SYSTEMPATH\Database\BaseBuilder.php(2345): CodeIgniter\Database\BaseConnection->query('INSERT INTO `attendance` (`student_id`, `event_id`, `time_in`, `status`, `remarks`) VALUES (:student_id:, :event_id:, :time_in:, :status:, :remarks:)', [...], false)
 2 APPPATH\Controllers\Admin.php(78): CodeIgniter\Database\BaseBuilder->insert([...])
 3 SYSTEMPATH\CodeIgniter.php(933): App\Controllers\Admin->toggle_attendance('23-a-01234', '1')
 4 SYSTEMPATH\CodeIgniter.php(507): CodeIgniter\CodeIgniter->runController(Object(App\Controllers\Admin))
 5 SYSTEMPATH\CodeIgniter.php(354): CodeIgniter\CodeIgniter->handleRequest(null, Object(Config\Cache), false)
 6 SYSTEMPATH\Boot.php(363): CodeIgniter\CodeIgniter->run()
 7 SYSTEMPATH\Boot.php(68): CodeIgniter\Boot::runCodeIgniter(Object(CodeIgniter\CodeIgniter))
 8 FCPATH\index.php(59): CodeIgniter\Boot::bootWeb(Object(Config\Paths))
CRITICAL - 2026-03-08 13:44:05 --> [Caused by] CodeIgniter\Database\Exceptions\DatabaseException: Cannot add or update a child row: a foreign key constraint fails (`cs_attendance_db`.`attendance`, CONSTRAINT `attendance_ibfk_1` FOREIGN KEY (`student_id`) REFERENCES `users` (`id`))
in SYSTEMPATH\Database\MySQLi\Connection.php on line 332.
 1 SYSTEMPATH\Database\BaseConnection.php(729): CodeIgniter\Database\MySQLi\Connection->execute('INSERT INTO `attendance` (`student_id`, `event_id`, `time_in`, `status`, `remarks`) VALUES (\'23-a-01234\', \'1\', \'2026-03-08 13:44:05\', \'Present\', \'On Time\')')
 2 SYSTEMPATH\Database\BaseConnection.php(646): CodeIgniter\Database\BaseConnection->simpleQuery('INSERT INTO `attendance` (`student_id`, `event_id`, `time_in`, `status`, `remarks`) VALUES (\'23-a-01234\', \'1\', \'2026-03-08 13:44:05\', \'Present\', \'On Time\')')
 3 SYSTEMPATH\Database\BaseBuilder.php(2345): CodeIgniter\Database\BaseConnection->query('INSERT INTO `attendance` (`student_id`, `event_id`, `time_in`, `status`, `remarks`) VALUES (:student_id:, :event_id:, :time_in:, :status:, :remarks:)', [...], false)
 4 APPPATH\Controllers\Admin.php(78): CodeIgniter\Database\BaseBuilder->insert([...])
 5 SYSTEMPATH\CodeIgniter.php(933): App\Controllers\Admin->toggle_attendance('23-a-01234', '1')
 6 SYSTEMPATH\CodeIgniter.php(507): CodeIgniter\CodeIgniter->runController(Object(App\Controllers\Admin))
 7 SYSTEMPATH\CodeIgniter.php(354): CodeIgniter\CodeIgniter->handleRequest(null, Object(Config\Cache), false)
 8 SYSTEMPATH\Boot.php(363): CodeIgniter\CodeIgniter->run()
 9 SYSTEMPATH\Boot.php(68): CodeIgniter\Boot::runCodeIgniter(Object(CodeIgniter\CodeIgniter))
10 FCPATH\index.php(59): CodeIgniter\Boot::bootWeb(Object(Config\Paths))
CRITICAL - 2026-03-08 13:44:05 --> [Caused by] mysqli_sql_exception: Cannot add or update a child row: a foreign key constraint fails (`cs_attendance_db`.`attendance`, CONSTRAINT `attendance_ibfk_1` FOREIGN KEY (`student_id`) REFERENCES `users` (`id`))
in SYSTEMPATH\Database\MySQLi\Connection.php on line 327.
 1 SYSTEMPATH\Database\MySQLi\Connection.php(327): mysqli->query('INSERT INTO `attendance` (`student_id`, `event_id`, `time_in`, `status`, `remarks`) VALUES (\'23-a-01234\', \'1\', \'2026-03-08 13:44:05\', \'Present\', \'On Time\')', 0)
 2 SYSTEMPATH\Database\BaseConnection.php(729): CodeIgniter\Database\MySQLi\Connection->execute('INSERT INTO `attendance` (`student_id`, `event_id`, `time_in`, `status`, `remarks`) VALUES (\'23-a-01234\', \'1\', \'2026-03-08 13:44:05\', \'Present\', \'On Time\')')
 3 SYSTEMPATH\Database\BaseConnection.php(646): CodeIgniter\Database\BaseConnection->simpleQuery('INSERT INTO `attendance` (`student_id`, `event_id`, `time_in`, `status`, `remarks`) VALUES (\'23-a-01234\', \'1\', \'2026-03-08 13:44:05\', \'Present\', \'On Time\')')
 4 SYSTEMPATH\Database\BaseBuilder.php(2345): CodeIgniter\Database\BaseConnection->query('INSERT INTO `attendance` (`student_id`, `event_id`, `time_in`, `status`, `remarks`) VALUES (:student_id:, :event_id:, :time_in:, :status:, :remarks:)', [...], false)
 5 APPPATH\Controllers\Admin.php(78): CodeIgniter\Database\BaseBuilder->insert([...])
 6 SYSTEMPATH\CodeIgniter.php(933): App\Controllers\Admin->toggle_attendance('23-a-01234', '1')
 7 SYSTEMPATH\CodeIgniter.php(507): CodeIgniter\CodeIgniter->runController(Object(App\Controllers\Admin))
 8 SYSTEMPATH\CodeIgniter.php(354): CodeIgniter\CodeIgniter->handleRequest(null, Object(Config\Cache), false)
 9 SYSTEMPATH\Boot.php(363): CodeIgniter\CodeIgniter->run()
10 SYSTEMPATH\Boot.php(68): CodeIgniter\Boot::runCodeIgniter(Object(CodeIgniter\CodeIgniter))
11 FCPATH\index.php(59): CodeIgniter\Boot::bootWeb(Object(Config\Paths))
ERROR - 2026-03-08 13:44:05 --> mysqli_sql_exception: Cannot add or update a child row: a foreign key constraint fails (`cs_attendance_db`.`attendance`, CONSTRAINT `attendance_ibfk_1` FOREIGN KEY (`student_id`) REFERENCES `users` (`id`)) in C:\xampp\htdocs\system\system\Database\MySQLi\Connection.php:327
Stack trace:
#0 C:\xampp\htdocs\system\system\Database\MySQLi\Connection.php(327): mysqli->query('INSERT INTO `at...', 0)
#1 C:\xampp\htdocs\system\system\Database\BaseConnection.php(729): CodeIgniter\Database\MySQLi\Connection->execute('INSERT INTO `at...')
#2 C:\xampp\htdocs\system\system\Database\BaseConnection.php(646): CodeIgniter\Database\BaseConnection->simpleQuery('INSERT INTO `at...')
#3 C:\xampp\htdocs\system\system\Database\BaseBuilder.php(2345): CodeIgniter\Database\BaseConnection->query('INSERT INTO `at...', Array, false)
#4 C:\xampp\htdocs\system\app\Controllers\Admin.php(78): CodeIgniter\Database\BaseBuilder->insert(Array)
#5 C:\xampp\htdocs\system\system\CodeIgniter.php(933): App\Controllers\Admin->toggle_attendance('23-a-01234', '1')
#6 C:\xampp\htdocs\system\system\CodeIgniter.php(507): CodeIgniter\CodeIgniter->runController(Object(App\Controllers\Admin))
#7 C:\xampp\htdocs\system\system\CodeIgniter.php(354): CodeIgniter\CodeIgniter->handleRequest(NULL, Object(Config\Cache), false)
#8 C:\xampp\htdocs\system\system\Boot.php(363): CodeIgniter\CodeIgniter->run()
#9 C:\xampp\htdocs\system\system\Boot.php(68): CodeIgniter\Boot::runCodeIgniter(Object(CodeIgniter\CodeIgniter))
#10 C:\xampp\htdocs\system\public\index.php(59): CodeIgniter\Boot::bootWeb(Object(Config\Paths))
#11 {main}
CRITICAL - 2026-03-08 13:44:05 --> CodeIgniter\Database\Exceptions\DatabaseException: Cannot add or update a child row: a foreign key constraint fails (`cs_attendance_db`.`attendance`, CONSTRAINT `attendance_ibfk_1` FOREIGN KEY (`student_id`) REFERENCES `users` (`id`))
[Method: GET, Route: admin/toggle_attendance/23-a-01234/1]
in SYSTEMPATH\Database\BaseConnection.php on line 684.
 1 SYSTEMPATH\Database\BaseBuilder.php(2345): CodeIgniter\Database\BaseConnection->query('INSERT INTO `attendance` (`student_id`, `event_id`, `time_in`, `status`, `remarks`) VALUES (:student_id:, :event_id:, :time_in:, :status:, :remarks:)', [...], false)
 2 APPPATH\Controllers\Admin.php(78): CodeIgniter\Database\BaseBuilder->insert([...])
 3 SYSTEMPATH\CodeIgniter.php(933): App\Controllers\Admin->toggle_attendance('23-a-01234', '1')
 4 SYSTEMPATH\CodeIgniter.php(507): CodeIgniter\CodeIgniter->runController(Object(App\Controllers\Admin))
 5 SYSTEMPATH\CodeIgniter.php(354): CodeIgniter\CodeIgniter->handleRequest(null, Object(Config\Cache), false)
 6 SYSTEMPATH\Boot.php(363): CodeIgniter\CodeIgniter->run()
 7 SYSTEMPATH\Boot.php(68): CodeIgniter\Boot::runCodeIgniter(Object(CodeIgniter\CodeIgniter))
 8 FCPATH\index.php(59): CodeIgniter\Boot::bootWeb(Object(Config\Paths))
CRITICAL - 2026-03-08 13:44:05 --> [Caused by] CodeIgniter\Database\Exceptions\DatabaseException: Cannot add or update a child row: a foreign key constraint fails (`cs_attendance_db`.`attendance`, CONSTRAINT `attendance_ibfk_1` FOREIGN KEY (`student_id`) REFERENCES `users` (`id`))
in SYSTEMPATH\Database\MySQLi\Connection.php on line 332.
 1 SYSTEMPATH\Database\BaseConnection.php(729): CodeIgniter\Database\MySQLi\Connection->execute('INSERT INTO `attendance` (`student_id`, `event_id`, `time_in`, `status`, `remarks`) VALUES (\'23-a-01234\', \'1\', \'2026-03-08 13:44:05\', \'Present\', \'On Time\')')
 2 SYSTEMPATH\Database\BaseConnection.php(646): CodeIgniter\Database\BaseConnection->simpleQuery('INSERT INTO `attendance` (`student_id`, `event_id`, `time_in`, `status`, `remarks`) VALUES (\'23-a-01234\', \'1\', \'2026-03-08 13:44:05\', \'Present\', \'On Time\')')
 3 SYSTEMPATH\Database\BaseBuilder.php(2345): CodeIgniter\Database\BaseConnection->query('INSERT INTO `attendance` (`student_id`, `event_id`, `time_in`, `status`, `remarks`) VALUES (:student_id:, :event_id:, :time_in:, :status:, :remarks:)', [...], false)
 4 APPPATH\Controllers\Admin.php(78): CodeIgniter\Database\BaseBuilder->insert([...])
 5 SYSTEMPATH\CodeIgniter.php(933): App\Controllers\Admin->toggle_attendance('23-a-01234', '1')
 6 SYSTEMPATH\CodeIgniter.php(507): CodeIgniter\CodeIgniter->runController(Object(App\Controllers\Admin))
 7 SYSTEMPATH\CodeIgniter.php(354): CodeIgniter\CodeIgniter->handleRequest(null, Object(Config\Cache), false)
 8 SYSTEMPATH\Boot.php(363): CodeIgniter\CodeIgniter->run()
 9 SYSTEMPATH\Boot.php(68): CodeIgniter\Boot::runCodeIgniter(Object(CodeIgniter\CodeIgniter))
10 FCPATH\index.php(59): CodeIgniter\Boot::bootWeb(Object(Config\Paths))
CRITICAL - 2026-03-08 13:44:05 --> [Caused by] mysqli_sql_exception: Cannot add or update a child row: a foreign key constraint fails (`cs_attendance_db`.`attendance`, CONSTRAINT `attendance_ibfk_1` FOREIGN KEY (`student_id`) REFERENCES `users` (`id`))
in SYSTEMPATH\Database\MySQLi\Connection.php on line 327.
 1 SYSTEMPATH\Database\MySQLi\Connection.php(327): mysqli->query('INSERT INTO `attendance` (`student_id`, `event_id`, `time_in`, `status`, `remarks`) VALUES (\'23-a-01234\', \'1\', \'2026-03-08 13:44:05\', \'Present\', \'On Time\')', 0)
 2 SYSTEMPATH\Database\BaseConnection.php(729): CodeIgniter\Database\MySQLi\Connection->execute('INSERT INTO `attendance` (`student_id`, `event_id`, `time_in`, `status`, `remarks`) VALUES (\'23-a-01234\', \'1\', \'2026-03-08 13:44:05\', \'Present\', \'On Time\')')
 3 SYSTEMPATH\Database\BaseConnection.php(646): CodeIgniter\Database\BaseConnection->simpleQuery('INSERT INTO `attendance` (`student_id`, `event_id`, `time_in`, `status`, `remarks`) VALUES (\'23-a-01234\', \'1\', \'2026-03-08 13:44:05\', \'Present\', \'On Time\')')
 4 SYSTEMPATH\Database\BaseBuilder.php(2345): CodeIgniter\Database\BaseConnection->query('INSERT INTO `attendance` (`student_id`, `event_id`, `time_in`, `status`, `remarks`) VALUES (:student_id:, :event_id:, :time_in:, :status:, :remarks:)', [...], false)
 5 APPPATH\Controllers\Admin.php(78): CodeIgniter\Database\BaseBuilder->insert([...])
 6 SYSTEMPATH\CodeIgniter.php(933): App\Controllers\Admin->toggle_attendance('23-a-01234', '1')
 7 SYSTEMPATH\CodeIgniter.php(507): CodeIgniter\CodeIgniter->runController(Object(App\Controllers\Admin))
 8 SYSTEMPATH\CodeIgniter.php(354): CodeIgniter\CodeIgniter->handleRequest(null, Object(Config\Cache), false)
 9 SYSTEMPATH\Boot.php(363): CodeIgniter\CodeIgniter->run()
10 SYSTEMPATH\Boot.php(68): CodeIgniter\Boot::runCodeIgniter(Object(CodeIgniter\CodeIgniter))
11 FCPATH\index.php(59): CodeIgniter\Boot::bootWeb(Object(Config\Paths))
ERROR - 2026-03-08 13:44:05 --> mysqli_sql_exception: Cannot add or update a child row: a foreign key constraint fails (`cs_attendance_db`.`attendance`, CONSTRAINT `attendance_ibfk_1` FOREIGN KEY (`student_id`) REFERENCES `users` (`id`)) in C:\xampp\htdocs\system\system\Database\MySQLi\Connection.php:327
Stack trace:
#0 C:\xampp\htdocs\system\system\Database\MySQLi\Connection.php(327): mysqli->query('INSERT INTO `at...', 0)
#1 C:\xampp\htdocs\system\system\Database\BaseConnection.php(729): CodeIgniter\Database\MySQLi\Connection->execute('INSERT INTO `at...')
#2 C:\xampp\htdocs\system\system\Database\BaseConnection.php(646): CodeIgniter\Database\BaseConnection->simpleQuery('INSERT INTO `at...')
#3 C:\xampp\htdocs\system\system\Database\BaseBuilder.php(2345): CodeIgniter\Database\BaseConnection->query('INSERT INTO `at...', Array, false)
#4 C:\xampp\htdocs\system\app\Controllers\Admin.php(78): CodeIgniter\Database\BaseBuilder->insert(Array)
#5 C:\xampp\htdocs\system\system\CodeIgniter.php(933): App\Controllers\Admin->toggle_attendance('23-a-01234', '1')
#6 C:\xampp\htdocs\system\system\CodeIgniter.php(507): CodeIgniter\CodeIgniter->runController(Object(App\Controllers\Admin))
#7 C:\xampp\htdocs\system\system\CodeIgniter.php(354): CodeIgniter\CodeIgniter->handleRequest(NULL, Object(Config\Cache), false)
#8 C:\xampp\htdocs\system\system\Boot.php(363): CodeIgniter\CodeIgniter->run()
#9 C:\xampp\htdocs\system\system\Boot.php(68): CodeIgniter\Boot::runCodeIgniter(Object(CodeIgniter\CodeIgniter))
#10 C:\xampp\htdocs\system\public\index.php(59): CodeIgniter\Boot::bootWeb(Object(Config\Paths))
#11 {main}
CRITICAL - 2026-03-08 13:44:05 --> CodeIgniter\Database\Exceptions\DatabaseException: Cannot add or update a child row: a foreign key constraint fails (`cs_attendance_db`.`attendance`, CONSTRAINT `attendance_ibfk_1` FOREIGN KEY (`student_id`) REFERENCES `users` (`id`))
[Method: GET, Route: admin/toggle_attendance/23-a-01234/1]
in SYSTEMPATH\Database\BaseConnection.php on line 684.
 1 SYSTEMPATH\Database\BaseBuilder.php(2345): CodeIgniter\Database\BaseConnection->query('INSERT INTO `attendance` (`student_id`, `event_id`, `time_in`, `status`, `remarks`) VALUES (:student_id:, :event_id:, :time_in:, :status:, :remarks:)', [...], false)
 2 APPPATH\Controllers\Admin.php(78): CodeIgniter\Database\BaseBuilder->insert([...])
 3 SYSTEMPATH\CodeIgniter.php(933): App\Controllers\Admin->toggle_attendance('23-a-01234', '1')
 4 SYSTEMPATH\CodeIgniter.php(507): CodeIgniter\CodeIgniter->runController(Object(App\Controllers\Admin))
 5 SYSTEMPATH\CodeIgniter.php(354): CodeIgniter\CodeIgniter->handleRequest(null, Object(Config\Cache), false)
 6 SYSTEMPATH\Boot.php(363): CodeIgniter\CodeIgniter->run()
 7 SYSTEMPATH\Boot.php(68): CodeIgniter\Boot::runCodeIgniter(Object(CodeIgniter\CodeIgniter))
 8 FCPATH\index.php(59): CodeIgniter\Boot::bootWeb(Object(Config\Paths))
CRITICAL - 2026-03-08 13:44:05 --> [Caused by] CodeIgniter\Database\Exceptions\DatabaseException: Cannot add or update a child row: a foreign key constraint fails (`cs_attendance_db`.`attendance`, CONSTRAINT `attendance_ibfk_1` FOREIGN KEY (`student_id`) REFERENCES `users` (`id`))
in SYSTEMPATH\Database\MySQLi\Connection.php on line 332.
 1 SYSTEMPATH\Database\BaseConnection.php(729): CodeIgniter\Database\MySQLi\Connection->execute('INSERT INTO `attendance` (`student_id`, `event_id`, `time_in`, `status`, `remarks`) VALUES (\'23-a-01234\', \'1\', \'2026-03-08 13:44:05\', \'Present\', \'On Time\')')
 2 SYSTEMPATH\Database\BaseConnection.php(646): CodeIgniter\Database\BaseConnection->simpleQuery('INSERT INTO `attendance` (`student_id`, `event_id`, `time_in`, `status`, `remarks`) VALUES (\'23-a-01234\', \'1\', \'2026-03-08 13:44:05\', \'Present\', \'On Time\')')
 3 SYSTEMPATH\Database\BaseBuilder.php(2345): CodeIgniter\Database\BaseConnection->query('INSERT INTO `attendance` (`student_id`, `event_id`, `time_in`, `status`, `remarks`) VALUES (:student_id:, :event_id:, :time_in:, :status:, :remarks:)', [...], false)
 4 APPPATH\Controllers\Admin.php(78): CodeIgniter\Database\BaseBuilder->insert([...])
 5 SYSTEMPATH\CodeIgniter.php(933): App\Controllers\Admin->toggle_attendance('23-a-01234', '1')
 6 SYSTEMPATH\CodeIgniter.php(507): CodeIgniter\CodeIgniter->runController(Object(App\Controllers\Admin))
 7 SYSTEMPATH\CodeIgniter.php(354): CodeIgniter\CodeIgniter->handleRequest(null, Object(Config\Cache), false)
 8 SYSTEMPATH\Boot.php(363): CodeIgniter\CodeIgniter->run()
 9 SYSTEMPATH\Boot.php(68): CodeIgniter\Boot::runCodeIgniter(Object(CodeIgniter\CodeIgniter))
10 FCPATH\index.php(59): CodeIgniter\Boot::bootWeb(Object(Config\Paths))
CRITICAL - 2026-03-08 13:44:05 --> [Caused by] mysqli_sql_exception: Cannot add or update a child row: a foreign key constraint fails (`cs_attendance_db`.`attendance`, CONSTRAINT `attendance_ibfk_1` FOREIGN KEY (`student_id`) REFERENCES `users` (`id`))
in SYSTEMPATH\Database\MySQLi\Connection.php on line 327.
 1 SYSTEMPATH\Database\MySQLi\Connection.php(327): mysqli->query('INSERT INTO `attendance` (`student_id`, `event_id`, `time_in`, `status`, `remarks`) VALUES (\'23-a-01234\', \'1\', \'2026-03-08 13:44:05\', \'Present\', \'On Time\')', 0)
 2 SYSTEMPATH\Database\BaseConnection.php(729): CodeIgniter\Database\MySQLi\Connection->execute('INSERT INTO `attendance` (`student_id`, `event_id`, `time_in`, `status`, `remarks`) VALUES (\'23-a-01234\', \'1\', \'2026-03-08 13:44:05\', \'Present\', \'On Time\')')
 3 SYSTEMPATH\Database\BaseConnection.php(646): CodeIgniter\Database\BaseConnection->simpleQuery('INSERT INTO `attendance` (`student_id`, `event_id`, `time_in`, `status`, `remarks`) VALUES (\'23-a-01234\', \'1\', \'2026-03-08 13:44:05\', \'Present\', \'On Time\')')
 4 SYSTEMPATH\Database\BaseBuilder.php(2345): CodeIgniter\Database\BaseConnection->query('INSERT INTO `attendance` (`student_id`, `event_id`, `time_in`, `status`, `remarks`) VALUES (:student_id:, :event_id:, :time_in:, :status:, :remarks:)', [...], false)
 5 APPPATH\Controllers\Admin.php(78): CodeIgniter\Database\BaseBuilder->insert([...])
 6 SYSTEMPATH\CodeIgniter.php(933): App\Controllers\Admin->toggle_attendance('23-a-01234', '1')
 7 SYSTEMPATH\CodeIgniter.php(507): CodeIgniter\CodeIgniter->runController(Object(App\Controllers\Admin))
 8 SYSTEMPATH\CodeIgniter.php(354): CodeIgniter\CodeIgniter->handleRequest(null, Object(Config\Cache), false)
 9 SYSTEMPATH\Boot.php(363): CodeIgniter\CodeIgniter->run()
10 SYSTEMPATH\Boot.php(68): CodeIgniter\Boot::runCodeIgniter(Object(CodeIgniter\CodeIgniter))
11 FCPATH\index.php(59): CodeIgniter\Boot::bootWeb(Object(Config\Paths))
ERROR - 2026-03-08 13:44:05 --> mysqli_sql_exception: Cannot add or update a child row: a foreign key constraint fails (`cs_attendance_db`.`attendance`, CONSTRAINT `attendance_ibfk_1` FOREIGN KEY (`student_id`) REFERENCES `users` (`id`)) in C:\xampp\htdocs\system\system\Database\MySQLi\Connection.php:327
Stack trace:
#0 C:\xampp\htdocs\system\system\Database\MySQLi\Connection.php(327): mysqli->query('INSERT INTO `at...', 0)
#1 C:\xampp\htdocs\system\system\Database\BaseConnection.php(729): CodeIgniter\Database\MySQLi\Connection->execute('INSERT INTO `at...')
#2 C:\xampp\htdocs\system\system\Database\BaseConnection.php(646): CodeIgniter\Database\BaseConnection->simpleQuery('INSERT INTO `at...')
#3 C:\xampp\htdocs\system\system\Database\BaseBuilder.php(2345): CodeIgniter\Database\BaseConnection->query('INSERT INTO `at...', Array, false)
#4 C:\xampp\htdocs\system\app\Controllers\Admin.php(78): CodeIgniter\Database\BaseBuilder->insert(Array)
#5 C:\xampp\htdocs\system\system\CodeIgniter.php(933): App\Controllers\Admin->toggle_attendance('23-a-01234', '1')
#6 C:\xampp\htdocs\system\system\CodeIgniter.php(507): CodeIgniter\CodeIgniter->runController(Object(App\Controllers\Admin))
#7 C:\xampp\htdocs\system\system\CodeIgniter.php(354): CodeIgniter\CodeIgniter->handleRequest(NULL, Object(Config\Cache), false)
#8 C:\xampp\htdocs\system\system\Boot.php(363): CodeIgniter\CodeIgniter->run()
#9 C:\xampp\htdocs\system\system\Boot.php(68): CodeIgniter\Boot::runCodeIgniter(Object(CodeIgniter\CodeIgniter))
#10 C:\xampp\htdocs\system\public\index.php(59): CodeIgniter\Boot::bootWeb(Object(Config\Paths))
#11 {main}
CRITICAL - 2026-03-08 13:44:05 --> CodeIgniter\Database\Exceptions\DatabaseException: Cannot add or update a child row: a foreign key constraint fails (`cs_attendance_db`.`attendance`, CONSTRAINT `attendance_ibfk_1` FOREIGN KEY (`student_id`) REFERENCES `users` (`id`))
[Method: GET, Route: admin/toggle_attendance/23-a-01234/1]
in SYSTEMPATH\Database\BaseConnection.php on line 684.
 1 SYSTEMPATH\Database\BaseBuilder.php(2345): CodeIgniter\Database\BaseConnection->query('INSERT INTO `attendance` (`student_id`, `event_id`, `time_in`, `status`, `remarks`) VALUES (:student_id:, :event_id:, :time_in:, :status:, :remarks:)', [...], false)
 2 APPPATH\Controllers\Admin.php(78): CodeIgniter\Database\BaseBuilder->insert([...])
 3 SYSTEMPATH\CodeIgniter.php(933): App\Controllers\Admin->toggle_attendance('23-a-01234', '1')
 4 SYSTEMPATH\CodeIgniter.php(507): CodeIgniter\CodeIgniter->runController(Object(App\Controllers\Admin))
 5 SYSTEMPATH\CodeIgniter.php(354): CodeIgniter\CodeIgniter->handleRequest(null, Object(Config\Cache), false)
 6 SYSTEMPATH\Boot.php(363): CodeIgniter\CodeIgniter->run()
 7 SYSTEMPATH\Boot.php(68): CodeIgniter\Boot::runCodeIgniter(Object(CodeIgniter\CodeIgniter))
 8 FCPATH\index.php(59): CodeIgniter\Boot::bootWeb(Object(Config\Paths))
CRITICAL - 2026-03-08 13:44:05 --> [Caused by] CodeIgniter\Database\Exceptions\DatabaseException: Cannot add or update a child row: a foreign key constraint fails (`cs_attendance_db`.`attendance`, CONSTRAINT `attendance_ibfk_1` FOREIGN KEY (`student_id`) REFERENCES `users` (`id`))
in SYSTEMPATH\Database\MySQLi\Connection.php on line 332.
 1 SYSTEMPATH\Database\BaseConnection.php(729): CodeIgniter\Database\MySQLi\Connection->execute('INSERT INTO `attendance` (`student_id`, `event_id`, `time_in`, `status`, `remarks`) VALUES (\'23-a-01234\', \'1\', \'2026-03-08 13:44:05\', \'Present\', \'On Time\')')
 2 SYSTEMPATH\Database\BaseConnection.php(646): CodeIgniter\Database\BaseConnection->simpleQuery('INSERT INTO `attendance` (`student_id`, `event_id`, `time_in`, `status`, `remarks`) VALUES (\'23-a-01234\', \'1\', \'2026-03-08 13:44:05\', \'Present\', \'On Time\')')
 3 SYSTEMPATH\Database\BaseBuilder.php(2345): CodeIgniter\Database\BaseConnection->query('INSERT INTO `attendance` (`student_id`, `event_id`, `time_in`, `status`, `remarks`) VALUES (:student_id:, :event_id:, :time_in:, :status:, :remarks:)', [...], false)
 4 APPPATH\Controllers\Admin.php(78): CodeIgniter\Database\BaseBuilder->insert([...])
 5 SYSTEMPATH\CodeIgniter.php(933): App\Controllers\Admin->toggle_attendance('23-a-01234', '1')
 6 SYSTEMPATH\CodeIgniter.php(507): CodeIgniter\CodeIgniter->runController(Object(App\Controllers\Admin))
 7 SYSTEMPATH\CodeIgniter.php(354): CodeIgniter\CodeIgniter->handleRequest(null, Object(Config\Cache), false)
 8 SYSTEMPATH\Boot.php(363): CodeIgniter\CodeIgniter->run()
 9 SYSTEMPATH\Boot.php(68): CodeIgniter\Boot::runCodeIgniter(Object(CodeIgniter\CodeIgniter))
10 FCPATH\index.php(59): CodeIgniter\Boot::bootWeb(Object(Config\Paths))
CRITICAL - 2026-03-08 13:44:05 --> [Caused by] mysqli_sql_exception: Cannot add or update a child row: a foreign key constraint fails (`cs_attendance_db`.`attendance`, CONSTRAINT `attendance_ibfk_1` FOREIGN KEY (`student_id`) REFERENCES `users` (`id`))
in SYSTEMPATH\Database\MySQLi\Connection.php on line 327.
 1 SYSTEMPATH\Database\MySQLi\Connection.php(327): mysqli->query('INSERT INTO `attendance` (`student_id`, `event_id`, `time_in`, `status`, `remarks`) VALUES (\'23-a-01234\', \'1\', \'2026-03-08 13:44:05\', \'Present\', \'On Time\')', 0)
 2 SYSTEMPATH\Database\BaseConnection.php(729): CodeIgniter\Database\MySQLi\Connection->execute('INSERT INTO `attendance` (`student_id`, `event_id`, `time_in`, `status`, `remarks`) VALUES (\'23-a-01234\', \'1\', \'2026-03-08 13:44:05\', \'Present\', \'On Time\')')
 3 SYSTEMPATH\Database\BaseConnection.php(646): CodeIgniter\Database\BaseConnection->simpleQuery('INSERT INTO `attendance` (`student_id`, `event_id`, `time_in`, `status`, `remarks`) VALUES (\'23-a-01234\', \'1\', \'2026-03-08 13:44:05\', \'Present\', \'On Time\')')
 4 SYSTEMPATH\Database\BaseBuilder.php(2345): CodeIgniter\Database\BaseConnection->query('INSERT INTO `attendance` (`student_id`, `event_id`, `time_in`, `status`, `remarks`) VALUES (:student_id:, :event_id:, :time_in:, :status:, :remarks:)', [...], false)
 5 APPPATH\Controllers\Admin.php(78): CodeIgniter\Database\BaseBuilder->insert([...])
 6 SYSTEMPATH\CodeIgniter.php(933): App\Controllers\Admin->toggle_attendance('23-a-01234', '1')
 7 SYSTEMPATH\CodeIgniter.php(507): CodeIgniter\CodeIgniter->runController(Object(App\Controllers\Admin))
 8 SYSTEMPATH\CodeIgniter.php(354): CodeIgniter\CodeIgniter->handleRequest(null, Object(Config\Cache), false)
 9 SYSTEMPATH\Boot.php(363): CodeIgniter\CodeIgniter->run()
10 SYSTEMPATH\Boot.php(68): CodeIgniter\Boot::runCodeIgniter(Object(CodeIgniter\CodeIgniter))
11 FCPATH\index.php(59): CodeIgniter\Boot::bootWeb(Object(Config\Paths))
ERROR - 2026-03-08 13:44:05 --> mysqli_sql_exception: Cannot add or update a child row: a foreign key constraint fails (`cs_attendance_db`.`attendance`, CONSTRAINT `attendance_ibfk_1` FOREIGN KEY (`student_id`) REFERENCES `users` (`id`)) in C:\xampp\htdocs\system\system\Database\MySQLi\Connection.php:327
Stack trace:
#0 C:\xampp\htdocs\system\system\Database\MySQLi\Connection.php(327): mysqli->query('INSERT INTO `at...', 0)
#1 C:\xampp\htdocs\system\system\Database\BaseConnection.php(729): CodeIgniter\Database\MySQLi\Connection->execute('INSERT INTO `at...')
#2 C:\xampp\htdocs\system\system\Database\BaseConnection.php(646): CodeIgniter\Database\BaseConnection->simpleQuery('INSERT INTO `at...')
#3 C:\xampp\htdocs\system\system\Database\BaseBuilder.php(2345): CodeIgniter\Database\BaseConnection->query('INSERT INTO `at...', Array, false)
#4 C:\xampp\htdocs\system\app\Controllers\Admin.php(78): CodeIgniter\Database\BaseBuilder->insert(Array)
#5 C:\xampp\htdocs\system\system\CodeIgniter.php(933): App\Controllers\Admin->toggle_attendance('23-a-01234', '1')
#6 C:\xampp\htdocs\system\system\CodeIgniter.php(507): CodeIgniter\CodeIgniter->runController(Object(App\Controllers\Admin))
#7 C:\xampp\htdocs\system\system\CodeIgniter.php(354): CodeIgniter\CodeIgniter->handleRequest(NULL, Object(Config\Cache), false)
#8 C:\xampp\htdocs\system\system\Boot.php(363): CodeIgniter\CodeIgniter->run()
#9 C:\xampp\htdocs\system\system\Boot.php(68): CodeIgniter\Boot::runCodeIgniter(Object(CodeIgniter\CodeIgniter))
#10 C:\xampp\htdocs\system\public\index.php(59): CodeIgniter\Boot::bootWeb(Object(Config\Paths))
#11 {main}
CRITICAL - 2026-03-08 13:44:05 --> CodeIgniter\Database\Exceptions\DatabaseException: Cannot add or update a child row: a foreign key constraint fails (`cs_attendance_db`.`attendance`, CONSTRAINT `attendance_ibfk_1` FOREIGN KEY (`student_id`) REFERENCES `users` (`id`))
[Method: GET, Route: admin/toggle_attendance/23-a-01234/1]
in SYSTEMPATH\Database\BaseConnection.php on line 684.
 1 SYSTEMPATH\Database\BaseBuilder.php(2345): CodeIgniter\Database\BaseConnection->query('INSERT INTO `attendance` (`student_id`, `event_id`, `time_in`, `status`, `remarks`) VALUES (:student_id:, :event_id:, :time_in:, :status:, :remarks:)', [...], false)
 2 APPPATH\Controllers\Admin.php(78): CodeIgniter\Database\BaseBuilder->insert([...])
 3 SYSTEMPATH\CodeIgniter.php(933): App\Controllers\Admin->toggle_attendance('23-a-01234', '1')
 4 SYSTEMPATH\CodeIgniter.php(507): CodeIgniter\CodeIgniter->runController(Object(App\Controllers\Admin))
 5 SYSTEMPATH\CodeIgniter.php(354): CodeIgniter\CodeIgniter->handleRequest(null, Object(Config\Cache), false)
 6 SYSTEMPATH\Boot.php(363): CodeIgniter\CodeIgniter->run()
 7 SYSTEMPATH\Boot.php(68): CodeIgniter\Boot::runCodeIgniter(Object(CodeIgniter\CodeIgniter))
 8 FCPATH\index.php(59): CodeIgniter\Boot::bootWeb(Object(Config\Paths))
CRITICAL - 2026-03-08 13:44:05 --> [Caused by] CodeIgniter\Database\Exceptions\DatabaseException: Cannot add or update a child row: a foreign key constraint fails (`cs_attendance_db`.`attendance`, CONSTRAINT `attendance_ibfk_1` FOREIGN KEY (`student_id`) REFERENCES `users` (`id`))
in SYSTEMPATH\Database\MySQLi\Connection.php on line 332.
 1 SYSTEMPATH\Database\BaseConnection.php(729): CodeIgniter\Database\MySQLi\Connection->execute('INSERT INTO `attendance` (`student_id`, `event_id`, `time_in`, `status`, `remarks`) VALUES (\'23-a-01234\', \'1\', \'2026-03-08 13:44:05\', \'Present\', \'On Time\')')
 2 SYSTEMPATH\Database\BaseConnection.php(646): CodeIgniter\Database\BaseConnection->simpleQuery('INSERT INTO `attendance` (`student_id`, `event_id`, `time_in`, `status`, `remarks`) VALUES (\'23-a-01234\', \'1\', \'2026-03-08 13:44:05\', \'Present\', \'On Time\')')
 3 SYSTEMPATH\Database\BaseBuilder.php(2345): CodeIgniter\Database\BaseConnection->query('INSERT INTO `attendance` (`student_id`, `event_id`, `time_in`, `status`, `remarks`) VALUES (:student_id:, :event_id:, :time_in:, :status:, :remarks:)', [...], false)
 4 APPPATH\Controllers\Admin.php(78): CodeIgniter\Database\BaseBuilder->insert([...])
 5 SYSTEMPATH\CodeIgniter.php(933): App\Controllers\Admin->toggle_attendance('23-a-01234', '1')
 6 SYSTEMPATH\CodeIgniter.php(507): CodeIgniter\CodeIgniter->runController(Object(App\Controllers\Admin))
 7 SYSTEMPATH\CodeIgniter.php(354): CodeIgniter\CodeIgniter->handleRequest(null, Object(Config\Cache), false)
 8 SYSTEMPATH\Boot.php(363): CodeIgniter\CodeIgniter->run()
 9 SYSTEMPATH\Boot.php(68): CodeIgniter\Boot::runCodeIgniter(Object(CodeIgniter\CodeIgniter))
10 FCPATH\index.php(59): CodeIgniter\Boot::bootWeb(Object(Config\Paths))
CRITICAL - 2026-03-08 13:44:05 --> [Caused by] mysqli_sql_exception: Cannot add or update a child row: a foreign key constraint fails (`cs_attendance_db`.`attendance`, CONSTRAINT `attendance_ibfk_1` FOREIGN KEY (`student_id`) REFERENCES `users` (`id`))
in SYSTEMPATH\Database\MySQLi\Connection.php on line 327.
 1 SYSTEMPATH\Database\MySQLi\Connection.php(327): mysqli->query('INSERT INTO `attendance` (`student_id`, `event_id`, `time_in`, `status`, `remarks`) VALUES (\'23-a-01234\', \'1\', \'2026-03-08 13:44:05\', \'Present\', \'On Time\')', 0)
 2 SYSTEMPATH\Database\BaseConnection.php(729): CodeIgniter\Database\MySQLi\Connection->execute('INSERT INTO `attendance` (`student_id`, `event_id`, `time_in`, `status`, `remarks`) VALUES (\'23-a-01234\', \'1\', \'2026-03-08 13:44:05\', \'Present\', \'On Time\')')
 3 SYSTEMPATH\Database\BaseConnection.php(646): CodeIgniter\Database\BaseConnection->simpleQuery('INSERT INTO `attendance` (`student_id`, `event_id`, `time_in`, `status`, `remarks`) VALUES (\'23-a-01234\', \'1\', \'2026-03-08 13:44:05\', \'Present\', \'On Time\')')
 4 SYSTEMPATH\Database\BaseBuilder.php(2345): CodeIgniter\Database\BaseConnection->query('INSERT INTO `attendance` (`student_id`, `event_id`, `time_in`, `status`, `remarks`) VALUES (:student_id:, :event_id:, :time_in:, :status:, :remarks:)', [...], false)
 5 APPPATH\Controllers\Admin.php(78): CodeIgniter\Database\BaseBuilder->insert([...])
 6 SYSTEMPATH\CodeIgniter.php(933): App\Controllers\Admin->toggle_attendance('23-a-01234', '1')
 7 SYSTEMPATH\CodeIgniter.php(507): CodeIgniter\CodeIgniter->runController(Object(App\Controllers\Admin))
 8 SYSTEMPATH\CodeIgniter.php(354): CodeIgniter\CodeIgniter->handleRequest(null, Object(Config\Cache), false)
 9 SYSTEMPATH\Boot.php(363): CodeIgniter\CodeIgniter->run()
10 SYSTEMPATH\Boot.php(68): CodeIgniter\Boot::runCodeIgniter(Object(CodeIgniter\CodeIgniter))
11 FCPATH\index.php(59): CodeIgniter\Boot::bootWeb(Object(Config\Paths))
ERROR - 2026-03-08 13:44:05 --> mysqli_sql_exception: Cannot add or update a child row: a foreign key constraint fails (`cs_attendance_db`.`attendance`, CONSTRAINT `attendance_ibfk_1` FOREIGN KEY (`student_id`) REFERENCES `users` (`id`)) in C:\xampp\htdocs\system\system\Database\MySQLi\Connection.php:327
Stack trace:
#0 C:\xampp\htdocs\system\system\Database\MySQLi\Connection.php(327): mysqli->query('INSERT INTO `at...', 0)
#1 C:\xampp\htdocs\system\system\Database\BaseConnection.php(729): CodeIgniter\Database\MySQLi\Connection->execute('INSERT INTO `at...')
#2 C:\xampp\htdocs\system\system\Database\BaseConnection.php(646): CodeIgniter\Database\BaseConnection->simpleQuery('INSERT INTO `at...')
#3 C:\xampp\htdocs\system\system\Database\BaseBuilder.php(2345): CodeIgniter\Database\BaseConnection->query('INSERT INTO `at...', Array, false)
#4 C:\xampp\htdocs\system\app\Controllers\Admin.php(78): CodeIgniter\Database\BaseBuilder->insert(Array)
#5 C:\xampp\htdocs\system\system\CodeIgniter.php(933): App\Controllers\Admin->toggle_attendance('23-a-01234', '1')
#6 C:\xampp\htdocs\system\system\CodeIgniter.php(507): CodeIgniter\CodeIgniter->runController(Object(App\Controllers\Admin))
#7 C:\xampp\htdocs\system\system\CodeIgniter.php(354): CodeIgniter\CodeIgniter->handleRequest(NULL, Object(Config\Cache), false)
#8 C:\xampp\htdocs\system\system\Boot.php(363): CodeIgniter\CodeIgniter->run()
#9 C:\xampp\htdocs\system\system\Boot.php(68): CodeIgniter\Boot::runCodeIgniter(Object(CodeIgniter\CodeIgniter))
#10 C:\xampp\htdocs\system\public\index.php(59): CodeIgniter\Boot::bootWeb(Object(Config\Paths))
#11 {main}
CRITICAL - 2026-03-08 13:44:05 --> CodeIgniter\Database\Exceptions\DatabaseException: Cannot add or update a child row: a foreign key constraint fails (`cs_attendance_db`.`attendance`, CONSTRAINT `attendance_ibfk_1` FOREIGN KEY (`student_id`) REFERENCES `users` (`id`))
[Method: GET, Route: admin/toggle_attendance/23-a-01234/1]
in SYSTEMPATH\Database\BaseConnection.php on line 684.
 1 SYSTEMPATH\Database\BaseBuilder.php(2345): CodeIgniter\Database\BaseConnection->query('INSERT INTO `attendance` (`student_id`, `event_id`, `time_in`, `status`, `remarks`) VALUES (:student_id:, :event_id:, :time_in:, :status:, :remarks:)', [...], false)
 2 APPPATH\Controllers\Admin.php(78): CodeIgniter\Database\BaseBuilder->insert([...])
 3 SYSTEMPATH\CodeIgniter.php(933): App\Controllers\Admin->toggle_attendance('23-a-01234', '1')
 4 SYSTEMPATH\CodeIgniter.php(507): CodeIgniter\CodeIgniter->runController(Object(App\Controllers\Admin))
 5 SYSTEMPATH\CodeIgniter.php(354): CodeIgniter\CodeIgniter->handleRequest(null, Object(Config\Cache), false)
 6 SYSTEMPATH\Boot.php(363): CodeIgniter\CodeIgniter->run()
 7 SYSTEMPATH\Boot.php(68): CodeIgniter\Boot::runCodeIgniter(Object(CodeIgniter\CodeIgniter))
 8 FCPATH\index.php(59): CodeIgniter\Boot::bootWeb(Object(Config\Paths))
CRITICAL - 2026-03-08 13:44:05 --> [Caused by] CodeIgniter\Database\Exceptions\DatabaseException: Cannot add or update a child row: a foreign key constraint fails (`cs_attendance_db`.`attendance`, CONSTRAINT `attendance_ibfk_1` FOREIGN KEY (`student_id`) REFERENCES `users` (`id`))
in SYSTEMPATH\Database\MySQLi\Connection.php on line 332.
 1 SYSTEMPATH\Database\BaseConnection.php(729): CodeIgniter\Database\MySQLi\Connection->execute('INSERT INTO `attendance` (`student_id`, `event_id`, `time_in`, `status`, `remarks`) VALUES (\'23-a-01234\', \'1\', \'2026-03-08 13:44:05\', \'Present\', \'On Time\')')
 2 SYSTEMPATH\Database\BaseConnection.php(646): CodeIgniter\Database\BaseConnection->simpleQuery('INSERT INTO `attendance` (`student_id`, `event_id`, `time_in`, `status`, `remarks`) VALUES (\'23-a-01234\', \'1\', \'2026-03-08 13:44:05\', \'Present\', \'On Time\')')
 3 SYSTEMPATH\Database\BaseBuilder.php(2345): CodeIgniter\Database\BaseConnection->query('INSERT INTO `attendance` (`student_id`, `event_id`, `time_in`, `status`, `remarks`) VALUES (:student_id:, :event_id:, :time_in:, :status:, :remarks:)', [...], false)
 4 APPPATH\Controllers\Admin.php(78): CodeIgniter\Database\BaseBuilder->insert([...])
 5 SYSTEMPATH\CodeIgniter.php(933): App\Controllers\Admin->toggle_attendance('23-a-01234', '1')
 6 SYSTEMPATH\CodeIgniter.php(507): CodeIgniter\CodeIgniter->runController(Object(App\Controllers\Admin))
 7 SYSTEMPATH\CodeIgniter.php(354): CodeIgniter\CodeIgniter->handleRequest(null, Object(Config\Cache), false)
 8 SYSTEMPATH\Boot.php(363): CodeIgniter\CodeIgniter->run()
 9 SYSTEMPATH\Boot.php(68): CodeIgniter\Boot::runCodeIgniter(Object(CodeIgniter\CodeIgniter))
10 FCPATH\index.php(59): CodeIgniter\Boot::bootWeb(Object(Config\Paths))
CRITICAL - 2026-03-08 13:44:05 --> [Caused by] mysqli_sql_exception: Cannot add or update a child row: a foreign key constraint fails (`cs_attendance_db`.`attendance`, CONSTRAINT `attendance_ibfk_1` FOREIGN KEY (`student_id`) REFERENCES `users` (`id`))
in SYSTEMPATH\Database\MySQLi\Connection.php on line 327.
 1 SYSTEMPATH\Database\MySQLi\Connection.php(327): mysqli->query('INSERT INTO `attendance` (`student_id`, `event_id`, `time_in`, `status`, `remarks`) VALUES (\'23-a-01234\', \'1\', \'2026-03-08 13:44:05\', \'Present\', \'On Time\')', 0)
 2 SYSTEMPATH\Database\BaseConnection.php(729): CodeIgniter\Database\MySQLi\Connection->execute('INSERT INTO `attendance` (`student_id`, `event_id`, `time_in`, `status`, `remarks`) VALUES (\'23-a-01234\', \'1\', \'2026-03-08 13:44:05\', \'Present\', \'On Time\')')
 3 SYSTEMPATH\Database\BaseConnection.php(646): CodeIgniter\Database\BaseConnection->simpleQuery('INSERT INTO `attendance` (`student_id`, `event_id`, `time_in`, `status`, `remarks`) VALUES (\'23-a-01234\', \'1\', \'2026-03-08 13:44:05\', \'Present\', \'On Time\')')
 4 SYSTEMPATH\Database\BaseBuilder.php(2345): CodeIgniter\Database\BaseConnection->query('INSERT INTO `attendance` (`student_id`, `event_id`, `time_in`, `status`, `remarks`) VALUES (:student_id:, :event_id:, :time_in:, :status:, :remarks:)', [...], false)
 5 APPPATH\Controllers\Admin.php(78): CodeIgniter\Database\BaseBuilder->insert([...])
 6 SYSTEMPATH\CodeIgniter.php(933): App\Controllers\Admin->toggle_attendance('23-a-01234', '1')
 7 SYSTEMPATH\CodeIgniter.php(507): CodeIgniter\CodeIgniter->runController(Object(App\Controllers\Admin))
 8 SYSTEMPATH\CodeIgniter.php(354): CodeIgniter\CodeIgniter->handleRequest(null, Object(Config\Cache), false)
 9 SYSTEMPATH\Boot.php(363): CodeIgniter\CodeIgniter->run()
10 SYSTEMPATH\Boot.php(68): CodeIgniter\Boot::runCodeIgniter(Object(CodeIgniter\CodeIgniter))
11 FCPATH\index.php(59): CodeIgniter\Boot::bootWeb(Object(Config\Paths))
ERROR - 2026-03-08 13:44:06 --> mysqli_sql_exception: Cannot add or update a child row: a foreign key constraint fails (`cs_attendance_db`.`attendance`, CONSTRAINT `attendance_ibfk_1` FOREIGN KEY (`student_id`) REFERENCES `users` (`id`)) in C:\xampp\htdocs\system\system\Database\MySQLi\Connection.php:327
Stack trace:
#0 C:\xampp\htdocs\system\system\Database\MySQLi\Connection.php(327): mysqli->query('INSERT INTO `at...', 0)
#1 C:\xampp\htdocs\system\system\Database\BaseConnection.php(729): CodeIgniter\Database\MySQLi\Connection->execute('INSERT INTO `at...')
#2 C:\xampp\htdocs\system\system\Database\BaseConnection.php(646): CodeIgniter\Database\BaseConnection->simpleQuery('INSERT INTO `at...')
#3 C:\xampp\htdocs\system\system\Database\BaseBuilder.php(2345): CodeIgniter\Database\BaseConnection->query('INSERT INTO `at...', Array, false)
#4 C:\xampp\htdocs\system\app\Controllers\Admin.php(78): CodeIgniter\Database\BaseBuilder->insert(Array)
#5 C:\xampp\htdocs\system\system\CodeIgniter.php(933): App\Controllers\Admin->toggle_attendance('23-a-01234', '1')
#6 C:\xampp\htdocs\system\system\CodeIgniter.php(507): CodeIgniter\CodeIgniter->runController(Object(App\Controllers\Admin))
#7 C:\xampp\htdocs\system\system\CodeIgniter.php(354): CodeIgniter\CodeIgniter->handleRequest(NULL, Object(Config\Cache), false)
#8 C:\xampp\htdocs\system\system\Boot.php(363): CodeIgniter\CodeIgniter->run()
#9 C:\xampp\htdocs\system\system\Boot.php(68): CodeIgniter\Boot::runCodeIgniter(Object(CodeIgniter\CodeIgniter))
#10 C:\xampp\htdocs\system\public\index.php(59): CodeIgniter\Boot::bootWeb(Object(Config\Paths))
#11 {main}
CRITICAL - 2026-03-08 13:44:06 --> CodeIgniter\Database\Exceptions\DatabaseException: Cannot add or update a child row: a foreign key constraint fails (`cs_attendance_db`.`attendance`, CONSTRAINT `attendance_ibfk_1` FOREIGN KEY (`student_id`) REFERENCES `users` (`id`))
[Method: GET, Route: admin/toggle_attendance/23-a-01234/1]
in SYSTEMPATH\Database\BaseConnection.php on line 684.
 1 SYSTEMPATH\Database\BaseBuilder.php(2345): CodeIgniter\Database\BaseConnection->query('INSERT INTO `attendance` (`student_id`, `event_id`, `time_in`, `status`, `remarks`) VALUES (:student_id:, :event_id:, :time_in:, :status:, :remarks:)', [...], false)
 2 APPPATH\Controllers\Admin.php(78): CodeIgniter\Database\BaseBuilder->insert([...])
 3 SYSTEMPATH\CodeIgniter.php(933): App\Controllers\Admin->toggle_attendance('23-a-01234', '1')
 4 SYSTEMPATH\CodeIgniter.php(507): CodeIgniter\CodeIgniter->runController(Object(App\Controllers\Admin))
 5 SYSTEMPATH\CodeIgniter.php(354): CodeIgniter\CodeIgniter->handleRequest(null, Object(Config\Cache), false)
 6 SYSTEMPATH\Boot.php(363): CodeIgniter\CodeIgniter->run()
 7 SYSTEMPATH\Boot.php(68): CodeIgniter\Boot::runCodeIgniter(Object(CodeIgniter\CodeIgniter))
 8 FCPATH\index.php(59): CodeIgniter\Boot::bootWeb(Object(Config\Paths))
CRITICAL - 2026-03-08 13:44:06 --> [Caused by] CodeIgniter\Database\Exceptions\DatabaseException: Cannot add or update a child row: a foreign key constraint fails (`cs_attendance_db`.`attendance`, CONSTRAINT `attendance_ibfk_1` FOREIGN KEY (`student_id`) REFERENCES `users` (`id`))
in SYSTEMPATH\Database\MySQLi\Connection.php on line 332.
 1 SYSTEMPATH\Database\BaseConnection.php(729): CodeIgniter\Database\MySQLi\Connection->execute('INSERT INTO `attendance` (`student_id`, `event_id`, `time_in`, `status`, `remarks`) VALUES (\'23-a-01234\', \'1\', \'2026-03-08 13:44:06\', \'Present\', \'On Time\')')
 2 SYSTEMPATH\Database\BaseConnection.php(646): CodeIgniter\Database\BaseConnection->simpleQuery('INSERT INTO `attendance` (`student_id`, `event_id`, `time_in`, `status`, `remarks`) VALUES (\'23-a-01234\', \'1\', \'2026-03-08 13:44:06\', \'Present\', \'On Time\')')
 3 SYSTEMPATH\Database\BaseBuilder.php(2345): CodeIgniter\Database\BaseConnection->query('INSERT INTO `attendance` (`student_id`, `event_id`, `time_in`, `status`, `remarks`) VALUES (:student_id:, :event_id:, :time_in:, :status:, :remarks:)', [...], false)
 4 APPPATH\Controllers\Admin.php(78): CodeIgniter\Database\BaseBuilder->insert([...])
 5 SYSTEMPATH\CodeIgniter.php(933): App\Controllers\Admin->toggle_attendance('23-a-01234', '1')
 6 SYSTEMPATH\CodeIgniter.php(507): CodeIgniter\CodeIgniter->runController(Object(App\Controllers\Admin))
 7 SYSTEMPATH\CodeIgniter.php(354): CodeIgniter\CodeIgniter->handleRequest(null, Object(Config\Cache), false)
 8 SYSTEMPATH\Boot.php(363): CodeIgniter\CodeIgniter->run()
 9 SYSTEMPATH\Boot.php(68): CodeIgniter\Boot::runCodeIgniter(Object(CodeIgniter\CodeIgniter))
10 FCPATH\index.php(59): CodeIgniter\Boot::bootWeb(Object(Config\Paths))
CRITICAL - 2026-03-08 13:44:06 --> [Caused by] mysqli_sql_exception: Cannot add or update a child row: a foreign key constraint fails (`cs_attendance_db`.`attendance`, CONSTRAINT `attendance_ibfk_1` FOREIGN KEY (`student_id`) REFERENCES `users` (`id`))
in SYSTEMPATH\Database\MySQLi\Connection.php on line 327.
 1 SYSTEMPATH\Database\MySQLi\Connection.php(327): mysqli->query('INSERT INTO `attendance` (`student_id`, `event_id`, `time_in`, `status`, `remarks`) VALUES (\'23-a-01234\', \'1\', \'2026-03-08 13:44:06\', \'Present\', \'On Time\')', 0)
 2 SYSTEMPATH\Database\BaseConnection.php(729): CodeIgniter\Database\MySQLi\Connection->execute('INSERT INTO `attendance` (`student_id`, `event_id`, `time_in`, `status`, `remarks`) VALUES (\'23-a-01234\', \'1\', \'2026-03-08 13:44:06\', \'Present\', \'On Time\')')
 3 SYSTEMPATH\Database\BaseConnection.php(646): CodeIgniter\Database\BaseConnection->simpleQuery('INSERT INTO `attendance` (`student_id`, `event_id`, `time_in`, `status`, `remarks`) VALUES (\'23-a-01234\', \'1\', \'2026-03-08 13:44:06\', \'Present\', \'On Time\')')
 4 SYSTEMPATH\Database\BaseBuilder.php(2345): CodeIgniter\Database\BaseConnection->query('INSERT INTO `attendance` (`student_id`, `event_id`, `time_in`, `status`, `remarks`) VALUES (:student_id:, :event_id:, :time_in:, :status:, :remarks:)', [...], false)
 5 APPPATH\Controllers\Admin.php(78): CodeIgniter\Database\BaseBuilder->insert([...])
 6 SYSTEMPATH\CodeIgniter.php(933): App\Controllers\Admin->toggle_attendance('23-a-01234', '1')
 7 SYSTEMPATH\CodeIgniter.php(507): CodeIgniter\CodeIgniter->runController(Object(App\Controllers\Admin))
 8 SYSTEMPATH\CodeIgniter.php(354): CodeIgniter\CodeIgniter->handleRequest(null, Object(Config\Cache), false)
 9 SYSTEMPATH\Boot.php(363): CodeIgniter\CodeIgniter->run()
10 SYSTEMPATH\Boot.php(68): CodeIgniter\Boot::runCodeIgniter(Object(CodeIgniter\CodeIgniter))
11 FCPATH\index.php(59): CodeIgniter\Boot::bootWeb(Object(Config\Paths))
ERROR - 2026-03-08 13:44:06 --> mysqli_sql_exception: Cannot add or update a child row: a foreign key constraint fails (`cs_attendance_db`.`attendance`, CONSTRAINT `attendance_ibfk_1` FOREIGN KEY (`student_id`) REFERENCES `users` (`id`)) in C:\xampp\htdocs\system\system\Database\MySQLi\Connection.php:327
Stack trace:
#0 C:\xampp\htdocs\system\system\Database\MySQLi\Connection.php(327): mysqli->query('INSERT INTO `at...', 0)
#1 C:\xampp\htdocs\system\system\Database\BaseConnection.php(729): CodeIgniter\Database\MySQLi\Connection->execute('INSERT INTO `at...')
#2 C:\xampp\htdocs\system\system\Database\BaseConnection.php(646): CodeIgniter\Database\BaseConnection->simpleQuery('INSERT INTO `at...')
#3 C:\xampp\htdocs\system\system\Database\BaseBuilder.php(2345): CodeIgniter\Database\BaseConnection->query('INSERT INTO `at...', Array, false)
#4 C:\xampp\htdocs\system\app\Controllers\Admin.php(78): CodeIgniter\Database\BaseBuilder->insert(Array)
#5 C:\xampp\htdocs\system\system\CodeIgniter.php(933): App\Controllers\Admin->toggle_attendance('23-a-01234', '1')
#6 C:\xampp\htdocs\system\system\CodeIgniter.php(507): CodeIgniter\CodeIgniter->runController(Object(App\Controllers\Admin))
#7 C:\xampp\htdocs\system\system\CodeIgniter.php(354): CodeIgniter\CodeIgniter->handleRequest(NULL, Object(Config\Cache), false)
#8 C:\xampp\htdocs\system\system\Boot.php(363): CodeIgniter\CodeIgniter->run()
#9 C:\xampp\htdocs\system\system\Boot.php(68): CodeIgniter\Boot::runCodeIgniter(Object(CodeIgniter\CodeIgniter))
#10 C:\xampp\htdocs\system\public\index.php(59): CodeIgniter\Boot::bootWeb(Object(Config\Paths))
#11 {main}
CRITICAL - 2026-03-08 13:44:06 --> CodeIgniter\Database\Exceptions\DatabaseException: Cannot add or update a child row: a foreign key constraint fails (`cs_attendance_db`.`attendance`, CONSTRAINT `attendance_ibfk_1` FOREIGN KEY (`student_id`) REFERENCES `users` (`id`))
[Method: GET, Route: admin/toggle_attendance/23-a-01234/1]
in SYSTEMPATH\Database\BaseConnection.php on line 684.
 1 SYSTEMPATH\Database\BaseBuilder.php(2345): CodeIgniter\Database\BaseConnection->query('INSERT INTO `attendance` (`student_id`, `event_id`, `time_in`, `status`, `remarks`) VALUES (:student_id:, :event_id:, :time_in:, :status:, :remarks:)', [...], false)
 2 APPPATH\Controllers\Admin.php(78): CodeIgniter\Database\BaseBuilder->insert([...])
 3 SYSTEMPATH\CodeIgniter.php(933): App\Controllers\Admin->toggle_attendance('23-a-01234', '1')
 4 SYSTEMPATH\CodeIgniter.php(507): CodeIgniter\CodeIgniter->runController(Object(App\Controllers\Admin))
 5 SYSTEMPATH\CodeIgniter.php(354): CodeIgniter\CodeIgniter->handleRequest(null, Object(Config\Cache), false)
 6 SYSTEMPATH\Boot.php(363): CodeIgniter\CodeIgniter->run()
 7 SYSTEMPATH\Boot.php(68): CodeIgniter\Boot::runCodeIgniter(Object(CodeIgniter\CodeIgniter))
 8 FCPATH\index.php(59): CodeIgniter\Boot::bootWeb(Object(Config\Paths))
CRITICAL - 2026-03-08 13:44:06 --> [Caused by] CodeIgniter\Database\Exceptions\DatabaseException: Cannot add or update a child row: a foreign key constraint fails (`cs_attendance_db`.`attendance`, CONSTRAINT `attendance_ibfk_1` FOREIGN KEY (`student_id`) REFERENCES `users` (`id`))
in SYSTEMPATH\Database\MySQLi\Connection.php on line 332.
 1 SYSTEMPATH\Database\BaseConnection.php(729): CodeIgniter\Database\MySQLi\Connection->execute('INSERT INTO `attendance` (`student_id`, `event_id`, `time_in`, `status`, `remarks`) VALUES (\'23-a-01234\', \'1\', \'2026-03-08 13:44:06\', \'Present\', \'On Time\')')
 2 SYSTEMPATH\Database\BaseConnection.php(646): CodeIgniter\Database\BaseConnection->simpleQuery('INSERT INTO `attendance` (`student_id`, `event_id`, `time_in`, `status`, `remarks`) VALUES (\'23-a-01234\', \'1\', \'2026-03-08 13:44:06\', \'Present\', \'On Time\')')
 3 SYSTEMPATH\Database\BaseBuilder.php(2345): CodeIgniter\Database\BaseConnection->query('INSERT INTO `attendance` (`student_id`, `event_id`, `time_in`, `status`, `remarks`) VALUES (:student_id:, :event_id:, :time_in:, :status:, :remarks:)', [...], false)
 4 APPPATH\Controllers\Admin.php(78): CodeIgniter\Database\BaseBuilder->insert([...])
 5 SYSTEMPATH\CodeIgniter.php(933): App\Controllers\Admin->toggle_attendance('23-a-01234', '1')
 6 SYSTEMPATH\CodeIgniter.php(507): CodeIgniter\CodeIgniter->runController(Object(App\Controllers\Admin))
 7 SYSTEMPATH\CodeIgniter.php(354): CodeIgniter\CodeIgniter->handleRequest(null, Object(Config\Cache), false)
 8 SYSTEMPATH\Boot.php(363): CodeIgniter\CodeIgniter->run()
 9 SYSTEMPATH\Boot.php(68): CodeIgniter\Boot::runCodeIgniter(Object(CodeIgniter\CodeIgniter))
10 FCPATH\index.php(59): CodeIgniter\Boot::bootWeb(Object(Config\Paths))
CRITICAL - 2026-03-08 13:44:06 --> [Caused by] mysqli_sql_exception: Cannot add or update a child row: a foreign key constraint fails (`cs_attendance_db`.`attendance`, CONSTRAINT `attendance_ibfk_1` FOREIGN KEY (`student_id`) REFERENCES `users` (`id`))
in SYSTEMPATH\Database\MySQLi\Connection.php on line 327.
 1 SYSTEMPATH\Database\MySQLi\Connection.php(327): mysqli->query('INSERT INTO `attendance` (`student_id`, `event_id`, `time_in`, `status`, `remarks`) VALUES (\'23-a-01234\', \'1\', \'2026-03-08 13:44:06\', \'Present\', \'On Time\')', 0)
 2 SYSTEMPATH\Database\BaseConnection.php(729): CodeIgniter\Database\MySQLi\Connection->execute('INSERT INTO `attendance` (`student_id`, `event_id`, `time_in`, `status`, `remarks`) VALUES (\'23-a-01234\', \'1\', \'2026-03-08 13:44:06\', \'Present\', \'On Time\')')
 3 SYSTEMPATH\Database\BaseConnection.php(646): CodeIgniter\Database\BaseConnection->simpleQuery('INSERT INTO `attendance` (`student_id`, `event_id`, `time_in`, `status`, `remarks`) VALUES (\'23-a-01234\', \'1\', \'2026-03-08 13:44:06\', \'Present\', \'On Time\')')
 4 SYSTEMPATH\Database\BaseBuilder.php(2345): CodeIgniter\Database\BaseConnection->query('INSERT INTO `attendance` (`student_id`, `event_id`, `time_in`, `status`, `remarks`) VALUES (:student_id:, :event_id:, :time_in:, :status:, :remarks:)', [...], false)
 5 APPPATH\Controllers\Admin.php(78): CodeIgniter\Database\BaseBuilder->insert([...])
 6 SYSTEMPATH\CodeIgniter.php(933): App\Controllers\Admin->toggle_attendance('23-a-01234', '1')
 7 SYSTEMPATH\CodeIgniter.php(507): CodeIgniter\CodeIgniter->runController(Object(App\Controllers\Admin))
 8 SYSTEMPATH\CodeIgniter.php(354): CodeIgniter\CodeIgniter->handleRequest(null, Object(Config\Cache), false)
 9 SYSTEMPATH\Boot.php(363): CodeIgniter\CodeIgniter->run()
10 SYSTEMPATH\Boot.php(68): CodeIgniter\Boot::runCodeIgniter(Object(CodeIgniter\CodeIgniter))
11 FCPATH\index.php(59): CodeIgniter\Boot::bootWeb(Object(Config\Paths))
ERROR - 2026-03-08 13:44:06 --> mysqli_sql_exception: Cannot add or update a child row: a foreign key constraint fails (`cs_attendance_db`.`attendance`, CONSTRAINT `attendance_ibfk_1` FOREIGN KEY (`student_id`) REFERENCES `users` (`id`)) in C:\xampp\htdocs\system\system\Database\MySQLi\Connection.php:327
Stack trace:
#0 C:\xampp\htdocs\system\system\Database\MySQLi\Connection.php(327): mysqli->query('INSERT INTO `at...', 0)
#1 C:\xampp\htdocs\system\system\Database\BaseConnection.php(729): CodeIgniter\Database\MySQLi\Connection->execute('INSERT INTO `at...')
#2 C:\xampp\htdocs\system\system\Database\BaseConnection.php(646): CodeIgniter\Database\BaseConnection->simpleQuery('INSERT INTO `at...')
#3 C:\xampp\htdocs\system\system\Database\BaseBuilder.php(2345): CodeIgniter\Database\BaseConnection->query('INSERT INTO `at...', Array, false)
#4 C:\xampp\htdocs\system\app\Controllers\Admin.php(78): CodeIgniter\Database\BaseBuilder->insert(Array)
#5 C:\xampp\htdocs\system\system\CodeIgniter.php(933): App\Controllers\Admin->toggle_attendance('23-a-01234', '1')
#6 C:\xampp\htdocs\system\system\CodeIgniter.php(507): CodeIgniter\CodeIgniter->runController(Object(App\Controllers\Admin))
#7 C:\xampp\htdocs\system\system\CodeIgniter.php(354): CodeIgniter\CodeIgniter->handleRequest(NULL, Object(Config\Cache), false)
#8 C:\xampp\htdocs\system\system\Boot.php(363): CodeIgniter\CodeIgniter->run()
#9 C:\xampp\htdocs\system\system\Boot.php(68): CodeIgniter\Boot::runCodeIgniter(Object(CodeIgniter\CodeIgniter))
#10 C:\xampp\htdocs\system\public\index.php(59): CodeIgniter\Boot::bootWeb(Object(Config\Paths))
#11 {main}
CRITICAL - 2026-03-08 13:44:06 --> CodeIgniter\Database\Exceptions\DatabaseException: Cannot add or update a child row: a foreign key constraint fails (`cs_attendance_db`.`attendance`, CONSTRAINT `attendance_ibfk_1` FOREIGN KEY (`student_id`) REFERENCES `users` (`id`))
[Method: GET, Route: admin/toggle_attendance/23-a-01234/1]
in SYSTEMPATH\Database\BaseConnection.php on line 684.
 1 SYSTEMPATH\Database\BaseBuilder.php(2345): CodeIgniter\Database\BaseConnection->query('INSERT INTO `attendance` (`student_id`, `event_id`, `time_in`, `status`, `remarks`) VALUES (:student_id:, :event_id:, :time_in:, :status:, :remarks:)', [...], false)
 2 APPPATH\Controllers\Admin.php(78): CodeIgniter\Database\BaseBuilder->insert([...])
 3 SYSTEMPATH\CodeIgniter.php(933): App\Controllers\Admin->toggle_attendance('23-a-01234', '1')
 4 SYSTEMPATH\CodeIgniter.php(507): CodeIgniter\CodeIgniter->runController(Object(App\Controllers\Admin))
 5 SYSTEMPATH\CodeIgniter.php(354): CodeIgniter\CodeIgniter->handleRequest(null, Object(Config\Cache), false)
 6 SYSTEMPATH\Boot.php(363): CodeIgniter\CodeIgniter->run()
 7 SYSTEMPATH\Boot.php(68): CodeIgniter\Boot::runCodeIgniter(Object(CodeIgniter\CodeIgniter))
 8 FCPATH\index.php(59): CodeIgniter\Boot::bootWeb(Object(Config\Paths))
CRITICAL - 2026-03-08 13:44:06 --> [Caused by] CodeIgniter\Database\Exceptions\DatabaseException: Cannot add or update a child row: a foreign key constraint fails (`cs_attendance_db`.`attendance`, CONSTRAINT `attendance_ibfk_1` FOREIGN KEY (`student_id`) REFERENCES `users` (`id`))
in SYSTEMPATH\Database\MySQLi\Connection.php on line 332.
 1 SYSTEMPATH\Database\BaseConnection.php(729): CodeIgniter\Database\MySQLi\Connection->execute('INSERT INTO `attendance` (`student_id`, `event_id`, `time_in`, `status`, `remarks`) VALUES (\'23-a-01234\', \'1\', \'2026-03-08 13:44:06\', \'Present\', \'On Time\')')
 2 SYSTEMPATH\Database\BaseConnection.php(646): CodeIgniter\Database\BaseConnection->simpleQuery('INSERT INTO `attendance` (`student_id`, `event_id`, `time_in`, `status`, `remarks`) VALUES (\'23-a-01234\', \'1\', \'2026-03-08 13:44:06\', \'Present\', \'On Time\')')
 3 SYSTEMPATH\Database\BaseBuilder.php(2345): CodeIgniter\Database\BaseConnection->query('INSERT INTO `attendance` (`student_id`, `event_id`, `time_in`, `status`, `remarks`) VALUES (:student_id:, :event_id:, :time_in:, :status:, :remarks:)', [...], false)
 4 APPPATH\Controllers\Admin.php(78): CodeIgniter\Database\BaseBuilder->insert([...])
 5 SYSTEMPATH\CodeIgniter.php(933): App\Controllers\Admin->toggle_attendance('23-a-01234', '1')
 6 SYSTEMPATH\CodeIgniter.php(507): CodeIgniter\CodeIgniter->runController(Object(App\Controllers\Admin))
 7 SYSTEMPATH\CodeIgniter.php(354): CodeIgniter\CodeIgniter->handleRequest(null, Object(Config\Cache), false)
 8 SYSTEMPATH\Boot.php(363): CodeIgniter\CodeIgniter->run()
 9 SYSTEMPATH\Boot.php(68): CodeIgniter\Boot::runCodeIgniter(Object(CodeIgniter\CodeIgniter))
10 FCPATH\index.php(59): CodeIgniter\Boot::bootWeb(Object(Config\Paths))
CRITICAL - 2026-03-08 13:44:06 --> [Caused by] mysqli_sql_exception: Cannot add or update a child row: a foreign key constraint fails (`cs_attendance_db`.`attendance`, CONSTRAINT `attendance_ibfk_1` FOREIGN KEY (`student_id`) REFERENCES `users` (`id`))
in SYSTEMPATH\Database\MySQLi\Connection.php on line 327.
 1 SYSTEMPATH\Database\MySQLi\Connection.php(327): mysqli->query('INSERT INTO `attendance` (`student_id`, `event_id`, `time_in`, `status`, `remarks`) VALUES (\'23-a-01234\', \'1\', \'2026-03-08 13:44:06\', \'Present\', \'On Time\')', 0)
 2 SYSTEMPATH\Database\BaseConnection.php(729): CodeIgniter\Database\MySQLi\Connection->execute('INSERT INTO `attendance` (`student_id`, `event_id`, `time_in`, `status`, `remarks`) VALUES (\'23-a-01234\', \'1\', \'2026-03-08 13:44:06\', \'Present\', \'On Time\')')
 3 SYSTEMPATH\Database\BaseConnection.php(646): CodeIgniter\Database\BaseConnection->simpleQuery('INSERT INTO `attendance` (`student_id`, `event_id`, `time_in`, `status`, `remarks`) VALUES (\'23-a-01234\', \'1\', \'2026-03-08 13:44:06\', \'Present\', \'On Time\')')
 4 SYSTEMPATH\Database\BaseBuilder.php(2345): CodeIgniter\Database\BaseConnection->query('INSERT INTO `attendance` (`student_id`, `event_id`, `time_in`, `status`, `remarks`) VALUES (:student_id:, :event_id:, :time_in:, :status:, :remarks:)', [...], false)
 5 APPPATH\Controllers\Admin.php(78): CodeIgniter\Database\BaseBuilder->insert([...])
 6 SYSTEMPATH\CodeIgniter.php(933): App\Controllers\Admin->toggle_attendance('23-a-01234', '1')
 7 SYSTEMPATH\CodeIgniter.php(507): CodeIgniter\CodeIgniter->runController(Object(App\Controllers\Admin))
 8 SYSTEMPATH\CodeIgniter.php(354): CodeIgniter\CodeIgniter->handleRequest(null, Object(Config\Cache), false)
 9 SYSTEMPATH\Boot.php(363): CodeIgniter\CodeIgniter->run()
10 SYSTEMPATH\Boot.php(68): CodeIgniter\Boot::runCodeIgniter(Object(CodeIgniter\CodeIgniter))
11 FCPATH\index.php(59): CodeIgniter\Boot::bootWeb(Object(Config\Paths))
ERROR - 2026-03-08 13:44:06 --> mysqli_sql_exception: Cannot add or update a child row: a foreign key constraint fails (`cs_attendance_db`.`attendance`, CONSTRAINT `attendance_ibfk_1` FOREIGN KEY (`student_id`) REFERENCES `users` (`id`)) in C:\xampp\htdocs\system\system\Database\MySQLi\Connection.php:327
Stack trace:
#0 C:\xampp\htdocs\system\system\Database\MySQLi\Connection.php(327): mysqli->query('INSERT INTO `at...', 0)
#1 C:\xampp\htdocs\system\system\Database\BaseConnection.php(729): CodeIgniter\Database\MySQLi\Connection->execute('INSERT INTO `at...')
#2 C:\xampp\htdocs\system\system\Database\BaseConnection.php(646): CodeIgniter\Database\BaseConnection->simpleQuery('INSERT INTO `at...')
#3 C:\xampp\htdocs\system\system\Database\BaseBuilder.php(2345): CodeIgniter\Database\BaseConnection->query('INSERT INTO `at...', Array, false)
#4 C:\xampp\htdocs\system\app\Controllers\Admin.php(78): CodeIgniter\Database\BaseBuilder->insert(Array)
#5 C:\xampp\htdocs\system\system\CodeIgniter.php(933): App\Controllers\Admin->toggle_attendance('23-a-01234', '1')
#6 C:\xampp\htdocs\system\system\CodeIgniter.php(507): CodeIgniter\CodeIgniter->runController(Object(App\Controllers\Admin))
#7 C:\xampp\htdocs\system\system\CodeIgniter.php(354): CodeIgniter\CodeIgniter->handleRequest(NULL, Object(Config\Cache), false)
#8 C:\xampp\htdocs\system\system\Boot.php(363): CodeIgniter\CodeIgniter->run()
#9 C:\xampp\htdocs\system\system\Boot.php(68): CodeIgniter\Boot::runCodeIgniter(Object(CodeIgniter\CodeIgniter))
#10 C:\xampp\htdocs\system\public\index.php(59): CodeIgniter\Boot::bootWeb(Object(Config\Paths))
#11 {main}
CRITICAL - 2026-03-08 13:44:06 --> CodeIgniter\Database\Exceptions\DatabaseException: Cannot add or update a child row: a foreign key constraint fails (`cs_attendance_db`.`attendance`, CONSTRAINT `attendance_ibfk_1` FOREIGN KEY (`student_id`) REFERENCES `users` (`id`))
[Method: GET, Route: admin/toggle_attendance/23-a-01234/1]
in SYSTEMPATH\Database\BaseConnection.php on line 684.
 1 SYSTEMPATH\Database\BaseBuilder.php(2345): CodeIgniter\Database\BaseConnection->query('INSERT INTO `attendance` (`student_id`, `event_id`, `time_in`, `status`, `remarks`) VALUES (:student_id:, :event_id:, :time_in:, :status:, :remarks:)', [...], false)
 2 APPPATH\Controllers\Admin.php(78): CodeIgniter\Database\BaseBuilder->insert([...])
 3 SYSTEMPATH\CodeIgniter.php(933): App\Controllers\Admin->toggle_attendance('23-a-01234', '1')
 4 SYSTEMPATH\CodeIgniter.php(507): CodeIgniter\CodeIgniter->runController(Object(App\Controllers\Admin))
 5 SYSTEMPATH\CodeIgniter.php(354): CodeIgniter\CodeIgniter->handleRequest(null, Object(Config\Cache), false)
 6 SYSTEMPATH\Boot.php(363): CodeIgniter\CodeIgniter->run()
 7 SYSTEMPATH\Boot.php(68): CodeIgniter\Boot::runCodeIgniter(Object(CodeIgniter\CodeIgniter))
 8 FCPATH\index.php(59): CodeIgniter\Boot::bootWeb(Object(Config\Paths))
CRITICAL - 2026-03-08 13:44:06 --> [Caused by] CodeIgniter\Database\Exceptions\DatabaseException: Cannot add or update a child row: a foreign key constraint fails (`cs_attendance_db`.`attendance`, CONSTRAINT `attendance_ibfk_1` FOREIGN KEY (`student_id`) REFERENCES `users` (`id`))
in SYSTEMPATH\Database\MySQLi\Connection.php on line 332.
 1 SYSTEMPATH\Database\BaseConnection.php(729): CodeIgniter\Database\MySQLi\Connection->execute('INSERT INTO `attendance` (`student_id`, `event_id`, `time_in`, `status`, `remarks`) VALUES (\'23-a-01234\', \'1\', \'2026-03-08 13:44:06\', \'Present\', \'On Time\')')
 2 SYSTEMPATH\Database\BaseConnection.php(646): CodeIgniter\Database\BaseConnection->simpleQuery('INSERT INTO `attendance` (`student_id`, `event_id`, `time_in`, `status`, `remarks`) VALUES (\'23-a-01234\', \'1\', \'2026-03-08 13:44:06\', \'Present\', \'On Time\')')
 3 SYSTEMPATH\Database\BaseBuilder.php(2345): CodeIgniter\Database\BaseConnection->query('INSERT INTO `attendance` (`student_id`, `event_id`, `time_in`, `status`, `remarks`) VALUES (:student_id:, :event_id:, :time_in:, :status:, :remarks:)', [...], false)
 4 APPPATH\Controllers\Admin.php(78): CodeIgniter\Database\BaseBuilder->insert([...])
 5 SYSTEMPATH\CodeIgniter.php(933): App\Controllers\Admin->toggle_attendance('23-a-01234', '1')
 6 SYSTEMPATH\CodeIgniter.php(507): CodeIgniter\CodeIgniter->runController(Object(App\Controllers\Admin))
 7 SYSTEMPATH\CodeIgniter.php(354): CodeIgniter\CodeIgniter->handleRequest(null, Object(Config\Cache), false)
 8 SYSTEMPATH\Boot.php(363): CodeIgniter\CodeIgniter->run()
 9 SYSTEMPATH\Boot.php(68): CodeIgniter\Boot::runCodeIgniter(Object(CodeIgniter\CodeIgniter))
10 FCPATH\index.php(59): CodeIgniter\Boot::bootWeb(Object(Config\Paths))
CRITICAL - 2026-03-08 13:44:06 --> [Caused by] mysqli_sql_exception: Cannot add or update a child row: a foreign key constraint fails (`cs_attendance_db`.`attendance`, CONSTRAINT `attendance_ibfk_1` FOREIGN KEY (`student_id`) REFERENCES `users` (`id`))
in SYSTEMPATH\Database\MySQLi\Connection.php on line 327.
 1 SYSTEMPATH\Database\MySQLi\Connection.php(327): mysqli->query('INSERT INTO `attendance` (`student_id`, `event_id`, `time_in`, `status`, `remarks`) VALUES (\'23-a-01234\', \'1\', \'2026-03-08 13:44:06\', \'Present\', \'On Time\')', 0)
 2 SYSTEMPATH\Database\BaseConnection.php(729): CodeIgniter\Database\MySQLi\Connection->execute('INSERT INTO `attendance` (`student_id`, `event_id`, `time_in`, `status`, `remarks`) VALUES (\'23-a-01234\', \'1\', \'2026-03-08 13:44:06\', \'Present\', \'On Time\')')
 3 SYSTEMPATH\Database\BaseConnection.php(646): CodeIgniter\Database\BaseConnection->simpleQuery('INSERT INTO `attendance` (`student_id`, `event_id`, `time_in`, `status`, `remarks`) VALUES (\'23-a-01234\', \'1\', \'2026-03-08 13:44:06\', \'Present\', \'On Time\')')
 4 SYSTEMPATH\Database\BaseBuilder.php(2345): CodeIgniter\Database\BaseConnection->query('INSERT INTO `attendance` (`student_id`, `event_id`, `time_in`, `status`, `remarks`) VALUES (:student_id:, :event_id:, :time_in:, :status:, :remarks:)', [...], false)
 5 APPPATH\Controllers\Admin.php(78): CodeIgniter\Database\BaseBuilder->insert([...])
 6 SYSTEMPATH\CodeIgniter.php(933): App\Controllers\Admin->toggle_attendance('23-a-01234', '1')
 7 SYSTEMPATH\CodeIgniter.php(507): CodeIgniter\CodeIgniter->runController(Object(App\Controllers\Admin))
 8 SYSTEMPATH\CodeIgniter.php(354): CodeIgniter\CodeIgniter->handleRequest(null, Object(Config\Cache), false)
 9 SYSTEMPATH\Boot.php(363): CodeIgniter\CodeIgniter->run()
10 SYSTEMPATH\Boot.php(68): CodeIgniter\Boot::runCodeIgniter(Object(CodeIgniter\CodeIgniter))
11 FCPATH\index.php(59): CodeIgniter\Boot::bootWeb(Object(Config\Paths))
ERROR - 2026-03-08 13:45:13 --> mysqli_sql_exception: Cannot add or update a child row: a foreign key constraint fails (`cs_attendance_db`.`attendance`, CONSTRAINT `attendance_ibfk_1` FOREIGN KEY (`student_id`) REFERENCES `users` (`id`)) in C:\xampp\htdocs\system\system\Database\MySQLi\Connection.php:327
Stack trace:
#0 C:\xampp\htdocs\system\system\Database\MySQLi\Connection.php(327): mysqli->query('INSERT INTO `at...', 0)
#1 C:\xampp\htdocs\system\system\Database\BaseConnection.php(729): CodeIgniter\Database\MySQLi\Connection->execute('INSERT INTO `at...')
#2 C:\xampp\htdocs\system\system\Database\BaseConnection.php(646): CodeIgniter\Database\BaseConnection->simpleQuery('INSERT INTO `at...')
#3 C:\xampp\htdocs\system\system\Database\BaseBuilder.php(2345): CodeIgniter\Database\BaseConnection->query('INSERT INTO `at...', Array, false)
#4 C:\xampp\htdocs\system\app\Controllers\Admin.php(78): CodeIgniter\Database\BaseBuilder->insert(Array)
#5 C:\xampp\htdocs\system\system\CodeIgniter.php(933): App\Controllers\Admin->toggle_attendance('23-a-01234', '1')
#6 C:\xampp\htdocs\system\system\CodeIgniter.php(507): CodeIgniter\CodeIgniter->runController(Object(App\Controllers\Admin))
#7 C:\xampp\htdocs\system\system\CodeIgniter.php(354): CodeIgniter\CodeIgniter->handleRequest(NULL, Object(Config\Cache), false)
#8 C:\xampp\htdocs\system\system\Boot.php(363): CodeIgniter\CodeIgniter->run()
#9 C:\xampp\htdocs\system\system\Boot.php(68): CodeIgniter\Boot::runCodeIgniter(Object(CodeIgniter\CodeIgniter))
#10 C:\xampp\htdocs\system\public\index.php(59): CodeIgniter\Boot::bootWeb(Object(Config\Paths))
#11 {main}
CRITICAL - 2026-03-08 13:45:13 --> CodeIgniter\Database\Exceptions\DatabaseException: Cannot add or update a child row: a foreign key constraint fails (`cs_attendance_db`.`attendance`, CONSTRAINT `attendance_ibfk_1` FOREIGN KEY (`student_id`) REFERENCES `users` (`id`))
[Method: GET, Route: admin/toggle_attendance/23-a-01234/1]
in SYSTEMPATH\Database\BaseConnection.php on line 684.
 1 SYSTEMPATH\Database\BaseBuilder.php(2345): CodeIgniter\Database\BaseConnection->query('INSERT INTO `attendance` (`student_id`, `event_id`, `time_in`, `status`, `remarks`) VALUES (:student_id:, :event_id:, :time_in:, :status:, :remarks:)', [...], false)
 2 APPPATH\Controllers\Admin.php(78): CodeIgniter\Database\BaseBuilder->insert([...])
 3 SYSTEMPATH\CodeIgniter.php(933): App\Controllers\Admin->toggle_attendance('23-a-01234', '1')
 4 SYSTEMPATH\CodeIgniter.php(507): CodeIgniter\CodeIgniter->runController(Object(App\Controllers\Admin))
 5 SYSTEMPATH\CodeIgniter.php(354): CodeIgniter\CodeIgniter->handleRequest(null, Object(Config\Cache), false)
 6 SYSTEMPATH\Boot.php(363): CodeIgniter\CodeIgniter->run()
 7 SYSTEMPATH\Boot.php(68): CodeIgniter\Boot::runCodeIgniter(Object(CodeIgniter\CodeIgniter))
 8 FCPATH\index.php(59): CodeIgniter\Boot::bootWeb(Object(Config\Paths))
CRITICAL - 2026-03-08 13:45:13 --> [Caused by] CodeIgniter\Database\Exceptions\DatabaseException: Cannot add or update a child row: a foreign key constraint fails (`cs_attendance_db`.`attendance`, CONSTRAINT `attendance_ibfk_1` FOREIGN KEY (`student_id`) REFERENCES `users` (`id`))
in SYSTEMPATH\Database\MySQLi\Connection.php on line 332.
 1 SYSTEMPATH\Database\BaseConnection.php(729): CodeIgniter\Database\MySQLi\Connection->execute('INSERT INTO `attendance` (`student_id`, `event_id`, `time_in`, `status`, `remarks`) VALUES (\'23-a-01234\', \'1\', \'2026-03-08 13:45:13\', \'Present\', \'On Time\')')
 2 SYSTEMPATH\Database\BaseConnection.php(646): CodeIgniter\Database\BaseConnection->simpleQuery('INSERT INTO `attendance` (`student_id`, `event_id`, `time_in`, `status`, `remarks`) VALUES (\'23-a-01234\', \'1\', \'2026-03-08 13:45:13\', \'Present\', \'On Time\')')
 3 SYSTEMPATH\Database\BaseBuilder.php(2345): CodeIgniter\Database\BaseConnection->query('INSERT INTO `attendance` (`student_id`, `event_id`, `time_in`, `status`, `remarks`) VALUES (:student_id:, :event_id:, :time_in:, :status:, :remarks:)', [...], false)
 4 APPPATH\Controllers\Admin.php(78): CodeIgniter\Database\BaseBuilder->insert([...])
 5 SYSTEMPATH\CodeIgniter.php(933): App\Controllers\Admin->toggle_attendance('23-a-01234', '1')
 6 SYSTEMPATH\CodeIgniter.php(507): CodeIgniter\CodeIgniter->runController(Object(App\Controllers\Admin))
 7 SYSTEMPATH\CodeIgniter.php(354): CodeIgniter\CodeIgniter->handleRequest(null, Object(Config\Cache), false)
 8 SYSTEMPATH\Boot.php(363): CodeIgniter\CodeIgniter->run()
 9 SYSTEMPATH\Boot.php(68): CodeIgniter\Boot::runCodeIgniter(Object(CodeIgniter\CodeIgniter))
10 FCPATH\index.php(59): CodeIgniter\Boot::bootWeb(Object(Config\Paths))
CRITICAL - 2026-03-08 13:45:13 --> [Caused by] mysqli_sql_exception: Cannot add or update a child row: a foreign key constraint fails (`cs_attendance_db`.`attendance`, CONSTRAINT `attendance_ibfk_1` FOREIGN KEY (`student_id`) REFERENCES `users` (`id`))
in SYSTEMPATH\Database\MySQLi\Connection.php on line 327.
 1 SYSTEMPATH\Database\MySQLi\Connection.php(327): mysqli->query('INSERT INTO `attendance` (`student_id`, `event_id`, `time_in`, `status`, `remarks`) VALUES (\'23-a-01234\', \'1\', \'2026-03-08 13:45:13\', \'Present\', \'On Time\')', 0)
 2 SYSTEMPATH\Database\BaseConnection.php(729): CodeIgniter\Database\MySQLi\Connection->execute('INSERT INTO `attendance` (`student_id`, `event_id`, `time_in`, `status`, `remarks`) VALUES (\'23-a-01234\', \'1\', \'2026-03-08 13:45:13\', \'Present\', \'On Time\')')
 3 SYSTEMPATH\Database\BaseConnection.php(646): CodeIgniter\Database\BaseConnection->simpleQuery('INSERT INTO `attendance` (`student_id`, `event_id`, `time_in`, `status`, `remarks`) VALUES (\'23-a-01234\', \'1\', \'2026-03-08 13:45:13\', \'Present\', \'On Time\')')
 4 SYSTEMPATH\Database\BaseBuilder.php(2345): CodeIgniter\Database\BaseConnection->query('INSERT INTO `attendance` (`student_id`, `event_id`, `time_in`, `status`, `remarks`) VALUES (:student_id:, :event_id:, :time_in:, :status:, :remarks:)', [...], false)
 5 APPPATH\Controllers\Admin.php(78): CodeIgniter\Database\BaseBuilder->insert([...])
 6 SYSTEMPATH\CodeIgniter.php(933): App\Controllers\Admin->toggle_attendance('23-a-01234', '1')
 7 SYSTEMPATH\CodeIgniter.php(507): CodeIgniter\CodeIgniter->runController(Object(App\Controllers\Admin))
 8 SYSTEMPATH\CodeIgniter.php(354): CodeIgniter\CodeIgniter->handleRequest(null, Object(Config\Cache), false)
 9 SYSTEMPATH\Boot.php(363): CodeIgniter\CodeIgniter->run()
10 SYSTEMPATH\Boot.php(68): CodeIgniter\Boot::runCodeIgniter(Object(CodeIgniter\CodeIgniter))
11 FCPATH\index.php(59): CodeIgniter\Boot::bootWeb(Object(Config\Paths))
ERROR - 2026-03-08 13:45:13 --> mysqli_sql_exception: Cannot add or update a child row: a foreign key constraint fails (`cs_attendance_db`.`attendance`, CONSTRAINT `attendance_ibfk_1` FOREIGN KEY (`student_id`) REFERENCES `users` (`id`)) in C:\xampp\htdocs\system\system\Database\MySQLi\Connection.php:327
Stack trace:
#0 C:\xampp\htdocs\system\system\Database\MySQLi\Connection.php(327): mysqli->query('INSERT INTO `at...', 0)
#1 C:\xampp\htdocs\system\system\Database\BaseConnection.php(729): CodeIgniter\Database\MySQLi\Connection->execute('INSERT INTO `at...')
#2 C:\xampp\htdocs\system\system\Database\BaseConnection.php(646): CodeIgniter\Database\BaseConnection->simpleQuery('INSERT INTO `at...')
#3 C:\xampp\htdocs\system\system\Database\BaseBuilder.php(2345): CodeIgniter\Database\BaseConnection->query('INSERT INTO `at...', Array, false)
#4 C:\xampp\htdocs\system\app\Controllers\Admin.php(78): CodeIgniter\Database\BaseBuilder->insert(Array)
#5 C:\xampp\htdocs\system\system\CodeIgniter.php(933): App\Controllers\Admin->toggle_attendance('23-a-01234', '1')
#6 C:\xampp\htdocs\system\system\CodeIgniter.php(507): CodeIgniter\CodeIgniter->runController(Object(App\Controllers\Admin))
#7 C:\xampp\htdocs\system\system\CodeIgniter.php(354): CodeIgniter\CodeIgniter->handleRequest(NULL, Object(Config\Cache), false)
#8 C:\xampp\htdocs\system\system\Boot.php(363): CodeIgniter\CodeIgniter->run()
#9 C:\xampp\htdocs\system\system\Boot.php(68): CodeIgniter\Boot::runCodeIgniter(Object(CodeIgniter\CodeIgniter))
#10 C:\xampp\htdocs\system\public\index.php(59): CodeIgniter\Boot::bootWeb(Object(Config\Paths))
#11 {main}
CRITICAL - 2026-03-08 13:45:13 --> CodeIgniter\Database\Exceptions\DatabaseException: Cannot add or update a child row: a foreign key constraint fails (`cs_attendance_db`.`attendance`, CONSTRAINT `attendance_ibfk_1` FOREIGN KEY (`student_id`) REFERENCES `users` (`id`))
[Method: GET, Route: admin/toggle_attendance/23-a-01234/1]
in SYSTEMPATH\Database\BaseConnection.php on line 684.
 1 SYSTEMPATH\Database\BaseBuilder.php(2345): CodeIgniter\Database\BaseConnection->query('INSERT INTO `attendance` (`student_id`, `event_id`, `time_in`, `status`, `remarks`) VALUES (:student_id:, :event_id:, :time_in:, :status:, :remarks:)', [...], false)
 2 APPPATH\Controllers\Admin.php(78): CodeIgniter\Database\BaseBuilder->insert([...])
 3 SYSTEMPATH\CodeIgniter.php(933): App\Controllers\Admin->toggle_attendance('23-a-01234', '1')
 4 SYSTEMPATH\CodeIgniter.php(507): CodeIgniter\CodeIgniter->runController(Object(App\Controllers\Admin))
 5 SYSTEMPATH\CodeIgniter.php(354): CodeIgniter\CodeIgniter->handleRequest(null, Object(Config\Cache), false)
 6 SYSTEMPATH\Boot.php(363): CodeIgniter\CodeIgniter->run()
 7 SYSTEMPATH\Boot.php(68): CodeIgniter\Boot::runCodeIgniter(Object(CodeIgniter\CodeIgniter))
 8 FCPATH\index.php(59): CodeIgniter\Boot::bootWeb(Object(Config\Paths))
CRITICAL - 2026-03-08 13:45:13 --> [Caused by] CodeIgniter\Database\Exceptions\DatabaseException: Cannot add or update a child row: a foreign key constraint fails (`cs_attendance_db`.`attendance`, CONSTRAINT `attendance_ibfk_1` FOREIGN KEY (`student_id`) REFERENCES `users` (`id`))
in SYSTEMPATH\Database\MySQLi\Connection.php on line 332.
 1 SYSTEMPATH\Database\BaseConnection.php(729): CodeIgniter\Database\MySQLi\Connection->execute('INSERT INTO `attendance` (`student_id`, `event_id`, `time_in`, `status`, `remarks`) VALUES (\'23-a-01234\', \'1\', \'2026-03-08 13:45:13\', \'Present\', \'On Time\')')
 2 SYSTEMPATH\Database\BaseConnection.php(646): CodeIgniter\Database\BaseConnection->simpleQuery('INSERT INTO `attendance` (`student_id`, `event_id`, `time_in`, `status`, `remarks`) VALUES (\'23-a-01234\', \'1\', \'2026-03-08 13:45:13\', \'Present\', \'On Time\')')
 3 SYSTEMPATH\Database\BaseBuilder.php(2345): CodeIgniter\Database\BaseConnection->query('INSERT INTO `attendance` (`student_id`, `event_id`, `time_in`, `status`, `remarks`) VALUES (:student_id:, :event_id:, :time_in:, :status:, :remarks:)', [...], false)
 4 APPPATH\Controllers\Admin.php(78): CodeIgniter\Database\BaseBuilder->insert([...])
 5 SYSTEMPATH\CodeIgniter.php(933): App\Controllers\Admin->toggle_attendance('23-a-01234', '1')
 6 SYSTEMPATH\CodeIgniter.php(507): CodeIgniter\CodeIgniter->runController(Object(App\Controllers\Admin))
 7 SYSTEMPATH\CodeIgniter.php(354): CodeIgniter\CodeIgniter->handleRequest(null, Object(Config\Cache), false)
 8 SYSTEMPATH\Boot.php(363): CodeIgniter\CodeIgniter->run()
 9 SYSTEMPATH\Boot.php(68): CodeIgniter\Boot::runCodeIgniter(Object(CodeIgniter\CodeIgniter))
10 FCPATH\index.php(59): CodeIgniter\Boot::bootWeb(Object(Config\Paths))
CRITICAL - 2026-03-08 13:45:13 --> [Caused by] mysqli_sql_exception: Cannot add or update a child row: a foreign key constraint fails (`cs_attendance_db`.`attendance`, CONSTRAINT `attendance_ibfk_1` FOREIGN KEY (`student_id`) REFERENCES `users` (`id`))
in SYSTEMPATH\Database\MySQLi\Connection.php on line 327.
 1 SYSTEMPATH\Database\MySQLi\Connection.php(327): mysqli->query('INSERT INTO `attendance` (`student_id`, `event_id`, `time_in`, `status`, `remarks`) VALUES (\'23-a-01234\', \'1\', \'2026-03-08 13:45:13\', \'Present\', \'On Time\')', 0)
 2 SYSTEMPATH\Database\BaseConnection.php(729): CodeIgniter\Database\MySQLi\Connection->execute('INSERT INTO `attendance` (`student_id`, `event_id`, `time_in`, `status`, `remarks`) VALUES (\'23-a-01234\', \'1\', \'2026-03-08 13:45:13\', \'Present\', \'On Time\')')
 3 SYSTEMPATH\Database\BaseConnection.php(646): CodeIgniter\Database\BaseConnection->simpleQuery('INSERT INTO `attendance` (`student_id`, `event_id`, `time_in`, `status`, `remarks`) VALUES (\'23-a-01234\', \'1\', \'2026-03-08 13:45:13\', \'Present\', \'On Time\')')
 4 SYSTEMPATH\Database\BaseBuilder.php(2345): CodeIgniter\Database\BaseConnection->query('INSERT INTO `attendance` (`student_id`, `event_id`, `time_in`, `status`, `remarks`) VALUES (:student_id:, :event_id:, :time_in:, :status:, :remarks:)', [...], false)
 5 APPPATH\Controllers\Admin.php(78): CodeIgniter\Database\BaseBuilder->insert([...])
 6 SYSTEMPATH\CodeIgniter.php(933): App\Controllers\Admin->toggle_attendance('23-a-01234', '1')
 7 SYSTEMPATH\CodeIgniter.php(507): CodeIgniter\CodeIgniter->runController(Object(App\Controllers\Admin))
 8 SYSTEMPATH\CodeIgniter.php(354): CodeIgniter\CodeIgniter->handleRequest(null, Object(Config\Cache), false)
 9 SYSTEMPATH\Boot.php(363): CodeIgniter\CodeIgniter->run()
10 SYSTEMPATH\Boot.php(68): CodeIgniter\Boot::runCodeIgniter(Object(CodeIgniter\CodeIgniter))
11 FCPATH\index.php(59): CodeIgniter\Boot::bootWeb(Object(Config\Paths))
ERROR - 2026-03-08 13:45:22 --> mysqli_sql_exception: Cannot add or update a child row: a foreign key constraint fails (`cs_attendance_db`.`attendance`, CONSTRAINT `attendance_ibfk_1` FOREIGN KEY (`student_id`) REFERENCES `users` (`id`)) in C:\xampp\htdocs\system\system\Database\MySQLi\Connection.php:327
Stack trace:
#0 C:\xampp\htdocs\system\system\Database\MySQLi\Connection.php(327): mysqli->query('INSERT INTO `at...', 0)
#1 C:\xampp\htdocs\system\system\Database\BaseConnection.php(729): CodeIgniter\Database\MySQLi\Connection->execute('INSERT INTO `at...')
#2 C:\xampp\htdocs\system\system\Database\BaseConnection.php(646): CodeIgniter\Database\BaseConnection->simpleQuery('INSERT INTO `at...')
#3 C:\xampp\htdocs\system\system\Database\BaseBuilder.php(2345): CodeIgniter\Database\BaseConnection->query('INSERT INTO `at...', Array, false)
#4 C:\xampp\htdocs\system\app\Controllers\Admin.php(78): CodeIgniter\Database\BaseBuilder->insert(Array)
#5 C:\xampp\htdocs\system\system\CodeIgniter.php(933): App\Controllers\Admin->toggle_attendance('23-a-01647', '1')
#6 C:\xampp\htdocs\system\system\CodeIgniter.php(507): CodeIgniter\CodeIgniter->runController(Object(App\Controllers\Admin))
#7 C:\xampp\htdocs\system\system\CodeIgniter.php(354): CodeIgniter\CodeIgniter->handleRequest(NULL, Object(Config\Cache), false)
#8 C:\xampp\htdocs\system\system\Boot.php(363): CodeIgniter\CodeIgniter->run()
#9 C:\xampp\htdocs\system\system\Boot.php(68): CodeIgniter\Boot::runCodeIgniter(Object(CodeIgniter\CodeIgniter))
#10 C:\xampp\htdocs\system\public\index.php(59): CodeIgniter\Boot::bootWeb(Object(Config\Paths))
#11 {main}
CRITICAL - 2026-03-08 13:45:22 --> CodeIgniter\Database\Exceptions\DatabaseException: Cannot add or update a child row: a foreign key constraint fails (`cs_attendance_db`.`attendance`, CONSTRAINT `attendance_ibfk_1` FOREIGN KEY (`student_id`) REFERENCES `users` (`id`))
[Method: GET, Route: admin/toggle_attendance/23-a-01647/1]
in SYSTEMPATH\Database\BaseConnection.php on line 684.
 1 SYSTEMPATH\Database\BaseBuilder.php(2345): CodeIgniter\Database\BaseConnection->query('INSERT INTO `attendance` (`student_id`, `event_id`, `time_in`, `status`, `remarks`) VALUES (:student_id:, :event_id:, :time_in:, :status:, :remarks:)', [...], false)
 2 APPPATH\Controllers\Admin.php(78): CodeIgniter\Database\BaseBuilder->insert([...])
 3 SYSTEMPATH\CodeIgniter.php(933): App\Controllers\Admin->toggle_attendance('23-a-01647', '1')
 4 SYSTEMPATH\CodeIgniter.php(507): CodeIgniter\CodeIgniter->runController(Object(App\Controllers\Admin))
 5 SYSTEMPATH\CodeIgniter.php(354): CodeIgniter\CodeIgniter->handleRequest(null, Object(Config\Cache), false)
 6 SYSTEMPATH\Boot.php(363): CodeIgniter\CodeIgniter->run()
 7 SYSTEMPATH\Boot.php(68): CodeIgniter\Boot::runCodeIgniter(Object(CodeIgniter\CodeIgniter))
 8 FCPATH\index.php(59): CodeIgniter\Boot::bootWeb(Object(Config\Paths))
CRITICAL - 2026-03-08 13:45:22 --> [Caused by] CodeIgniter\Database\Exceptions\DatabaseException: Cannot add or update a child row: a foreign key constraint fails (`cs_attendance_db`.`attendance`, CONSTRAINT `attendance_ibfk_1` FOREIGN KEY (`student_id`) REFERENCES `users` (`id`))
in SYSTEMPATH\Database\MySQLi\Connection.php on line 332.
 1 SYSTEMPATH\Database\BaseConnection.php(729): CodeIgniter\Database\MySQLi\Connection->execute('INSERT INTO `attendance` (`student_id`, `event_id`, `time_in`, `status`, `remarks`) VALUES (\'23-a-01647\', \'1\', \'2026-03-08 13:45:22\', \'Present\', \'On Time\')')
 2 SYSTEMPATH\Database\BaseConnection.php(646): CodeIgniter\Database\BaseConnection->simpleQuery('INSERT INTO `attendance` (`student_id`, `event_id`, `time_in`, `status`, `remarks`) VALUES (\'23-a-01647\', \'1\', \'2026-03-08 13:45:22\', \'Present\', \'On Time\')')
 3 SYSTEMPATH\Database\BaseBuilder.php(2345): CodeIgniter\Database\BaseConnection->query('INSERT INTO `attendance` (`student_id`, `event_id`, `time_in`, `status`, `remarks`) VALUES (:student_id:, :event_id:, :time_in:, :status:, :remarks:)', [...], false)
 4 APPPATH\Controllers\Admin.php(78): CodeIgniter\Database\BaseBuilder->insert([...])
 5 SYSTEMPATH\CodeIgniter.php(933): App\Controllers\Admin->toggle_attendance('23-a-01647', '1')
 6 SYSTEMPATH\CodeIgniter.php(507): CodeIgniter\CodeIgniter->runController(Object(App\Controllers\Admin))
 7 SYSTEMPATH\CodeIgniter.php(354): CodeIgniter\CodeIgniter->handleRequest(null, Object(Config\Cache), false)
 8 SYSTEMPATH\Boot.php(363): CodeIgniter\CodeIgniter->run()
 9 SYSTEMPATH\Boot.php(68): CodeIgniter\Boot::runCodeIgniter(Object(CodeIgniter\CodeIgniter))
10 FCPATH\index.php(59): CodeIgniter\Boot::bootWeb(Object(Config\Paths))
CRITICAL - 2026-03-08 13:45:22 --> [Caused by] mysqli_sql_exception: Cannot add or update a child row: a foreign key constraint fails (`cs_attendance_db`.`attendance`, CONSTRAINT `attendance_ibfk_1` FOREIGN KEY (`student_id`) REFERENCES `users` (`id`))
in SYSTEMPATH\Database\MySQLi\Connection.php on line 327.
 1 SYSTEMPATH\Database\MySQLi\Connection.php(327): mysqli->query('INSERT INTO `attendance` (`student_id`, `event_id`, `time_in`, `status`, `remarks`) VALUES (\'23-a-01647\', \'1\', \'2026-03-08 13:45:22\', \'Present\', \'On Time\')', 0)
 2 SYSTEMPATH\Database\BaseConnection.php(729): CodeIgniter\Database\MySQLi\Connection->execute('INSERT INTO `attendance` (`student_id`, `event_id`, `time_in`, `status`, `remarks`) VALUES (\'23-a-01647\', \'1\', \'2026-03-08 13:45:22\', \'Present\', \'On Time\')')
 3 SYSTEMPATH\Database\BaseConnection.php(646): CodeIgniter\Database\BaseConnection->simpleQuery('INSERT INTO `attendance` (`student_id`, `event_id`, `time_in`, `status`, `remarks`) VALUES (\'23-a-01647\', \'1\', \'2026-03-08 13:45:22\', \'Present\', \'On Time\')')
 4 SYSTEMPATH\Database\BaseBuilder.php(2345): CodeIgniter\Database\BaseConnection->query('INSERT INTO `attendance` (`student_id`, `event_id`, `time_in`, `status`, `remarks`) VALUES (:student_id:, :event_id:, :time_in:, :status:, :remarks:)', [...], false)
 5 APPPATH\Controllers\Admin.php(78): CodeIgniter\Database\BaseBuilder->insert([...])
 6 SYSTEMPATH\CodeIgniter.php(933): App\Controllers\Admin->toggle_attendance('23-a-01647', '1')
 7 SYSTEMPATH\CodeIgniter.php(507): CodeIgniter\CodeIgniter->runController(Object(App\Controllers\Admin))
 8 SYSTEMPATH\CodeIgniter.php(354): CodeIgniter\CodeIgniter->handleRequest(null, Object(Config\Cache), false)
 9 SYSTEMPATH\Boot.php(363): CodeIgniter\CodeIgniter->run()
10 SYSTEMPATH\Boot.php(68): CodeIgniter\Boot::runCodeIgniter(Object(CodeIgniter\CodeIgniter))
11 FCPATH\index.php(59): CodeIgniter\Boot::bootWeb(Object(Config\Paths))
ERROR - 2026-03-08 13:47:04 --> mysqli_sql_exception: Cannot add or update a child row: a foreign key constraint fails (`cs_attendance_db`.`attendance`, CONSTRAINT `attendance_ibfk_1` FOREIGN KEY (`student_id`) REFERENCES `users` (`id`)) in C:\xampp\htdocs\system\system\Database\MySQLi\Connection.php:327
Stack trace:
#0 C:\xampp\htdocs\system\system\Database\MySQLi\Connection.php(327): mysqli->query('INSERT INTO `at...', 0)
#1 C:\xampp\htdocs\system\system\Database\BaseConnection.php(729): CodeIgniter\Database\MySQLi\Connection->execute('INSERT INTO `at...')
#2 C:\xampp\htdocs\system\system\Database\BaseConnection.php(646): CodeIgniter\Database\BaseConnection->simpleQuery('INSERT INTO `at...')
#3 C:\xampp\htdocs\system\system\Database\BaseBuilder.php(2345): CodeIgniter\Database\BaseConnection->query('INSERT INTO `at...', Array, false)
#4 C:\xampp\htdocs\system\app\Controllers\Admin.php(79): CodeIgniter\Database\BaseBuilder->insert(Array)
#5 C:\xampp\htdocs\system\system\CodeIgniter.php(933): App\Controllers\Admin->toggle_attendance('23-a-01234', '1')
#6 C:\xampp\htdocs\system\system\CodeIgniter.php(507): CodeIgniter\CodeIgniter->runController(Object(App\Controllers\Admin))
#7 C:\xampp\htdocs\system\system\CodeIgniter.php(354): CodeIgniter\CodeIgniter->handleRequest(NULL, Object(Config\Cache), false)
#8 C:\xampp\htdocs\system\system\Boot.php(363): CodeIgniter\CodeIgniter->run()
#9 C:\xampp\htdocs\system\system\Boot.php(68): CodeIgniter\Boot::runCodeIgniter(Object(CodeIgniter\CodeIgniter))
#10 C:\xampp\htdocs\system\public\index.php(59): CodeIgniter\Boot::bootWeb(Object(Config\Paths))
#11 {main}
CRITICAL - 2026-03-08 13:47:04 --> CodeIgniter\Database\Exceptions\DatabaseException: Cannot add or update a child row: a foreign key constraint fails (`cs_attendance_db`.`attendance`, CONSTRAINT `attendance_ibfk_1` FOREIGN KEY (`student_id`) REFERENCES `users` (`id`))
[Method: GET, Route: admin/toggle_attendance/23-a-01234/1]
in SYSTEMPATH\Database\BaseConnection.php on line 684.
 1 SYSTEMPATH\Database\BaseBuilder.php(2345): CodeIgniter\Database\BaseConnection->query('INSERT INTO `attendance` (`student_id`, `event_id`, `time_in`, `status`, `remarks`) VALUES (:student_id:, :event_id:, :time_in:, :status:, :remarks:)', [...], false)
 2 APPPATH\Controllers\Admin.php(79): CodeIgniter\Database\BaseBuilder->insert([...])
 3 SYSTEMPATH\CodeIgniter.php(933): App\Controllers\Admin->toggle_attendance('23-a-01234', '1')
 4 SYSTEMPATH\CodeIgniter.php(507): CodeIgniter\CodeIgniter->runController(Object(App\Controllers\Admin))
 5 SYSTEMPATH\CodeIgniter.php(354): CodeIgniter\CodeIgniter->handleRequest(null, Object(Config\Cache), false)
 6 SYSTEMPATH\Boot.php(363): CodeIgniter\CodeIgniter->run()
 7 SYSTEMPATH\Boot.php(68): CodeIgniter\Boot::runCodeIgniter(Object(CodeIgniter\CodeIgniter))
 8 FCPATH\index.php(59): CodeIgniter\Boot::bootWeb(Object(Config\Paths))
CRITICAL - 2026-03-08 13:47:04 --> [Caused by] CodeIgniter\Database\Exceptions\DatabaseException: Cannot add or update a child row: a foreign key constraint fails (`cs_attendance_db`.`attendance`, CONSTRAINT `attendance_ibfk_1` FOREIGN KEY (`student_id`) REFERENCES `users` (`id`))
in SYSTEMPATH\Database\MySQLi\Connection.php on line 332.
 1 SYSTEMPATH\Database\BaseConnection.php(729): CodeIgniter\Database\MySQLi\Connection->execute('INSERT INTO `attendance` (`student_id`, `event_id`, `time_in`, `status`, `remarks`) VALUES (\'23-a-01234\', \'1\', \'2026-03-08 13:47:04\', \'Late\', \'Arrived 2 min(s) late\')')
 2 SYSTEMPATH\Database\BaseConnection.php(646): CodeIgniter\Database\BaseConnection->simpleQuery('INSERT INTO `attendance` (`student_id`, `event_id`, `time_in`, `status`, `remarks`) VALUES (\'23-a-01234\', \'1\', \'2026-03-08 13:47:04\', \'Late\', \'Arrived 2 min(s) late\')')
 3 SYSTEMPATH\Database\BaseBuilder.php(2345): CodeIgniter\Database\BaseConnection->query('INSERT INTO `attendance` (`student_id`, `event_id`, `time_in`, `status`, `remarks`) VALUES (:student_id:, :event_id:, :time_in:, :status:, :remarks:)', [...], false)
 4 APPPATH\Controllers\Admin.php(79): CodeIgniter\Database\BaseBuilder->insert([...])
 5 SYSTEMPATH\CodeIgniter.php(933): App\Controllers\Admin->toggle_attendance('23-a-01234', '1')
 6 SYSTEMPATH\CodeIgniter.php(507): CodeIgniter\CodeIgniter->runController(Object(App\Controllers\Admin))
 7 SYSTEMPATH\CodeIgniter.php(354): CodeIgniter\CodeIgniter->handleRequest(null, Object(Config\Cache), false)
 8 SYSTEMPATH\Boot.php(363): CodeIgniter\CodeIgniter->run()
 9 SYSTEMPATH\Boot.php(68): CodeIgniter\Boot::runCodeIgniter(Object(CodeIgniter\CodeIgniter))
10 FCPATH\index.php(59): CodeIgniter\Boot::bootWeb(Object(Config\Paths))
CRITICAL - 2026-03-08 13:47:04 --> [Caused by] mysqli_sql_exception: Cannot add or update a child row: a foreign key constraint fails (`cs_attendance_db`.`attendance`, CONSTRAINT `attendance_ibfk_1` FOREIGN KEY (`student_id`) REFERENCES `users` (`id`))
in SYSTEMPATH\Database\MySQLi\Connection.php on line 327.
 1 SYSTEMPATH\Database\MySQLi\Connection.php(327): mysqli->query('INSERT INTO `attendance` (`student_id`, `event_id`, `time_in`, `status`, `remarks`) VALUES (\'23-a-01234\', \'1\', \'2026-03-08 13:47:04\', \'Late\', \'Arrived 2 min(s) late\')', 0)
 2 SYSTEMPATH\Database\BaseConnection.php(729): CodeIgniter\Database\MySQLi\Connection->execute('INSERT INTO `attendance` (`student_id`, `event_id`, `time_in`, `status`, `remarks`) VALUES (\'23-a-01234\', \'1\', \'2026-03-08 13:47:04\', \'Late\', \'Arrived 2 min(s) late\')')
 3 SYSTEMPATH\Database\BaseConnection.php(646): CodeIgniter\Database\BaseConnection->simpleQuery('INSERT INTO `attendance` (`student_id`, `event_id`, `time_in`, `status`, `remarks`) VALUES (\'23-a-01234\', \'1\', \'2026-03-08 13:47:04\', \'Late\', \'Arrived 2 min(s) late\')')
 4 SYSTEMPATH\Database\BaseBuilder.php(2345): CodeIgniter\Database\BaseConnection->query('INSERT INTO `attendance` (`student_id`, `event_id`, `time_in`, `status`, `remarks`) VALUES (:student_id:, :event_id:, :time_in:, :status:, :remarks:)', [...], false)
 5 APPPATH\Controllers\Admin.php(79): CodeIgniter\Database\BaseBuilder->insert([...])
 6 SYSTEMPATH\CodeIgniter.php(933): App\Controllers\Admin->toggle_attendance('23-a-01234', '1')
 7 SYSTEMPATH\CodeIgniter.php(507): CodeIgniter\CodeIgniter->runController(Object(App\Controllers\Admin))
 8 SYSTEMPATH\CodeIgniter.php(354): CodeIgniter\CodeIgniter->handleRequest(null, Object(Config\Cache), false)
 9 SYSTEMPATH\Boot.php(363): CodeIgniter\CodeIgniter->run()
10 SYSTEMPATH\Boot.php(68): CodeIgniter\Boot::runCodeIgniter(Object(CodeIgniter\CodeIgniter))
11 FCPATH\index.php(59): CodeIgniter\Boot::bootWeb(Object(Config\Paths))
ERROR - 2026-03-08 13:47:19 --> mysqli_sql_exception: Cannot add or update a child row: a foreign key constraint fails (`cs_attendance_db`.`attendance`, CONSTRAINT `attendance_ibfk_1` FOREIGN KEY (`student_id`) REFERENCES `users` (`id`)) in C:\xampp\htdocs\system\system\Database\MySQLi\Connection.php:327
Stack trace:
#0 C:\xampp\htdocs\system\system\Database\MySQLi\Connection.php(327): mysqli->query('INSERT INTO `at...', 0)
#1 C:\xampp\htdocs\system\system\Database\BaseConnection.php(729): CodeIgniter\Database\MySQLi\Connection->execute('INSERT INTO `at...')
#2 C:\xampp\htdocs\system\system\Database\BaseConnection.php(646): CodeIgniter\Database\BaseConnection->simpleQuery('INSERT INTO `at...')
#3 C:\xampp\htdocs\system\system\Database\BaseBuilder.php(2345): CodeIgniter\Database\BaseConnection->query('INSERT INTO `at...', Array, false)
#4 C:\xampp\htdocs\system\app\Controllers\Admin.php(81): CodeIgniter\Database\BaseBuilder->insert(Array)
#5 C:\xampp\htdocs\system\system\CodeIgniter.php(933): App\Controllers\Admin->toggle_attendance('23-a-01234', '1')
#6 C:\xampp\htdocs\system\system\CodeIgniter.php(507): CodeIgniter\CodeIgniter->runController(Object(App\Controllers\Admin))
#7 C:\xampp\htdocs\system\system\CodeIgniter.php(354): CodeIgniter\CodeIgniter->handleRequest(NULL, Object(Config\Cache), false)
#8 C:\xampp\htdocs\system\system\Boot.php(363): CodeIgniter\CodeIgniter->run()
#9 C:\xampp\htdocs\system\system\Boot.php(68): CodeIgniter\Boot::runCodeIgniter(Object(CodeIgniter\CodeIgniter))
#10 C:\xampp\htdocs\system\public\index.php(59): CodeIgniter\Boot::bootWeb(Object(Config\Paths))
#11 {main}
CRITICAL - 2026-03-08 13:47:19 --> CodeIgniter\Database\Exceptions\DatabaseException: Cannot add or update a child row: a foreign key constraint fails (`cs_attendance_db`.`attendance`, CONSTRAINT `attendance_ibfk_1` FOREIGN KEY (`student_id`) REFERENCES `users` (`id`))
[Method: GET, Route: admin/toggle_attendance/23-a-01234/1]
in SYSTEMPATH\Database\BaseConnection.php on line 684.
 1 SYSTEMPATH\Database\BaseBuilder.php(2345): CodeIgniter\Database\BaseConnection->query('INSERT INTO `attendance` (`student_id`, `event_id`, `time_in`, `status`, `remarks`) VALUES (:student_id:, :event_id:, :time_in:, :status:, :remarks:)', [...], false)
 2 APPPATH\Controllers\Admin.php(81): CodeIgniter\Database\BaseBuilder->insert([...])
 3 SYSTEMPATH\CodeIgniter.php(933): App\Controllers\Admin->toggle_attendance('23-a-01234', '1')
 4 SYSTEMPATH\CodeIgniter.php(507): CodeIgniter\CodeIgniter->runController(Object(App\Controllers\Admin))
 5 SYSTEMPATH\CodeIgniter.php(354): CodeIgniter\CodeIgniter->handleRequest(null, Object(Config\Cache), false)
 6 SYSTEMPATH\Boot.php(363): CodeIgniter\CodeIgniter->run()
 7 SYSTEMPATH\Boot.php(68): CodeIgniter\Boot::runCodeIgniter(Object(CodeIgniter\CodeIgniter))
 8 FCPATH\index.php(59): CodeIgniter\Boot::bootWeb(Object(Config\Paths))
CRITICAL - 2026-03-08 13:47:19 --> [Caused by] CodeIgniter\Database\Exceptions\DatabaseException: Cannot add or update a child row: a foreign key constraint fails (`cs_attendance_db`.`attendance`, CONSTRAINT `attendance_ibfk_1` FOREIGN KEY (`student_id`) REFERENCES `users` (`id`))
in SYSTEMPATH\Database\MySQLi\Connection.php on line 332.
 1 SYSTEMPATH\Database\BaseConnection.php(729): CodeIgniter\Database\MySQLi\Connection->execute('INSERT INTO `attendance` (`student_id`, `event_id`, `time_in`, `status`, `remarks`) VALUES (\'23-a-01234\', \'1\', \'2026-03-08 13:47:19\', \'Late\', \'Arrived 2 min(s) late\')')
 2 SYSTEMPATH\Database\BaseConnection.php(646): CodeIgniter\Database\BaseConnection->simpleQuery('INSERT INTO `attendance` (`student_id`, `event_id`, `time_in`, `status`, `remarks`) VALUES (\'23-a-01234\', \'1\', \'2026-03-08 13:47:19\', \'Late\', \'Arrived 2 min(s) late\')')
 3 SYSTEMPATH\Database\BaseBuilder.php(2345): CodeIgniter\Database\BaseConnection->query('INSERT INTO `attendance` (`student_id`, `event_id`, `time_in`, `status`, `remarks`) VALUES (:student_id:, :event_id:, :time_in:, :status:, :remarks:)', [...], false)
 4 APPPATH\Controllers\Admin.php(81): CodeIgniter\Database\BaseBuilder->insert([...])
 5 SYSTEMPATH\CodeIgniter.php(933): App\Controllers\Admin->toggle_attendance('23-a-01234', '1')
 6 SYSTEMPATH\CodeIgniter.php(507): CodeIgniter\CodeIgniter->runController(Object(App\Controllers\Admin))
 7 SYSTEMPATH\CodeIgniter.php(354): CodeIgniter\CodeIgniter->handleRequest(null, Object(Config\Cache), false)
 8 SYSTEMPATH\Boot.php(363): CodeIgniter\CodeIgniter->run()
 9 SYSTEMPATH\Boot.php(68): CodeIgniter\Boot::runCodeIgniter(Object(CodeIgniter\CodeIgniter))
10 FCPATH\index.php(59): CodeIgniter\Boot::bootWeb(Object(Config\Paths))
CRITICAL - 2026-03-08 13:47:19 --> [Caused by] mysqli_sql_exception: Cannot add or update a child row: a foreign key constraint fails (`cs_attendance_db`.`attendance`, CONSTRAINT `attendance_ibfk_1` FOREIGN KEY (`student_id`) REFERENCES `users` (`id`))
in SYSTEMPATH\Database\MySQLi\Connection.php on line 327.
 1 SYSTEMPATH\Database\MySQLi\Connection.php(327): mysqli->query('INSERT INTO `attendance` (`student_id`, `event_id`, `time_in`, `status`, `remarks`) VALUES (\'23-a-01234\', \'1\', \'2026-03-08 13:47:19\', \'Late\', \'Arrived 2 min(s) late\')', 0)
 2 SYSTEMPATH\Database\BaseConnection.php(729): CodeIgniter\Database\MySQLi\Connection->execute('INSERT INTO `attendance` (`student_id`, `event_id`, `time_in`, `status`, `remarks`) VALUES (\'23-a-01234\', \'1\', \'2026-03-08 13:47:19\', \'Late\', \'Arrived 2 min(s) late\')')
 3 SYSTEMPATH\Database\BaseConnection.php(646): CodeIgniter\Database\BaseConnection->simpleQuery('INSERT INTO `attendance` (`student_id`, `event_id`, `time_in`, `status`, `remarks`) VALUES (\'23-a-01234\', \'1\', \'2026-03-08 13:47:19\', \'Late\', \'Arrived 2 min(s) late\')')
 4 SYSTEMPATH\Database\BaseBuilder.php(2345): CodeIgniter\Database\BaseConnection->query('INSERT INTO `attendance` (`student_id`, `event_id`, `time_in`, `status`, `remarks`) VALUES (:student_id:, :event_id:, :time_in:, :status:, :remarks:)', [...], false)
 5 APPPATH\Controllers\Admin.php(81): CodeIgniter\Database\BaseBuilder->insert([...])
 6 SYSTEMPATH\CodeIgniter.php(933): App\Controllers\Admin->toggle_attendance('23-a-01234', '1')
 7 SYSTEMPATH\CodeIgniter.php(507): CodeIgniter\CodeIgniter->runController(Object(App\Controllers\Admin))
 8 SYSTEMPATH\CodeIgniter.php(354): CodeIgniter\CodeIgniter->handleRequest(null, Object(Config\Cache), false)
 9 SYSTEMPATH\Boot.php(363): CodeIgniter\CodeIgniter->run()
10 SYSTEMPATH\Boot.php(68): CodeIgniter\Boot::runCodeIgniter(Object(CodeIgniter\CodeIgniter))
11 FCPATH\index.php(59): CodeIgniter\Boot::bootWeb(Object(Config\Paths))
ERROR - 2026-03-08 13:47:45 --> mysqli_sql_exception: Cannot add or update a child row: a foreign key constraint fails (`cs_attendance_db`.`attendance`, CONSTRAINT `attendance_ibfk_1` FOREIGN KEY (`student_id`) REFERENCES `users` (`id`)) in C:\xampp\htdocs\system\system\Database\MySQLi\Connection.php:327
Stack trace:
#0 C:\xampp\htdocs\system\system\Database\MySQLi\Connection.php(327): mysqli->query('INSERT INTO `at...', 0)
#1 C:\xampp\htdocs\system\system\Database\BaseConnection.php(729): CodeIgniter\Database\MySQLi\Connection->execute('INSERT INTO `at...')
#2 C:\xampp\htdocs\system\system\Database\BaseConnection.php(646): CodeIgniter\Database\BaseConnection->simpleQuery('INSERT INTO `at...')
#3 C:\xampp\htdocs\system\system\Database\BaseBuilder.php(2345): CodeIgniter\Database\BaseConnection->query('INSERT INTO `at...', Array, false)
#4 C:\xampp\htdocs\system\app\Controllers\Admin.php(81): CodeIgniter\Database\BaseBuilder->insert(Array)
#5 C:\xampp\htdocs\system\system\CodeIgniter.php(933): App\Controllers\Admin->toggle_attendance('23-a-01234', '1')
#6 C:\xampp\htdocs\system\system\CodeIgniter.php(507): CodeIgniter\CodeIgniter->runController(Object(App\Controllers\Admin))
#7 C:\xampp\htdocs\system\system\CodeIgniter.php(354): CodeIgniter\CodeIgniter->handleRequest(NULL, Object(Config\Cache), false)
#8 C:\xampp\htdocs\system\system\Boot.php(363): CodeIgniter\CodeIgniter->run()
#9 C:\xampp\htdocs\system\system\Boot.php(68): CodeIgniter\Boot::runCodeIgniter(Object(CodeIgniter\CodeIgniter))
#10 C:\xampp\htdocs\system\public\index.php(59): CodeIgniter\Boot::bootWeb(Object(Config\Paths))
#11 {main}
CRITICAL - 2026-03-08 13:47:45 --> CodeIgniter\Database\Exceptions\DatabaseException: Cannot add or update a child row: a foreign key constraint fails (`cs_attendance_db`.`attendance`, CONSTRAINT `attendance_ibfk_1` FOREIGN KEY (`student_id`) REFERENCES `users` (`id`))
[Method: GET, Route: admin/toggle_attendance/23-a-01234/1]
in SYSTEMPATH\Database\BaseConnection.php on line 684.
 1 SYSTEMPATH\Database\BaseBuilder.php(2345): CodeIgniter\Database\BaseConnection->query('INSERT INTO `attendance` (`student_id`, `event_id`, `time_in`, `status`, `remarks`) VALUES (:student_id:, :event_id:, :time_in:, :status:, :remarks:)', [...], false)
 2 APPPATH\Controllers\Admin.php(81): CodeIgniter\Database\BaseBuilder->insert([...])
 3 SYSTEMPATH\CodeIgniter.php(933): App\Controllers\Admin->toggle_attendance('23-a-01234', '1')
 4 SYSTEMPATH\CodeIgniter.php(507): CodeIgniter\CodeIgniter->runController(Object(App\Controllers\Admin))
 5 SYSTEMPATH\CodeIgniter.php(354): CodeIgniter\CodeIgniter->handleRequest(null, Object(Config\Cache), false)
 6 SYSTEMPATH\Boot.php(363): CodeIgniter\CodeIgniter->run()
 7 SYSTEMPATH\Boot.php(68): CodeIgniter\Boot::runCodeIgniter(Object(CodeIgniter\CodeIgniter))
 8 FCPATH\index.php(59): CodeIgniter\Boot::bootWeb(Object(Config\Paths))
CRITICAL - 2026-03-08 13:47:45 --> [Caused by] CodeIgniter\Database\Exceptions\DatabaseException: Cannot add or update a child row: a foreign key constraint fails (`cs_attendance_db`.`attendance`, CONSTRAINT `attendance_ibfk_1` FOREIGN KEY (`student_id`) REFERENCES `users` (`id`))
in SYSTEMPATH\Database\MySQLi\Connection.php on line 332.
 1 SYSTEMPATH\Database\BaseConnection.php(729): CodeIgniter\Database\MySQLi\Connection->execute('INSERT INTO `attendance` (`student_id`, `event_id`, `time_in`, `status`, `remarks`) VALUES (\'23-a-01234\', \'1\', \'2026-03-08 13:47:45\', \'Late\', \'Arrived 2 min(s) late\')')
 2 SYSTEMPATH\Database\BaseConnection.php(646): CodeIgniter\Database\BaseConnection->simpleQuery('INSERT INTO `attendance` (`student_id`, `event_id`, `time_in`, `status`, `remarks`) VALUES (\'23-a-01234\', \'1\', \'2026-03-08 13:47:45\', \'Late\', \'Arrived 2 min(s) late\')')
 3 SYSTEMPATH\Database\BaseBuilder.php(2345): CodeIgniter\Database\BaseConnection->query('INSERT INTO `attendance` (`student_id`, `event_id`, `time_in`, `status`, `remarks`) VALUES (:student_id:, :event_id:, :time_in:, :status:, :remarks:)', [...], false)
 4 APPPATH\Controllers\Admin.php(81): CodeIgniter\Database\BaseBuilder->insert([...])
 5 SYSTEMPATH\CodeIgniter.php(933): App\Controllers\Admin->toggle_attendance('23-a-01234', '1')
 6 SYSTEMPATH\CodeIgniter.php(507): CodeIgniter\CodeIgniter->runController(Object(App\Controllers\Admin))
 7 SYSTEMPATH\CodeIgniter.php(354): CodeIgniter\CodeIgniter->handleRequest(null, Object(Config\Cache), false)
 8 SYSTEMPATH\Boot.php(363): CodeIgniter\CodeIgniter->run()
 9 SYSTEMPATH\Boot.php(68): CodeIgniter\Boot::runCodeIgniter(Object(CodeIgniter\CodeIgniter))
10 FCPATH\index.php(59): CodeIgniter\Boot::bootWeb(Object(Config\Paths))
CRITICAL - 2026-03-08 13:47:45 --> [Caused by] mysqli_sql_exception: Cannot add or update a child row: a foreign key constraint fails (`cs_attendance_db`.`attendance`, CONSTRAINT `attendance_ibfk_1` FOREIGN KEY (`student_id`) REFERENCES `users` (`id`))
in SYSTEMPATH\Database\MySQLi\Connection.php on line 327.
 1 SYSTEMPATH\Database\MySQLi\Connection.php(327): mysqli->query('INSERT INTO `attendance` (`student_id`, `event_id`, `time_in`, `status`, `remarks`) VALUES (\'23-a-01234\', \'1\', \'2026-03-08 13:47:45\', \'Late\', \'Arrived 2 min(s) late\')', 0)
 2 SYSTEMPATH\Database\BaseConnection.php(729): CodeIgniter\Database\MySQLi\Connection->execute('INSERT INTO `attendance` (`student_id`, `event_id`, `time_in`, `status`, `remarks`) VALUES (\'23-a-01234\', \'1\', \'2026-03-08 13:47:45\', \'Late\', \'Arrived 2 min(s) late\')')
 3 SYSTEMPATH\Database\BaseConnection.php(646): CodeIgniter\Database\BaseConnection->simpleQuery('INSERT INTO `attendance` (`student_id`, `event_id`, `time_in`, `status`, `remarks`) VALUES (\'23-a-01234\', \'1\', \'2026-03-08 13:47:45\', \'Late\', \'Arrived 2 min(s) late\')')
 4 SYSTEMPATH\Database\BaseBuilder.php(2345): CodeIgniter\Database\BaseConnection->query('INSERT INTO `attendance` (`student_id`, `event_id`, `time_in`, `status`, `remarks`) VALUES (:student_id:, :event_id:, :time_in:, :status:, :remarks:)', [...], false)
 5 APPPATH\Controllers\Admin.php(81): CodeIgniter\Database\BaseBuilder->insert([...])
 6 SYSTEMPATH\CodeIgniter.php(933): App\Controllers\Admin->toggle_attendance('23-a-01234', '1')
 7 SYSTEMPATH\CodeIgniter.php(507): CodeIgniter\CodeIgniter->runController(Object(App\Controllers\Admin))
 8 SYSTEMPATH\CodeIgniter.php(354): CodeIgniter\CodeIgniter->handleRequest(null, Object(Config\Cache), false)
 9 SYSTEMPATH\Boot.php(363): CodeIgniter\CodeIgniter->run()
10 SYSTEMPATH\Boot.php(68): CodeIgniter\Boot::runCodeIgniter(Object(CodeIgniter\CodeIgniter))
11 FCPATH\index.php(59): CodeIgniter\Boot::bootWeb(Object(Config\Paths))
ERROR - 2026-03-08 13:48:00 --> mysqli_sql_exception: Cannot add or update a child row: a foreign key constraint fails (`cs_attendance_db`.`attendance`, CONSTRAINT `attendance_ibfk_1` FOREIGN KEY (`student_id`) REFERENCES `users` (`id`)) in C:\xampp\htdocs\system\system\Database\MySQLi\Connection.php:327
Stack trace:
#0 C:\xampp\htdocs\system\system\Database\MySQLi\Connection.php(327): mysqli->query('INSERT INTO `at...', 0)
#1 C:\xampp\htdocs\system\system\Database\BaseConnection.php(729): CodeIgniter\Database\MySQLi\Connection->execute('INSERT INTO `at...')
#2 C:\xampp\htdocs\system\system\Database\BaseConnection.php(646): CodeIgniter\Database\BaseConnection->simpleQuery('INSERT INTO `at...')
#3 C:\xampp\htdocs\system\system\Database\BaseBuilder.php(2345): CodeIgniter\Database\BaseConnection->query('INSERT INTO `at...', Array, false)
#4 C:\xampp\htdocs\system\app\Controllers\Admin.php(81): CodeIgniter\Database\BaseBuilder->insert(Array)
#5 C:\xampp\htdocs\system\system\CodeIgniter.php(933): App\Controllers\Admin->toggle_attendance('23-a-01647', '1')
#6 C:\xampp\htdocs\system\system\CodeIgniter.php(507): CodeIgniter\CodeIgniter->runController(Object(App\Controllers\Admin))
#7 C:\xampp\htdocs\system\system\CodeIgniter.php(354): CodeIgniter\CodeIgniter->handleRequest(NULL, Object(Config\Cache), false)
#8 C:\xampp\htdocs\system\system\Boot.php(363): CodeIgniter\CodeIgniter->run()
#9 C:\xampp\htdocs\system\system\Boot.php(68): CodeIgniter\Boot::runCodeIgniter(Object(CodeIgniter\CodeIgniter))
#10 C:\xampp\htdocs\system\public\index.php(59): CodeIgniter\Boot::bootWeb(Object(Config\Paths))
#11 {main}
CRITICAL - 2026-03-08 13:48:00 --> CodeIgniter\Database\Exceptions\DatabaseException: Cannot add or update a child row: a foreign key constraint fails (`cs_attendance_db`.`attendance`, CONSTRAINT `attendance_ibfk_1` FOREIGN KEY (`student_id`) REFERENCES `users` (`id`))
[Method: GET, Route: admin/toggle_attendance/23-a-01647/1]
in SYSTEMPATH\Database\BaseConnection.php on line 684.
 1 SYSTEMPATH\Database\BaseBuilder.php(2345): CodeIgniter\Database\BaseConnection->query('INSERT INTO `attendance` (`student_id`, `event_id`, `time_in`, `status`, `remarks`) VALUES (:student_id:, :event_id:, :time_in:, :status:, :remarks:)', [...], false)
 2 APPPATH\Controllers\Admin.php(81): CodeIgniter\Database\BaseBuilder->insert([...])
 3 SYSTEMPATH\CodeIgniter.php(933): App\Controllers\Admin->toggle_attendance('23-a-01647', '1')
 4 SYSTEMPATH\CodeIgniter.php(507): CodeIgniter\CodeIgniter->runController(Object(App\Controllers\Admin))
 5 SYSTEMPATH\CodeIgniter.php(354): CodeIgniter\CodeIgniter->handleRequest(null, Object(Config\Cache), false)
 6 SYSTEMPATH\Boot.php(363): CodeIgniter\CodeIgniter->run()
 7 SYSTEMPATH\Boot.php(68): CodeIgniter\Boot::runCodeIgniter(Object(CodeIgniter\CodeIgniter))
 8 FCPATH\index.php(59): CodeIgniter\Boot::bootWeb(Object(Config\Paths))
CRITICAL - 2026-03-08 13:48:00 --> [Caused by] CodeIgniter\Database\Exceptions\DatabaseException: Cannot add or update a child row: a foreign key constraint fails (`cs_attendance_db`.`attendance`, CONSTRAINT `attendance_ibfk_1` FOREIGN KEY (`student_id`) REFERENCES `users` (`id`))
in SYSTEMPATH\Database\MySQLi\Connection.php on line 332.
 1 SYSTEMPATH\Database\BaseConnection.php(729): CodeIgniter\Database\MySQLi\Connection->execute('INSERT INTO `attendance` (`student_id`, `event_id`, `time_in`, `status`, `remarks`) VALUES (\'23-a-01647\', \'1\', \'2026-03-08 13:48:00\', \'Late\', \'Arrived 3 min(s) late\')')
 2 SYSTEMPATH\Database\BaseConnection.php(646): CodeIgniter\Database\BaseConnection->simpleQuery('INSERT INTO `attendance` (`student_id`, `event_id`, `time_in`, `status`, `remarks`) VALUES (\'23-a-01647\', \'1\', \'2026-03-08 13:48:00\', \'Late\', \'Arrived 3 min(s) late\')')
 3 SYSTEMPATH\Database\BaseBuilder.php(2345): CodeIgniter\Database\BaseConnection->query('INSERT INTO `attendance` (`student_id`, `event_id`, `time_in`, `status`, `remarks`) VALUES (:student_id:, :event_id:, :time_in:, :status:, :remarks:)', [...], false)
 4 APPPATH\Controllers\Admin.php(81): CodeIgniter\Database\BaseBuilder->insert([...])
 5 SYSTEMPATH\CodeIgniter.php(933): App\Controllers\Admin->toggle_attendance('23-a-01647', '1')
 6 SYSTEMPATH\CodeIgniter.php(507): CodeIgniter\CodeIgniter->runController(Object(App\Controllers\Admin))
 7 SYSTEMPATH\CodeIgniter.php(354): CodeIgniter\CodeIgniter->handleRequest(null, Object(Config\Cache), false)
 8 SYSTEMPATH\Boot.php(363): CodeIgniter\CodeIgniter->run()
 9 SYSTEMPATH\Boot.php(68): CodeIgniter\Boot::runCodeIgniter(Object(CodeIgniter\CodeIgniter))
10 FCPATH\index.php(59): CodeIgniter\Boot::bootWeb(Object(Config\Paths))
CRITICAL - 2026-03-08 13:48:00 --> [Caused by] mysqli_sql_exception: Cannot add or update a child row: a foreign key constraint fails (`cs_attendance_db`.`attendance`, CONSTRAINT `attendance_ibfk_1` FOREIGN KEY (`student_id`) REFERENCES `users` (`id`))
in SYSTEMPATH\Database\MySQLi\Connection.php on line 327.
 1 SYSTEMPATH\Database\MySQLi\Connection.php(327): mysqli->query('INSERT INTO `attendance` (`student_id`, `event_id`, `time_in`, `status`, `remarks`) VALUES (\'23-a-01647\', \'1\', \'2026-03-08 13:48:00\', \'Late\', \'Arrived 3 min(s) late\')', 0)
 2 SYSTEMPATH\Database\BaseConnection.php(729): CodeIgniter\Database\MySQLi\Connection->execute('INSERT INTO `attendance` (`student_id`, `event_id`, `time_in`, `status`, `remarks`) VALUES (\'23-a-01647\', \'1\', \'2026-03-08 13:48:00\', \'Late\', \'Arrived 3 min(s) late\')')
 3 SYSTEMPATH\Database\BaseConnection.php(646): CodeIgniter\Database\BaseConnection->simpleQuery('INSERT INTO `attendance` (`student_id`, `event_id`, `time_in`, `status`, `remarks`) VALUES (\'23-a-01647\', \'1\', \'2026-03-08 13:48:00\', \'Late\', \'Arrived 3 min(s) late\')')
 4 SYSTEMPATH\Database\BaseBuilder.php(2345): CodeIgniter\Database\BaseConnection->query('INSERT INTO `attendance` (`student_id`, `event_id`, `time_in`, `status`, `remarks`) VALUES (:student_id:, :event_id:, :time_in:, :status:, :remarks:)', [...], false)
 5 APPPATH\Controllers\Admin.php(81): CodeIgniter\Database\BaseBuilder->insert([...])
 6 SYSTEMPATH\CodeIgniter.php(933): App\Controllers\Admin->toggle_attendance('23-a-01647', '1')
 7 SYSTEMPATH\CodeIgniter.php(507): CodeIgniter\CodeIgniter->runController(Object(App\Controllers\Admin))
 8 SYSTEMPATH\CodeIgniter.php(354): CodeIgniter\CodeIgniter->handleRequest(null, Object(Config\Cache), false)
 9 SYSTEMPATH\Boot.php(363): CodeIgniter\CodeIgniter->run()
10 SYSTEMPATH\Boot.php(68): CodeIgniter\Boot::runCodeIgniter(Object(CodeIgniter\CodeIgniter))
11 FCPATH\index.php(59): CodeIgniter\Boot::bootWeb(Object(Config\Paths))
ERROR - 2026-03-08 13:48:27 --> mysqli_sql_exception: Cannot add or update a child row: a foreign key constraint fails (`cs_attendance_db`.`attendance`, CONSTRAINT `attendance_ibfk_1` FOREIGN KEY (`student_id`) REFERENCES `users` (`id`)) in C:\xampp\htdocs\system\system\Database\MySQLi\Connection.php:327
Stack trace:
#0 C:\xampp\htdocs\system\system\Database\MySQLi\Connection.php(327): mysqli->query('INSERT INTO `at...', 0)
#1 C:\xampp\htdocs\system\system\Database\BaseConnection.php(729): CodeIgniter\Database\MySQLi\Connection->execute('INSERT INTO `at...')
#2 C:\xampp\htdocs\system\system\Database\BaseConnection.php(646): CodeIgniter\Database\BaseConnection->simpleQuery('INSERT INTO `at...')
#3 C:\xampp\htdocs\system\system\Database\BaseBuilder.php(2345): CodeIgniter\Database\BaseConnection->query('INSERT INTO `at...', Array, false)
#4 C:\xampp\htdocs\system\app\Controllers\Admin.php(81): CodeIgniter\Database\BaseBuilder->insert(Array)
#5 C:\xampp\htdocs\system\system\CodeIgniter.php(933): App\Controllers\Admin->toggle_attendance('23-a-01647', '1')
#6 C:\xampp\htdocs\system\system\CodeIgniter.php(507): CodeIgniter\CodeIgniter->runController(Object(App\Controllers\Admin))
#7 C:\xampp\htdocs\system\system\CodeIgniter.php(354): CodeIgniter\CodeIgniter->handleRequest(NULL, Object(Config\Cache), false)
#8 C:\xampp\htdocs\system\system\Boot.php(363): CodeIgniter\CodeIgniter->run()
#9 C:\xampp\htdocs\system\system\Boot.php(68): CodeIgniter\Boot::runCodeIgniter(Object(CodeIgniter\CodeIgniter))
#10 C:\xampp\htdocs\system\public\index.php(59): CodeIgniter\Boot::bootWeb(Object(Config\Paths))
#11 {main}
CRITICAL - 2026-03-08 13:48:27 --> CodeIgniter\Database\Exceptions\DatabaseException: Cannot add or update a child row: a foreign key constraint fails (`cs_attendance_db`.`attendance`, CONSTRAINT `attendance_ibfk_1` FOREIGN KEY (`student_id`) REFERENCES `users` (`id`))
[Method: GET, Route: admin/toggle_attendance/23-a-01647/1]
in SYSTEMPATH\Database\BaseConnection.php on line 684.
 1 SYSTEMPATH\Database\BaseBuilder.php(2345): CodeIgniter\Database\BaseConnection->query('INSERT INTO `attendance` (`student_id`, `event_id`, `time_in`, `status`, `remarks`) VALUES (:student_id:, :event_id:, :time_in:, :status:, :remarks:)', [...], false)
 2 APPPATH\Controllers\Admin.php(81): CodeIgniter\Database\BaseBuilder->insert([...])
 3 SYSTEMPATH\CodeIgniter.php(933): App\Controllers\Admin->toggle_attendance('23-a-01647', '1')
 4 SYSTEMPATH\CodeIgniter.php(507): CodeIgniter\CodeIgniter->runController(Object(App\Controllers\Admin))
 5 SYSTEMPATH\CodeIgniter.php(354): CodeIgniter\CodeIgniter->handleRequest(null, Object(Config\Cache), false)
 6 SYSTEMPATH\Boot.php(363): CodeIgniter\CodeIgniter->run()
 7 SYSTEMPATH\Boot.php(68): CodeIgniter\Boot::runCodeIgniter(Object(CodeIgniter\CodeIgniter))
 8 FCPATH\index.php(59): CodeIgniter\Boot::bootWeb(Object(Config\Paths))
CRITICAL - 2026-03-08 13:48:27 --> [Caused by] CodeIgniter\Database\Exceptions\DatabaseException: Cannot add or update a child row: a foreign key constraint fails (`cs_attendance_db`.`attendance`, CONSTRAINT `attendance_ibfk_1` FOREIGN KEY (`student_id`) REFERENCES `users` (`id`))
in SYSTEMPATH\Database\MySQLi\Connection.php on line 332.
 1 SYSTEMPATH\Database\BaseConnection.php(729): CodeIgniter\Database\MySQLi\Connection->execute('INSERT INTO `attendance` (`student_id`, `event_id`, `time_in`, `status`, `remarks`) VALUES (\'23-a-01647\', \'1\', \'2026-03-08 13:48:27\', \'Late\', \'Arrived 3 min(s) late\')')
 2 SYSTEMPATH\Database\BaseConnection.php(646): CodeIgniter\Database\BaseConnection->simpleQuery('INSERT INTO `attendance` (`student_id`, `event_id`, `time_in`, `status`, `remarks`) VALUES (\'23-a-01647\', \'1\', \'2026-03-08 13:48:27\', \'Late\', \'Arrived 3 min(s) late\')')
 3 SYSTEMPATH\Database\BaseBuilder.php(2345): CodeIgniter\Database\BaseConnection->query('INSERT INTO `attendance` (`student_id`, `event_id`, `time_in`, `status`, `remarks`) VALUES (:student_id:, :event_id:, :time_in:, :status:, :remarks:)', [...], false)
 4 APPPATH\Controllers\Admin.php(81): CodeIgniter\Database\BaseBuilder->insert([...])
 5 SYSTEMPATH\CodeIgniter.php(933): App\Controllers\Admin->toggle_attendance('23-a-01647', '1')
 6 SYSTEMPATH\CodeIgniter.php(507): CodeIgniter\CodeIgniter->runController(Object(App\Controllers\Admin))
 7 SYSTEMPATH\CodeIgniter.php(354): CodeIgniter\CodeIgniter->handleRequest(null, Object(Config\Cache), false)
 8 SYSTEMPATH\Boot.php(363): CodeIgniter\CodeIgniter->run()
 9 SYSTEMPATH\Boot.php(68): CodeIgniter\Boot::runCodeIgniter(Object(CodeIgniter\CodeIgniter))
10 FCPATH\index.php(59): CodeIgniter\Boot::bootWeb(Object(Config\Paths))
CRITICAL - 2026-03-08 13:48:27 --> [Caused by] mysqli_sql_exception: Cannot add or update a child row: a foreign key constraint fails (`cs_attendance_db`.`attendance`, CONSTRAINT `attendance_ibfk_1` FOREIGN KEY (`student_id`) REFERENCES `users` (`id`))
in SYSTEMPATH\Database\MySQLi\Connection.php on line 327.
 1 SYSTEMPATH\Database\MySQLi\Connection.php(327): mysqli->query('INSERT INTO `attendance` (`student_id`, `event_id`, `time_in`, `status`, `remarks`) VALUES (\'23-a-01647\', \'1\', \'2026-03-08 13:48:27\', \'Late\', \'Arrived 3 min(s) late\')', 0)
 2 SYSTEMPATH\Database\BaseConnection.php(729): CodeIgniter\Database\MySQLi\Connection->execute('INSERT INTO `attendance` (`student_id`, `event_id`, `time_in`, `status`, `remarks`) VALUES (\'23-a-01647\', \'1\', \'2026-03-08 13:48:27\', \'Late\', \'Arrived 3 min(s) late\')')
 3 SYSTEMPATH\Database\BaseConnection.php(646): CodeIgniter\Database\BaseConnection->simpleQuery('INSERT INTO `attendance` (`student_id`, `event_id`, `time_in`, `status`, `remarks`) VALUES (\'23-a-01647\', \'1\', \'2026-03-08 13:48:27\', \'Late\', \'Arrived 3 min(s) late\')')
 4 SYSTEMPATH\Database\BaseBuilder.php(2345): CodeIgniter\Database\BaseConnection->query('INSERT INTO `attendance` (`student_id`, `event_id`, `time_in`, `status`, `remarks`) VALUES (:student_id:, :event_id:, :time_in:, :status:, :remarks:)', [...], false)
 5 APPPATH\Controllers\Admin.php(81): CodeIgniter\Database\BaseBuilder->insert([...])
 6 SYSTEMPATH\CodeIgniter.php(933): App\Controllers\Admin->toggle_attendance('23-a-01647', '1')
 7 SYSTEMPATH\CodeIgniter.php(507): CodeIgniter\CodeIgniter->runController(Object(App\Controllers\Admin))
 8 SYSTEMPATH\CodeIgniter.php(354): CodeIgniter\CodeIgniter->handleRequest(null, Object(Config\Cache), false)
 9 SYSTEMPATH\Boot.php(363): CodeIgniter\CodeIgniter->run()
10 SYSTEMPATH\Boot.php(68): CodeIgniter\Boot::runCodeIgniter(Object(CodeIgniter\CodeIgniter))
11 FCPATH\index.php(59): CodeIgniter\Boot::bootWeb(Object(Config\Paths))
ERROR - 2026-03-08 13:48:43 --> mysqli_sql_exception: Cannot add or update a child row: a foreign key constraint fails (`cs_attendance_db`.`attendance`, CONSTRAINT `attendance_ibfk_1` FOREIGN KEY (`student_id`) REFERENCES `users` (`id`)) in C:\xampp\htdocs\system\system\Database\MySQLi\Connection.php:327
Stack trace:
#0 C:\xampp\htdocs\system\system\Database\MySQLi\Connection.php(327): mysqli->query('INSERT INTO `at...', 0)
#1 C:\xampp\htdocs\system\system\Database\BaseConnection.php(729): CodeIgniter\Database\MySQLi\Connection->execute('INSERT INTO `at...')
#2 C:\xampp\htdocs\system\system\Database\BaseConnection.php(646): CodeIgniter\Database\BaseConnection->simpleQuery('INSERT INTO `at...')
#3 C:\xampp\htdocs\system\system\Database\BaseBuilder.php(2345): CodeIgniter\Database\BaseConnection->query('INSERT INTO `at...', Array, false)
#4 C:\xampp\htdocs\system\app\Controllers\Admin.php(81): CodeIgniter\Database\BaseBuilder->insert(Array)
#5 C:\xampp\htdocs\system\system\CodeIgniter.php(933): App\Controllers\Admin->toggle_attendance('23-a-01647', '1')
#6 C:\xampp\htdocs\system\system\CodeIgniter.php(507): CodeIgniter\CodeIgniter->runController(Object(App\Controllers\Admin))
#7 C:\xampp\htdocs\system\system\CodeIgniter.php(354): CodeIgniter\CodeIgniter->handleRequest(NULL, Object(Config\Cache), false)
#8 C:\xampp\htdocs\system\system\Boot.php(363): CodeIgniter\CodeIgniter->run()
#9 C:\xampp\htdocs\system\system\Boot.php(68): CodeIgniter\Boot::runCodeIgniter(Object(CodeIgniter\CodeIgniter))
#10 C:\xampp\htdocs\system\public\index.php(59): CodeIgniter\Boot::bootWeb(Object(Config\Paths))
#11 {main}
CRITICAL - 2026-03-08 13:48:43 --> CodeIgniter\Database\Exceptions\DatabaseException: Cannot add or update a child row: a foreign key constraint fails (`cs_attendance_db`.`attendance`, CONSTRAINT `attendance_ibfk_1` FOREIGN KEY (`student_id`) REFERENCES `users` (`id`))
[Method: GET, Route: admin/toggle_attendance/23-a-01647/1]
in SYSTEMPATH\Database\BaseConnection.php on line 684.
 1 SYSTEMPATH\Database\BaseBuilder.php(2345): CodeIgniter\Database\BaseConnection->query('INSERT INTO `attendance` (`student_id`, `event_id`, `time_in`, `status`, `remarks`) VALUES (:student_id:, :event_id:, :time_in:, :status:, :remarks:)', [...], false)
 2 APPPATH\Controllers\Admin.php(81): CodeIgniter\Database\BaseBuilder->insert([...])
 3 SYSTEMPATH\CodeIgniter.php(933): App\Controllers\Admin->toggle_attendance('23-a-01647', '1')
 4 SYSTEMPATH\CodeIgniter.php(507): CodeIgniter\CodeIgniter->runController(Object(App\Controllers\Admin))
 5 SYSTEMPATH\CodeIgniter.php(354): CodeIgniter\CodeIgniter->handleRequest(null, Object(Config\Cache), false)
 6 SYSTEMPATH\Boot.php(363): CodeIgniter\CodeIgniter->run()
 7 SYSTEMPATH\Boot.php(68): CodeIgniter\Boot::runCodeIgniter(Object(CodeIgniter\CodeIgniter))
 8 FCPATH\index.php(59): CodeIgniter\Boot::bootWeb(Object(Config\Paths))
CRITICAL - 2026-03-08 13:48:43 --> [Caused by] CodeIgniter\Database\Exceptions\DatabaseException: Cannot add or update a child row: a foreign key constraint fails (`cs_attendance_db`.`attendance`, CONSTRAINT `attendance_ibfk_1` FOREIGN KEY (`student_id`) REFERENCES `users` (`id`))
in SYSTEMPATH\Database\MySQLi\Connection.php on line 332.
 1 SYSTEMPATH\Database\BaseConnection.php(729): CodeIgniter\Database\MySQLi\Connection->execute('INSERT INTO `attendance` (`student_id`, `event_id`, `time_in`, `status`, `remarks`) VALUES (\'23-a-01647\', \'1\', \'2026-03-08 13:48:43\', \'Late\', \'Arrived 3 min(s) late\')')
 2 SYSTEMPATH\Database\BaseConnection.php(646): CodeIgniter\Database\BaseConnection->simpleQuery('INSERT INTO `attendance` (`student_id`, `event_id`, `time_in`, `status`, `remarks`) VALUES (\'23-a-01647\', \'1\', \'2026-03-08 13:48:43\', \'Late\', \'Arrived 3 min(s) late\')')
 3 SYSTEMPATH\Database\BaseBuilder.php(2345): CodeIgniter\Database\BaseConnection->query('INSERT INTO `attendance` (`student_id`, `event_id`, `time_in`, `status`, `remarks`) VALUES (:student_id:, :event_id:, :time_in:, :status:, :remarks:)', [...], false)
 4 APPPATH\Controllers\Admin.php(81): CodeIgniter\Database\BaseBuilder->insert([...])
 5 SYSTEMPATH\CodeIgniter.php(933): App\Controllers\Admin->toggle_attendance('23-a-01647', '1')
 6 SYSTEMPATH\CodeIgniter.php(507): CodeIgniter\CodeIgniter->runController(Object(App\Controllers\Admin))
 7 SYSTEMPATH\CodeIgniter.php(354): CodeIgniter\CodeIgniter->handleRequest(null, Object(Config\Cache), false)
 8 SYSTEMPATH\Boot.php(363): CodeIgniter\CodeIgniter->run()
 9 SYSTEMPATH\Boot.php(68): CodeIgniter\Boot::runCodeIgniter(Object(CodeIgniter\CodeIgniter))
10 FCPATH\index.php(59): CodeIgniter\Boot::bootWeb(Object(Config\Paths))
CRITICAL - 2026-03-08 13:48:43 --> [Caused by] mysqli_sql_exception: Cannot add or update a child row: a foreign key constraint fails (`cs_attendance_db`.`attendance`, CONSTRAINT `attendance_ibfk_1` FOREIGN KEY (`student_id`) REFERENCES `users` (`id`))
in SYSTEMPATH\Database\MySQLi\Connection.php on line 327.
 1 SYSTEMPATH\Database\MySQLi\Connection.php(327): mysqli->query('INSERT INTO `attendance` (`student_id`, `event_id`, `time_in`, `status`, `remarks`) VALUES (\'23-a-01647\', \'1\', \'2026-03-08 13:48:43\', \'Late\', \'Arrived 3 min(s) late\')', 0)
 2 SYSTEMPATH\Database\BaseConnection.php(729): CodeIgniter\Database\MySQLi\Connection->execute('INSERT INTO `attendance` (`student_id`, `event_id`, `time_in`, `status`, `remarks`) VALUES (\'23-a-01647\', \'1\', \'2026-03-08 13:48:43\', \'Late\', \'Arrived 3 min(s) late\')')
 3 SYSTEMPATH\Database\BaseConnection.php(646): CodeIgniter\Database\BaseConnection->simpleQuery('INSERT INTO `attendance` (`student_id`, `event_id`, `time_in`, `status`, `remarks`) VALUES (\'23-a-01647\', \'1\', \'2026-03-08 13:48:43\', \'Late\', \'Arrived 3 min(s) late\')')
 4 SYSTEMPATH\Database\BaseBuilder.php(2345): CodeIgniter\Database\BaseConnection->query('INSERT INTO `attendance` (`student_id`, `event_id`, `time_in`, `status`, `remarks`) VALUES (:student_id:, :event_id:, :time_in:, :status:, :remarks:)', [...], false)
 5 APPPATH\Controllers\Admin.php(81): CodeIgniter\Database\BaseBuilder->insert([...])
 6 SYSTEMPATH\CodeIgniter.php(933): App\Controllers\Admin->toggle_attendance('23-a-01647', '1')
 7 SYSTEMPATH\CodeIgniter.php(507): CodeIgniter\CodeIgniter->runController(Object(App\Controllers\Admin))
 8 SYSTEMPATH\CodeIgniter.php(354): CodeIgniter\CodeIgniter->handleRequest(null, Object(Config\Cache), false)
 9 SYSTEMPATH\Boot.php(363): CodeIgniter\CodeIgniter->run()
10 SYSTEMPATH\Boot.php(68): CodeIgniter\Boot::runCodeIgniter(Object(CodeIgniter\CodeIgniter))
11 FCPATH\index.php(59): CodeIgniter\Boot::bootWeb(Object(Config\Paths))
ERROR - 2026-03-08 13:48:58 --> mysqli_sql_exception: Cannot add or update a child row: a foreign key constraint fails (`cs_attendance_db`.`attendance`, CONSTRAINT `attendance_ibfk_1` FOREIGN KEY (`student_id`) REFERENCES `users` (`id`)) in C:\xampp\htdocs\system\system\Database\MySQLi\Connection.php:327
Stack trace:
#0 C:\xampp\htdocs\system\system\Database\MySQLi\Connection.php(327): mysqli->query('INSERT INTO `at...', 0)
#1 C:\xampp\htdocs\system\system\Database\BaseConnection.php(729): CodeIgniter\Database\MySQLi\Connection->execute('INSERT INTO `at...')
#2 C:\xampp\htdocs\system\system\Database\BaseConnection.php(646): CodeIgniter\Database\BaseConnection->simpleQuery('INSERT INTO `at...')
#3 C:\xampp\htdocs\system\system\Database\BaseBuilder.php(2345): CodeIgniter\Database\BaseConnection->query('INSERT INTO `at...', Array, false)
#4 C:\xampp\htdocs\system\app\Controllers\Admin.php(81): CodeIgniter\Database\BaseBuilder->insert(Array)
#5 C:\xampp\htdocs\system\system\CodeIgniter.php(933): App\Controllers\Admin->toggle_attendance('23-a-01647', '1')
#6 C:\xampp\htdocs\system\system\CodeIgniter.php(507): CodeIgniter\CodeIgniter->runController(Object(App\Controllers\Admin))
#7 C:\xampp\htdocs\system\system\CodeIgniter.php(354): CodeIgniter\CodeIgniter->handleRequest(NULL, Object(Config\Cache), false)
#8 C:\xampp\htdocs\system\system\Boot.php(363): CodeIgniter\CodeIgniter->run()
#9 C:\xampp\htdocs\system\system\Boot.php(68): CodeIgniter\Boot::runCodeIgniter(Object(CodeIgniter\CodeIgniter))
#10 C:\xampp\htdocs\system\public\index.php(59): CodeIgniter\Boot::bootWeb(Object(Config\Paths))
#11 {main}
CRITICAL - 2026-03-08 13:48:58 --> CodeIgniter\Database\Exceptions\DatabaseException: Cannot add or update a child row: a foreign key constraint fails (`cs_attendance_db`.`attendance`, CONSTRAINT `attendance_ibfk_1` FOREIGN KEY (`student_id`) REFERENCES `users` (`id`))
[Method: GET, Route: admin/toggle_attendance/23-a-01647/1]
in SYSTEMPATH\Database\BaseConnection.php on line 684.
 1 SYSTEMPATH\Database\BaseBuilder.php(2345): CodeIgniter\Database\BaseConnection->query('INSERT INTO `attendance` (`student_id`, `event_id`, `time_in`, `status`, `remarks`) VALUES (:student_id:, :event_id:, :time_in:, :status:, :remarks:)', [...], false)
 2 APPPATH\Controllers\Admin.php(81): CodeIgniter\Database\BaseBuilder->insert([...])
 3 SYSTEMPATH\CodeIgniter.php(933): App\Controllers\Admin->toggle_attendance('23-a-01647', '1')
 4 SYSTEMPATH\CodeIgniter.php(507): CodeIgniter\CodeIgniter->runController(Object(App\Controllers\Admin))
 5 SYSTEMPATH\CodeIgniter.php(354): CodeIgniter\CodeIgniter->handleRequest(null, Object(Config\Cache), false)
 6 SYSTEMPATH\Boot.php(363): CodeIgniter\CodeIgniter->run()
 7 SYSTEMPATH\Boot.php(68): CodeIgniter\Boot::runCodeIgniter(Object(CodeIgniter\CodeIgniter))
 8 FCPATH\index.php(59): CodeIgniter\Boot::bootWeb(Object(Config\Paths))
CRITICAL - 2026-03-08 13:48:58 --> [Caused by] CodeIgniter\Database\Exceptions\DatabaseException: Cannot add or update a child row: a foreign key constraint fails (`cs_attendance_db`.`attendance`, CONSTRAINT `attendance_ibfk_1` FOREIGN KEY (`student_id`) REFERENCES `users` (`id`))
in SYSTEMPATH\Database\MySQLi\Connection.php on line 332.
 1 SYSTEMPATH\Database\BaseConnection.php(729): CodeIgniter\Database\MySQLi\Connection->execute('INSERT INTO `attendance` (`student_id`, `event_id`, `time_in`, `status`, `remarks`) VALUES (\'23-a-01647\', \'1\', \'2026-03-08 13:48:58\', \'Late\', \'Arrived 3 min(s) late\')')
 2 SYSTEMPATH\Database\BaseConnection.php(646): CodeIgniter\Database\BaseConnection->simpleQuery('INSERT INTO `attendance` (`student_id`, `event_id`, `time_in`, `status`, `remarks`) VALUES (\'23-a-01647\', \'1\', \'2026-03-08 13:48:58\', \'Late\', \'Arrived 3 min(s) late\')')
 3 SYSTEMPATH\Database\BaseBuilder.php(2345): CodeIgniter\Database\BaseConnection->query('INSERT INTO `attendance` (`student_id`, `event_id`, `time_in`, `status`, `remarks`) VALUES (:student_id:, :event_id:, :time_in:, :status:, :remarks:)', [...], false)
 4 APPPATH\Controllers\Admin.php(81): CodeIgniter\Database\BaseBuilder->insert([...])
 5 SYSTEMPATH\CodeIgniter.php(933): App\Controllers\Admin->toggle_attendance('23-a-01647', '1')
 6 SYSTEMPATH\CodeIgniter.php(507): CodeIgniter\CodeIgniter->runController(Object(App\Controllers\Admin))
 7 SYSTEMPATH\CodeIgniter.php(354): CodeIgniter\CodeIgniter->handleRequest(null, Object(Config\Cache), false)
 8 SYSTEMPATH\Boot.php(363): CodeIgniter\CodeIgniter->run()
 9 SYSTEMPATH\Boot.php(68): CodeIgniter\Boot::runCodeIgniter(Object(CodeIgniter\CodeIgniter))
10 FCPATH\index.php(59): CodeIgniter\Boot::bootWeb(Object(Config\Paths))
CRITICAL - 2026-03-08 13:48:58 --> [Caused by] mysqli_sql_exception: Cannot add or update a child row: a foreign key constraint fails (`cs_attendance_db`.`attendance`, CONSTRAINT `attendance_ibfk_1` FOREIGN KEY (`student_id`) REFERENCES `users` (`id`))
in SYSTEMPATH\Database\MySQLi\Connection.php on line 327.
 1 SYSTEMPATH\Database\MySQLi\Connection.php(327): mysqli->query('INSERT INTO `attendance` (`student_id`, `event_id`, `time_in`, `status`, `remarks`) VALUES (\'23-a-01647\', \'1\', \'2026-03-08 13:48:58\', \'Late\', \'Arrived 3 min(s) late\')', 0)
 2 SYSTEMPATH\Database\BaseConnection.php(729): CodeIgniter\Database\MySQLi\Connection->execute('INSERT INTO `attendance` (`student_id`, `event_id`, `time_in`, `status`, `remarks`) VALUES (\'23-a-01647\', \'1\', \'2026-03-08 13:48:58\', \'Late\', \'Arrived 3 min(s) late\')')
 3 SYSTEMPATH\Database\BaseConnection.php(646): CodeIgniter\Database\BaseConnection->simpleQuery('INSERT INTO `attendance` (`student_id`, `event_id`, `time_in`, `status`, `remarks`) VALUES (\'23-a-01647\', \'1\', \'2026-03-08 13:48:58\', \'Late\', \'Arrived 3 min(s) late\')')
 4 SYSTEMPATH\Database\BaseBuilder.php(2345): CodeIgniter\Database\BaseConnection->query('INSERT INTO `attendance` (`student_id`, `event_id`, `time_in`, `status`, `remarks`) VALUES (:student_id:, :event_id:, :time_in:, :status:, :remarks:)', [...], false)
 5 APPPATH\Controllers\Admin.php(81): CodeIgniter\Database\BaseBuilder->insert([...])
 6 SYSTEMPATH\CodeIgniter.php(933): App\Controllers\Admin->toggle_attendance('23-a-01647', '1')
 7 SYSTEMPATH\CodeIgniter.php(507): CodeIgniter\CodeIgniter->runController(Object(App\Controllers\Admin))
 8 SYSTEMPATH\CodeIgniter.php(354): CodeIgniter\CodeIgniter->handleRequest(null, Object(Config\Cache), false)
 9 SYSTEMPATH\Boot.php(363): CodeIgniter\CodeIgniter->run()
10 SYSTEMPATH\Boot.php(68): CodeIgniter\Boot::runCodeIgniter(Object(CodeIgniter\CodeIgniter))
11 FCPATH\index.php(59): CodeIgniter\Boot::bootWeb(Object(Config\Paths))
ERROR - 2026-03-08 13:49:01 --> mysqli_sql_exception: Cannot add or update a child row: a foreign key constraint fails (`cs_attendance_db`.`attendance`, CONSTRAINT `attendance_ibfk_1` FOREIGN KEY (`student_id`) REFERENCES `users` (`id`)) in C:\xampp\htdocs\system\system\Database\MySQLi\Connection.php:327
Stack trace:
#0 C:\xampp\htdocs\system\system\Database\MySQLi\Connection.php(327): mysqli->query('INSERT INTO `at...', 0)
#1 C:\xampp\htdocs\system\system\Database\BaseConnection.php(729): CodeIgniter\Database\MySQLi\Connection->execute('INSERT INTO `at...')
#2 C:\xampp\htdocs\system\system\Database\BaseConnection.php(646): CodeIgniter\Database\BaseConnection->simpleQuery('INSERT INTO `at...')
#3 C:\xampp\htdocs\system\system\Database\BaseBuilder.php(2345): CodeIgniter\Database\BaseConnection->query('INSERT INTO `at...', Array, false)
#4 C:\xampp\htdocs\system\app\Controllers\Admin.php(81): CodeIgniter\Database\BaseBuilder->insert(Array)
#5 C:\xampp\htdocs\system\system\CodeIgniter.php(933): App\Controllers\Admin->toggle_attendance('23-a-01647', '1')
#6 C:\xampp\htdocs\system\system\CodeIgniter.php(507): CodeIgniter\CodeIgniter->runController(Object(App\Controllers\Admin))
#7 C:\xampp\htdocs\system\system\CodeIgniter.php(354): CodeIgniter\CodeIgniter->handleRequest(NULL, Object(Config\Cache), false)
#8 C:\xampp\htdocs\system\system\Boot.php(363): CodeIgniter\CodeIgniter->run()
#9 C:\xampp\htdocs\system\system\Boot.php(68): CodeIgniter\Boot::runCodeIgniter(Object(CodeIgniter\CodeIgniter))
#10 C:\xampp\htdocs\system\public\index.php(59): CodeIgniter\Boot::bootWeb(Object(Config\Paths))
#11 {main}
CRITICAL - 2026-03-08 13:49:01 --> CodeIgniter\Database\Exceptions\DatabaseException: Cannot add or update a child row: a foreign key constraint fails (`cs_attendance_db`.`attendance`, CONSTRAINT `attendance_ibfk_1` FOREIGN KEY (`student_id`) REFERENCES `users` (`id`))
[Method: GET, Route: admin/toggle_attendance/23-a-01647/1]
in SYSTEMPATH\Database\BaseConnection.php on line 684.
 1 SYSTEMPATH\Database\BaseBuilder.php(2345): CodeIgniter\Database\BaseConnection->query('INSERT INTO `attendance` (`student_id`, `event_id`, `time_in`, `status`, `remarks`) VALUES (:student_id:, :event_id:, :time_in:, :status:, :remarks:)', [...], false)
 2 APPPATH\Controllers\Admin.php(81): CodeIgniter\Database\BaseBuilder->insert([...])
 3 SYSTEMPATH\CodeIgniter.php(933): App\Controllers\Admin->toggle_attendance('23-a-01647', '1')
 4 SYSTEMPATH\CodeIgniter.php(507): CodeIgniter\CodeIgniter->runController(Object(App\Controllers\Admin))
 5 SYSTEMPATH\CodeIgniter.php(354): CodeIgniter\CodeIgniter->handleRequest(null, Object(Config\Cache), false)
 6 SYSTEMPATH\Boot.php(363): CodeIgniter\CodeIgniter->run()
 7 SYSTEMPATH\Boot.php(68): CodeIgniter\Boot::runCodeIgniter(Object(CodeIgniter\CodeIgniter))
 8 FCPATH\index.php(59): CodeIgniter\Boot::bootWeb(Object(Config\Paths))
CRITICAL - 2026-03-08 13:49:01 --> [Caused by] CodeIgniter\Database\Exceptions\DatabaseException: Cannot add or update a child row: a foreign key constraint fails (`cs_attendance_db`.`attendance`, CONSTRAINT `attendance_ibfk_1` FOREIGN KEY (`student_id`) REFERENCES `users` (`id`))
in SYSTEMPATH\Database\MySQLi\Connection.php on line 332.
 1 SYSTEMPATH\Database\BaseConnection.php(729): CodeIgniter\Database\MySQLi\Connection->execute('INSERT INTO `attendance` (`student_id`, `event_id`, `time_in`, `status`, `remarks`) VALUES (\'23-a-01647\', \'1\', \'2026-03-08 13:49:01\', \'Late\', \'Arrived 4 min(s) late\')')
 2 SYSTEMPATH\Database\BaseConnection.php(646): CodeIgniter\Database\BaseConnection->simpleQuery('INSERT INTO `attendance` (`student_id`, `event_id`, `time_in`, `status`, `remarks`) VALUES (\'23-a-01647\', \'1\', \'2026-03-08 13:49:01\', \'Late\', \'Arrived 4 min(s) late\')')
 3 SYSTEMPATH\Database\BaseBuilder.php(2345): CodeIgniter\Database\BaseConnection->query('INSERT INTO `attendance` (`student_id`, `event_id`, `time_in`, `status`, `remarks`) VALUES (:student_id:, :event_id:, :time_in:, :status:, :remarks:)', [...], false)
 4 APPPATH\Controllers\Admin.php(81): CodeIgniter\Database\BaseBuilder->insert([...])
 5 SYSTEMPATH\CodeIgniter.php(933): App\Controllers\Admin->toggle_attendance('23-a-01647', '1')
 6 SYSTEMPATH\CodeIgniter.php(507): CodeIgniter\CodeIgniter->runController(Object(App\Controllers\Admin))
 7 SYSTEMPATH\CodeIgniter.php(354): CodeIgniter\CodeIgniter->handleRequest(null, Object(Config\Cache), false)
 8 SYSTEMPATH\Boot.php(363): CodeIgniter\CodeIgniter->run()
 9 SYSTEMPATH\Boot.php(68): CodeIgniter\Boot::runCodeIgniter(Object(CodeIgniter\CodeIgniter))
10 FCPATH\index.php(59): CodeIgniter\Boot::bootWeb(Object(Config\Paths))
CRITICAL - 2026-03-08 13:49:01 --> [Caused by] mysqli_sql_exception: Cannot add or update a child row: a foreign key constraint fails (`cs_attendance_db`.`attendance`, CONSTRAINT `attendance_ibfk_1` FOREIGN KEY (`student_id`) REFERENCES `users` (`id`))
in SYSTEMPATH\Database\MySQLi\Connection.php on line 327.
 1 SYSTEMPATH\Database\MySQLi\Connection.php(327): mysqli->query('INSERT INTO `attendance` (`student_id`, `event_id`, `time_in`, `status`, `remarks`) VALUES (\'23-a-01647\', \'1\', \'2026-03-08 13:49:01\', \'Late\', \'Arrived 4 min(s) late\')', 0)
 2 SYSTEMPATH\Database\BaseConnection.php(729): CodeIgniter\Database\MySQLi\Connection->execute('INSERT INTO `attendance` (`student_id`, `event_id`, `time_in`, `status`, `remarks`) VALUES (\'23-a-01647\', \'1\', \'2026-03-08 13:49:01\', \'Late\', \'Arrived 4 min(s) late\')')
 3 SYSTEMPATH\Database\BaseConnection.php(646): CodeIgniter\Database\BaseConnection->simpleQuery('INSERT INTO `attendance` (`student_id`, `event_id`, `time_in`, `status`, `remarks`) VALUES (\'23-a-01647\', \'1\', \'2026-03-08 13:49:01\', \'Late\', \'Arrived 4 min(s) late\')')
 4 SYSTEMPATH\Database\BaseBuilder.php(2345): CodeIgniter\Database\BaseConnection->query('INSERT INTO `attendance` (`student_id`, `event_id`, `time_in`, `status`, `remarks`) VALUES (:student_id:, :event_id:, :time_in:, :status:, :remarks:)', [...], false)
 5 APPPATH\Controllers\Admin.php(81): CodeIgniter\Database\BaseBuilder->insert([...])
 6 SYSTEMPATH\CodeIgniter.php(933): App\Controllers\Admin->toggle_attendance('23-a-01647', '1')
 7 SYSTEMPATH\CodeIgniter.php(507): CodeIgniter\CodeIgniter->runController(Object(App\Controllers\Admin))
 8 SYSTEMPATH\CodeIgniter.php(354): CodeIgniter\CodeIgniter->handleRequest(null, Object(Config\Cache), false)
 9 SYSTEMPATH\Boot.php(363): CodeIgniter\CodeIgniter->run()
10 SYSTEMPATH\Boot.php(68): CodeIgniter\Boot::runCodeIgniter(Object(CodeIgniter\CodeIgniter))
11 FCPATH\index.php(59): CodeIgniter\Boot::bootWeb(Object(Config\Paths))
ERROR - 2026-03-08 13:49:04 --> mysqli_sql_exception: Unknown column 'attendance.time_out' in 'field list' in C:\xampp\htdocs\system\system\Database\MySQLi\Connection.php:327
Stack trace:
#0 C:\xampp\htdocs\system\system\Database\MySQLi\Connection.php(327): mysqli->query('SELECT `users`....', 0)
#1 C:\xampp\htdocs\system\system\Database\BaseConnection.php(729): CodeIgniter\Database\MySQLi\Connection->execute('SELECT `users`....')
#2 C:\xampp\htdocs\system\system\Database\BaseConnection.php(646): CodeIgniter\Database\BaseConnection->simpleQuery('SELECT `users`....')
#3 C:\xampp\htdocs\system\system\Database\BaseBuilder.php(1649): CodeIgniter\Database\BaseConnection->query('SELECT `users`....', Array, false)
#4 C:\xampp\htdocs\system\app\Controllers\Admin.php(186): CodeIgniter\Database\BaseBuilder->get()
#5 C:\xampp\htdocs\system\system\CodeIgniter.php(933): App\Controllers\Admin->check_attendance()
#6 C:\xampp\htdocs\system\system\CodeIgniter.php(507): CodeIgniter\CodeIgniter->runController(Object(App\Controllers\Admin))
#7 C:\xampp\htdocs\system\system\CodeIgniter.php(354): CodeIgniter\CodeIgniter->handleRequest(NULL, Object(Config\Cache), false)
#8 C:\xampp\htdocs\system\system\Boot.php(363): CodeIgniter\CodeIgniter->run()
#9 C:\xampp\htdocs\system\system\Boot.php(68): CodeIgniter\Boot::runCodeIgniter(Object(CodeIgniter\CodeIgniter))
#10 C:\xampp\htdocs\system\public\index.php(59): CodeIgniter\Boot::bootWeb(Object(Config\Paths))
#11 {main}
CRITICAL - 2026-03-08 13:49:04 --> CodeIgniter\Database\Exceptions\DatabaseException: Unknown column 'attendance.time_out' in 'field list'
[Method: GET, Route: admin/attendance_list]
in SYSTEMPATH\Database\BaseConnection.php on line 684.
 1 SYSTEMPATH\Database\BaseBuilder.php(1649): CodeIgniter\Database\BaseConnection->query('SELECT `users`.`id_number` as `student_id`, `users`.`full_name`, `attendance`.`time_in`, `attendance`.`time_out`, `attendance`.`status`, `attendance`.`event_id`
FROM `users`
INNER JOIN `attendance` ON `attendance`.`student_id` = `users`.`id_number`
WHERE `users`.`id_number` = :users.id_number:
ORDER BY `attendance`.`time_in` DESC', [...], false)
 2 APPPATH\Controllers\Admin.php(186): CodeIgniter\Database\BaseBuilder->get()
 3 SYSTEMPATH\CodeIgniter.php(933): App\Controllers\Admin->check_attendance()
 4 SYSTEMPATH\CodeIgniter.php(507): CodeIgniter\CodeIgniter->runController(Object(App\Controllers\Admin))
 5 SYSTEMPATH\CodeIgniter.php(354): CodeIgniter\CodeIgniter->handleRequest(null, Object(Config\Cache), false)
 6 SYSTEMPATH\Boot.php(363): CodeIgniter\CodeIgniter->run()
 7 SYSTEMPATH\Boot.php(68): CodeIgniter\Boot::runCodeIgniter(Object(CodeIgniter\CodeIgniter))
 8 FCPATH\index.php(59): CodeIgniter\Boot::bootWeb(Object(Config\Paths))
CRITICAL - 2026-03-08 13:49:04 --> [Caused by] CodeIgniter\Database\Exceptions\DatabaseException: Unknown column 'attendance.time_out' in 'field list'
in SYSTEMPATH\Database\MySQLi\Connection.php on line 332.
 1 SYSTEMPATH\Database\BaseConnection.php(729): CodeIgniter\Database\MySQLi\Connection->execute('SELECT `users`.`id_number` as `student_id`, `users`.`full_name`, `attendance`.`time_in`, `attendance`.`time_out`, `attendance`.`status`, `attendance`.`event_id`
FROM `users`
INNER JOIN `attendance` ON `attendance`.`student_id` = `users`.`id_number`
WHERE `users`.`id_number` = \'23-a-01647\'
ORDER BY `attendance`.`time_in` DESC')
 2 SYSTEMPATH\Database\BaseConnection.php(646): CodeIgniter\Database\BaseConnection->simpleQuery('SELECT `users`.`id_number` as `student_id`, `users`.`full_name`, `attendance`.`time_in`, `attendance`.`time_out`, `attendance`.`status`, `attendance`.`event_id`
FROM `users`
INNER JOIN `attendance` ON `attendance`.`student_id` = `users`.`id_number`
WHERE `users`.`id_number` = \'23-a-01647\'
ORDER BY `attendance`.`time_in` DESC')
 3 SYSTEMPATH\Database\BaseBuilder.php(1649): CodeIgniter\Database\BaseConnection->query('SELECT `users`.`id_number` as `student_id`, `users`.`full_name`, `attendance`.`time_in`, `attendance`.`time_out`, `attendance`.`status`, `attendance`.`event_id`
FROM `users`
INNER JOIN `attendance` ON `attendance`.`student_id` = `users`.`id_number`
WHERE `users`.`id_number` = :users.id_number:
ORDER BY `attendance`.`time_in` DESC', [...], false)
 4 APPPATH\Controllers\Admin.php(186): CodeIgniter\Database\BaseBuilder->get()
 5 SYSTEMPATH\CodeIgniter.php(933): App\Controllers\Admin->check_attendance()
 6 SYSTEMPATH\CodeIgniter.php(507): CodeIgniter\CodeIgniter->runController(Object(App\Controllers\Admin))
 7 SYSTEMPATH\CodeIgniter.php(354): CodeIgniter\CodeIgniter->handleRequest(null, Object(Config\Cache), false)
 8 SYSTEMPATH\Boot.php(363): CodeIgniter\CodeIgniter->run()
 9 SYSTEMPATH\Boot.php(68): CodeIgniter\Boot::runCodeIgniter(Object(CodeIgniter\CodeIgniter))
10 FCPATH\index.php(59): CodeIgniter\Boot::bootWeb(Object(Config\Paths))
CRITICAL - 2026-03-08 13:49:04 --> [Caused by] mysqli_sql_exception: Unknown column 'attendance.time_out' in 'field list'
in SYSTEMPATH\Database\MySQLi\Connection.php on line 327.
 1 SYSTEMPATH\Database\MySQLi\Connection.php(327): mysqli->query('SELECT `users`.`id_number` as `student_id`, `users`.`full_name`, `attendance`.`time_in`, `attendance`.`time_out`, `attendance`.`status`, `attendance`.`event_id`
FROM `users`
INNER JOIN `attendance` ON `attendance`.`student_id` = `users`.`id_number`
WHERE `users`.`id_number` = \'23-a-01647\'
ORDER BY `attendance`.`time_in` DESC', 0)
 2 SYSTEMPATH\Database\BaseConnection.php(729): CodeIgniter\Database\MySQLi\Connection->execute('SELECT `users`.`id_number` as `student_id`, `users`.`full_name`, `attendance`.`time_in`, `attendance`.`time_out`, `attendance`.`status`, `attendance`.`event_id`
FROM `users`
INNER JOIN `attendance` ON `attendance`.`student_id` = `users`.`id_number`
WHERE `users`.`id_number` = \'23-a-01647\'
ORDER BY `attendance`.`time_in` DESC')
 3 SYSTEMPATH\Database\BaseConnection.php(646): CodeIgniter\Database\BaseConnection->simpleQuery('SELECT `users`.`id_number` as `student_id`, `users`.`full_name`, `attendance`.`time_in`, `attendance`.`time_out`, `attendance`.`status`, `attendance`.`event_id`
FROM `users`
INNER JOIN `attendance` ON `attendance`.`student_id` = `users`.`id_number`
WHERE `users`.`id_number` = \'23-a-01647\'
ORDER BY `attendance`.`time_in` DESC')
 4 SYSTEMPATH\Database\BaseBuilder.php(1649): CodeIgniter\Database\BaseConnection->query('SELECT `users`.`id_number` as `student_id`, `users`.`full_name`, `attendance`.`time_in`, `attendance`.`time_out`, `attendance`.`status`, `attendance`.`event_id`
FROM `users`
INNER JOIN `attendance` ON `attendance`.`student_id` = `users`.`id_number`
WHERE `users`.`id_number` = :users.id_number:
ORDER BY `attendance`.`time_in` DESC', [...], false)
 5 APPPATH\Controllers\Admin.php(186): CodeIgniter\Database\BaseBuilder->get()
 6 SYSTEMPATH\CodeIgniter.php(933): App\Controllers\Admin->check_attendance()
 7 SYSTEMPATH\CodeIgniter.php(507): CodeIgniter\CodeIgniter->runController(Object(App\Controllers\Admin))
 8 SYSTEMPATH\CodeIgniter.php(354): CodeIgniter\CodeIgniter->handleRequest(null, Object(Config\Cache), false)
 9 SYSTEMPATH\Boot.php(363): CodeIgniter\CodeIgniter->run()
10 SYSTEMPATH\Boot.php(68): CodeIgniter\Boot::runCodeIgniter(Object(CodeIgniter\CodeIgniter))
11 FCPATH\index.php(59): CodeIgniter\Boot::bootWeb(Object(Config\Paths))
ERROR - 2026-03-08 13:49:26 --> mysqli_sql_exception: Cannot add or update a child row: a foreign key constraint fails (`cs_attendance_db`.`attendance`, CONSTRAINT `attendance_ibfk_1` FOREIGN KEY (`student_id`) REFERENCES `users` (`id`)) in C:\xampp\htdocs\system\system\Database\MySQLi\Connection.php:327
Stack trace:
#0 C:\xampp\htdocs\system\system\Database\MySQLi\Connection.php(327): mysqli->query('INSERT INTO `at...', 0)
#1 C:\xampp\htdocs\system\system\Database\BaseConnection.php(729): CodeIgniter\Database\MySQLi\Connection->execute('INSERT INTO `at...')
#2 C:\xampp\htdocs\system\system\Database\BaseConnection.php(646): CodeIgniter\Database\BaseConnection->simpleQuery('INSERT INTO `at...')
#3 C:\xampp\htdocs\system\system\Database\BaseBuilder.php(2345): CodeIgniter\Database\BaseConnection->query('INSERT INTO `at...', Array, false)
#4 C:\xampp\htdocs\system\app\Controllers\Admin.php(81): CodeIgniter\Database\BaseBuilder->insert(Array)
#5 C:\xampp\htdocs\system\system\CodeIgniter.php(933): App\Controllers\Admin->toggle_attendance('23-a-01234', '1')
#6 C:\xampp\htdocs\system\system\CodeIgniter.php(507): CodeIgniter\CodeIgniter->runController(Object(App\Controllers\Admin))
#7 C:\xampp\htdocs\system\system\CodeIgniter.php(354): CodeIgniter\CodeIgniter->handleRequest(NULL, Object(Config\Cache), false)
#8 C:\xampp\htdocs\system\system\Boot.php(363): CodeIgniter\CodeIgniter->run()
#9 C:\xampp\htdocs\system\system\Boot.php(68): CodeIgniter\Boot::runCodeIgniter(Object(CodeIgniter\CodeIgniter))
#10 C:\xampp\htdocs\system\public\index.php(59): CodeIgniter\Boot::bootWeb(Object(Config\Paths))
#11 {main}
CRITICAL - 2026-03-08 13:49:26 --> CodeIgniter\Database\Exceptions\DatabaseException: Cannot add or update a child row: a foreign key constraint fails (`cs_attendance_db`.`attendance`, CONSTRAINT `attendance_ibfk_1` FOREIGN KEY (`student_id`) REFERENCES `users` (`id`))
[Method: GET, Route: admin/toggle_attendance/23-a-01234/1]
in SYSTEMPATH\Database\BaseConnection.php on line 684.
 1 SYSTEMPATH\Database\BaseBuilder.php(2345): CodeIgniter\Database\BaseConnection->query('INSERT INTO `attendance` (`student_id`, `event_id`, `time_in`, `status`, `remarks`) VALUES (:student_id:, :event_id:, :time_in:, :status:, :remarks:)', [...], false)
 2 APPPATH\Controllers\Admin.php(81): CodeIgniter\Database\BaseBuilder->insert([...])
 3 SYSTEMPATH\CodeIgniter.php(933): App\Controllers\Admin->toggle_attendance('23-a-01234', '1')
 4 SYSTEMPATH\CodeIgniter.php(507): CodeIgniter\CodeIgniter->runController(Object(App\Controllers\Admin))
 5 SYSTEMPATH\CodeIgniter.php(354): CodeIgniter\CodeIgniter->handleRequest(null, Object(Config\Cache), false)
 6 SYSTEMPATH\Boot.php(363): CodeIgniter\CodeIgniter->run()
 7 SYSTEMPATH\Boot.php(68): CodeIgniter\Boot::runCodeIgniter(Object(CodeIgniter\CodeIgniter))
 8 FCPATH\index.php(59): CodeIgniter\Boot::bootWeb(Object(Config\Paths))
CRITICAL - 2026-03-08 13:49:26 --> [Caused by] CodeIgniter\Database\Exceptions\DatabaseException: Cannot add or update a child row: a foreign key constraint fails (`cs_attendance_db`.`attendance`, CONSTRAINT `attendance_ibfk_1` FOREIGN KEY (`student_id`) REFERENCES `users` (`id`))
in SYSTEMPATH\Database\MySQLi\Connection.php on line 332.
 1 SYSTEMPATH\Database\BaseConnection.php(729): CodeIgniter\Database\MySQLi\Connection->execute('INSERT INTO `attendance` (`student_id`, `event_id`, `time_in`, `status`, `remarks`) VALUES (\'23-a-01234\', \'1\', \'2026-03-08 13:49:26\', \'Late\', \'Arrived 4 min(s) late\')')
 2 SYSTEMPATH\Database\BaseConnection.php(646): CodeIgniter\Database\BaseConnection->simpleQuery('INSERT INTO `attendance` (`student_id`, `event_id`, `time_in`, `status`, `remarks`) VALUES (\'23-a-01234\', \'1\', \'2026-03-08 13:49:26\', \'Late\', \'Arrived 4 min(s) late\')')
 3 SYSTEMPATH\Database\BaseBuilder.php(2345): CodeIgniter\Database\BaseConnection->query('INSERT INTO `attendance` (`student_id`, `event_id`, `time_in`, `status`, `remarks`) VALUES (:student_id:, :event_id:, :time_in:, :status:, :remarks:)', [...], false)
 4 APPPATH\Controllers\Admin.php(81): CodeIgniter\Database\BaseBuilder->insert([...])
 5 SYSTEMPATH\CodeIgniter.php(933): App\Controllers\Admin->toggle_attendance('23-a-01234', '1')
 6 SYSTEMPATH\CodeIgniter.php(507): CodeIgniter\CodeIgniter->runController(Object(App\Controllers\Admin))
 7 SYSTEMPATH\CodeIgniter.php(354): CodeIgniter\CodeIgniter->handleRequest(null, Object(Config\Cache), false)
 8 SYSTEMPATH\Boot.php(363): CodeIgniter\CodeIgniter->run()
 9 SYSTEMPATH\Boot.php(68): CodeIgniter\Boot::runCodeIgniter(Object(CodeIgniter\CodeIgniter))
10 FCPATH\index.php(59): CodeIgniter\Boot::bootWeb(Object(Config\Paths))
CRITICAL - 2026-03-08 13:49:26 --> [Caused by] mysqli_sql_exception: Cannot add or update a child row: a foreign key constraint fails (`cs_attendance_db`.`attendance`, CONSTRAINT `attendance_ibfk_1` FOREIGN KEY (`student_id`) REFERENCES `users` (`id`))
in SYSTEMPATH\Database\MySQLi\Connection.php on line 327.
 1 SYSTEMPATH\Database\MySQLi\Connection.php(327): mysqli->query('INSERT INTO `attendance` (`student_id`, `event_id`, `time_in`, `status`, `remarks`) VALUES (\'23-a-01234\', \'1\', \'2026-03-08 13:49:26\', \'Late\', \'Arrived 4 min(s) late\')', 0)
 2 SYSTEMPATH\Database\BaseConnection.php(729): CodeIgniter\Database\MySQLi\Connection->execute('INSERT INTO `attendance` (`student_id`, `event_id`, `time_in`, `status`, `remarks`) VALUES (\'23-a-01234\', \'1\', \'2026-03-08 13:49:26\', \'Late\', \'Arrived 4 min(s) late\')')
 3 SYSTEMPATH\Database\BaseConnection.php(646): CodeIgniter\Database\BaseConnection->simpleQuery('INSERT INTO `attendance` (`student_id`, `event_id`, `time_in`, `status`, `remarks`) VALUES (\'23-a-01234\', \'1\', \'2026-03-08 13:49:26\', \'Late\', \'Arrived 4 min(s) late\')')
 4 SYSTEMPATH\Database\BaseBuilder.php(2345): CodeIgniter\Database\BaseConnection->query('INSERT INTO `attendance` (`student_id`, `event_id`, `time_in`, `status`, `remarks`) VALUES (:student_id:, :event_id:, :time_in:, :status:, :remarks:)', [...], false)
 5 APPPATH\Controllers\Admin.php(81): CodeIgniter\Database\BaseBuilder->insert([...])
 6 SYSTEMPATH\CodeIgniter.php(933): App\Controllers\Admin->toggle_attendance('23-a-01234', '1')
 7 SYSTEMPATH\CodeIgniter.php(507): CodeIgniter\CodeIgniter->runController(Object(App\Controllers\Admin))
 8 SYSTEMPATH\CodeIgniter.php(354): CodeIgniter\CodeIgniter->handleRequest(null, Object(Config\Cache), false)
 9 SYSTEMPATH\Boot.php(363): CodeIgniter\CodeIgniter->run()
10 SYSTEMPATH\Boot.php(68): CodeIgniter\Boot::runCodeIgniter(Object(CodeIgniter\CodeIgniter))
11 FCPATH\index.php(59): CodeIgniter\Boot::bootWeb(Object(Config\Paths))
ERROR - 2026-03-08 13:49:29 --> mysqli_sql_exception: Cannot add or update a child row: a foreign key constraint fails (`cs_attendance_db`.`attendance`, CONSTRAINT `attendance_ibfk_1` FOREIGN KEY (`student_id`) REFERENCES `users` (`id`)) in C:\xampp\htdocs\system\system\Database\MySQLi\Connection.php:327
Stack trace:
#0 C:\xampp\htdocs\system\system\Database\MySQLi\Connection.php(327): mysqli->query('INSERT INTO `at...', 0)
#1 C:\xampp\htdocs\system\system\Database\BaseConnection.php(729): CodeIgniter\Database\MySQLi\Connection->execute('INSERT INTO `at...')
#2 C:\xampp\htdocs\system\system\Database\BaseConnection.php(646): CodeIgniter\Database\BaseConnection->simpleQuery('INSERT INTO `at...')
#3 C:\xampp\htdocs\system\system\Database\BaseBuilder.php(2345): CodeIgniter\Database\BaseConnection->query('INSERT INTO `at...', Array, false)
#4 C:\xampp\htdocs\system\app\Controllers\Admin.php(81): CodeIgniter\Database\BaseBuilder->insert(Array)
#5 C:\xampp\htdocs\system\system\CodeIgniter.php(933): App\Controllers\Admin->toggle_attendance('23-a-01234', '1')
#6 C:\xampp\htdocs\system\system\CodeIgniter.php(507): CodeIgniter\CodeIgniter->runController(Object(App\Controllers\Admin))
#7 C:\xampp\htdocs\system\system\CodeIgniter.php(354): CodeIgniter\CodeIgniter->handleRequest(NULL, Object(Config\Cache), false)
#8 C:\xampp\htdocs\system\system\Boot.php(363): CodeIgniter\CodeIgniter->run()
#9 C:\xampp\htdocs\system\system\Boot.php(68): CodeIgniter\Boot::runCodeIgniter(Object(CodeIgniter\CodeIgniter))
#10 C:\xampp\htdocs\system\public\index.php(59): CodeIgniter\Boot::bootWeb(Object(Config\Paths))
#11 {main}
CRITICAL - 2026-03-08 13:49:29 --> CodeIgniter\Database\Exceptions\DatabaseException: Cannot add or update a child row: a foreign key constraint fails (`cs_attendance_db`.`attendance`, CONSTRAINT `attendance_ibfk_1` FOREIGN KEY (`student_id`) REFERENCES `users` (`id`))
[Method: GET, Route: admin/toggle_attendance/23-a-01234/1]
in SYSTEMPATH\Database\BaseConnection.php on line 684.
 1 SYSTEMPATH\Database\BaseBuilder.php(2345): CodeIgniter\Database\BaseConnection->query('INSERT INTO `attendance` (`student_id`, `event_id`, `time_in`, `status`, `remarks`) VALUES (:student_id:, :event_id:, :time_in:, :status:, :remarks:)', [...], false)
 2 APPPATH\Controllers\Admin.php(81): CodeIgniter\Database\BaseBuilder->insert([...])
 3 SYSTEMPATH\CodeIgniter.php(933): App\Controllers\Admin->toggle_attendance('23-a-01234', '1')
 4 SYSTEMPATH\CodeIgniter.php(507): CodeIgniter\CodeIgniter->runController(Object(App\Controllers\Admin))
 5 SYSTEMPATH\CodeIgniter.php(354): CodeIgniter\CodeIgniter->handleRequest(null, Object(Config\Cache), false)
 6 SYSTEMPATH\Boot.php(363): CodeIgniter\CodeIgniter->run()
 7 SYSTEMPATH\Boot.php(68): CodeIgniter\Boot::runCodeIgniter(Object(CodeIgniter\CodeIgniter))
 8 FCPATH\index.php(59): CodeIgniter\Boot::bootWeb(Object(Config\Paths))
CRITICAL - 2026-03-08 13:49:29 --> [Caused by] CodeIgniter\Database\Exceptions\DatabaseException: Cannot add or update a child row: a foreign key constraint fails (`cs_attendance_db`.`attendance`, CONSTRAINT `attendance_ibfk_1` FOREIGN KEY (`student_id`) REFERENCES `users` (`id`))
in SYSTEMPATH\Database\MySQLi\Connection.php on line 332.
 1 SYSTEMPATH\Database\BaseConnection.php(729): CodeIgniter\Database\MySQLi\Connection->execute('INSERT INTO `attendance` (`student_id`, `event_id`, `time_in`, `status`, `remarks`) VALUES (\'23-a-01234\', \'1\', \'2026-03-08 13:49:29\', \'Late\', \'Arrived 4 min(s) late\')')
 2 SYSTEMPATH\Database\BaseConnection.php(646): CodeIgniter\Database\BaseConnection->simpleQuery('INSERT INTO `attendance` (`student_id`, `event_id`, `time_in`, `status`, `remarks`) VALUES (\'23-a-01234\', \'1\', \'2026-03-08 13:49:29\', \'Late\', \'Arrived 4 min(s) late\')')
 3 SYSTEMPATH\Database\BaseBuilder.php(2345): CodeIgniter\Database\BaseConnection->query('INSERT INTO `attendance` (`student_id`, `event_id`, `time_in`, `status`, `remarks`) VALUES (:student_id:, :event_id:, :time_in:, :status:, :remarks:)', [...], false)
 4 APPPATH\Controllers\Admin.php(81): CodeIgniter\Database\BaseBuilder->insert([...])
 5 SYSTEMPATH\CodeIgniter.php(933): App\Controllers\Admin->toggle_attendance('23-a-01234', '1')
 6 SYSTEMPATH\CodeIgniter.php(507): CodeIgniter\CodeIgniter->runController(Object(App\Controllers\Admin))
 7 SYSTEMPATH\CodeIgniter.php(354): CodeIgniter\CodeIgniter->handleRequest(null, Object(Config\Cache), false)
 8 SYSTEMPATH\Boot.php(363): CodeIgniter\CodeIgniter->run()
 9 SYSTEMPATH\Boot.php(68): CodeIgniter\Boot::runCodeIgniter(Object(CodeIgniter\CodeIgniter))
10 FCPATH\index.php(59): CodeIgniter\Boot::bootWeb(Object(Config\Paths))
CRITICAL - 2026-03-08 13:49:29 --> [Caused by] mysqli_sql_exception: Cannot add or update a child row: a foreign key constraint fails (`cs_attendance_db`.`attendance`, CONSTRAINT `attendance_ibfk_1` FOREIGN KEY (`student_id`) REFERENCES `users` (`id`))
in SYSTEMPATH\Database\MySQLi\Connection.php on line 327.
 1 SYSTEMPATH\Database\MySQLi\Connection.php(327): mysqli->query('INSERT INTO `attendance` (`student_id`, `event_id`, `time_in`, `status`, `remarks`) VALUES (\'23-a-01234\', \'1\', \'2026-03-08 13:49:29\', \'Late\', \'Arrived 4 min(s) late\')', 0)
 2 SYSTEMPATH\Database\BaseConnection.php(729): CodeIgniter\Database\MySQLi\Connection->execute('INSERT INTO `attendance` (`student_id`, `event_id`, `time_in`, `status`, `remarks`) VALUES (\'23-a-01234\', \'1\', \'2026-03-08 13:49:29\', \'Late\', \'Arrived 4 min(s) late\')')
 3 SYSTEMPATH\Database\BaseConnection.php(646): CodeIgniter\Database\BaseConnection->simpleQuery('INSERT INTO `attendance` (`student_id`, `event_id`, `time_in`, `status`, `remarks`) VALUES (\'23-a-01234\', \'1\', \'2026-03-08 13:49:29\', \'Late\', \'Arrived 4 min(s) late\')')
 4 SYSTEMPATH\Database\BaseBuilder.php(2345): CodeIgniter\Database\BaseConnection->query('INSERT INTO `attendance` (`student_id`, `event_id`, `time_in`, `status`, `remarks`) VALUES (:student_id:, :event_id:, :time_in:, :status:, :remarks:)', [...], false)
 5 APPPATH\Controllers\Admin.php(81): CodeIgniter\Database\BaseBuilder->insert([...])
 6 SYSTEMPATH\CodeIgniter.php(933): App\Controllers\Admin->toggle_attendance('23-a-01234', '1')
 7 SYSTEMPATH\CodeIgniter.php(507): CodeIgniter\CodeIgniter->runController(Object(App\Controllers\Admin))
 8 SYSTEMPATH\CodeIgniter.php(354): CodeIgniter\CodeIgniter->handleRequest(null, Object(Config\Cache), false)
 9 SYSTEMPATH\Boot.php(363): CodeIgniter\CodeIgniter->run()
10 SYSTEMPATH\Boot.php(68): CodeIgniter\Boot::runCodeIgniter(Object(CodeIgniter\CodeIgniter))
11 FCPATH\index.php(59): CodeIgniter\Boot::bootWeb(Object(Config\Paths))
ERROR - 2026-03-08 13:50:07 --> mysqli_sql_exception: Unknown column 'attendance.time_out' in 'field list' in C:\xampp\htdocs\system\system\Database\MySQLi\Connection.php:327
Stack trace:
#0 C:\xampp\htdocs\system\system\Database\MySQLi\Connection.php(327): mysqli->query('SELECT `users`....', 0)
#1 C:\xampp\htdocs\system\system\Database\BaseConnection.php(729): CodeIgniter\Database\MySQLi\Connection->execute('SELECT `users`....')
#2 C:\xampp\htdocs\system\system\Database\BaseConnection.php(646): CodeIgniter\Database\BaseConnection->simpleQuery('SELECT `users`....')
#3 C:\xampp\htdocs\system\system\Database\BaseBuilder.php(1649): CodeIgniter\Database\BaseConnection->query('SELECT `users`....', Array, false)
#4 C:\xampp\htdocs\system\app\Controllers\Admin.php(186): CodeIgniter\Database\BaseBuilder->get()
#5 C:\xampp\htdocs\system\system\CodeIgniter.php(933): App\Controllers\Admin->check_attendance()
#6 C:\xampp\htdocs\system\system\CodeIgniter.php(507): CodeIgniter\CodeIgniter->runController(Object(App\Controllers\Admin))
#7 C:\xampp\htdocs\system\system\CodeIgniter.php(354): CodeIgniter\CodeIgniter->handleRequest(NULL, Object(Config\Cache), false)
#8 C:\xampp\htdocs\system\system\Boot.php(363): CodeIgniter\CodeIgniter->run()
#9 C:\xampp\htdocs\system\system\Boot.php(68): CodeIgniter\Boot::runCodeIgniter(Object(CodeIgniter\CodeIgniter))
#10 C:\xampp\htdocs\system\public\index.php(59): CodeIgniter\Boot::bootWeb(Object(Config\Paths))
#11 {main}
CRITICAL - 2026-03-08 13:50:07 --> CodeIgniter\Database\Exceptions\DatabaseException: Unknown column 'attendance.time_out' in 'field list'
[Method: GET, Route: admin/attendance_list]
in SYSTEMPATH\Database\BaseConnection.php on line 684.
 1 SYSTEMPATH\Database\BaseBuilder.php(1649): CodeIgniter\Database\BaseConnection->query('SELECT `users`.`id_number` as `student_id`, `users`.`full_name`, `attendance`.`time_in`, `attendance`.`time_out`, `attendance`.`status`, `attendance`.`event_id`
FROM `users`
INNER JOIN `attendance` ON `attendance`.`student_id` = `users`.`id_number`
WHERE `users`.`id_number` = :users.id_number:
ORDER BY `attendance`.`time_in` DESC', [...], false)
 2 APPPATH\Controllers\Admin.php(186): CodeIgniter\Database\BaseBuilder->get()
 3 SYSTEMPATH\CodeIgniter.php(933): App\Controllers\Admin->check_attendance()
 4 SYSTEMPATH\CodeIgniter.php(507): CodeIgniter\CodeIgniter->runController(Object(App\Controllers\Admin))
 5 SYSTEMPATH\CodeIgniter.php(354): CodeIgniter\CodeIgniter->handleRequest(null, Object(Config\Cache), false)
 6 SYSTEMPATH\Boot.php(363): CodeIgniter\CodeIgniter->run()
 7 SYSTEMPATH\Boot.php(68): CodeIgniter\Boot::runCodeIgniter(Object(CodeIgniter\CodeIgniter))
 8 FCPATH\index.php(59): CodeIgniter\Boot::bootWeb(Object(Config\Paths))
CRITICAL - 2026-03-08 13:50:07 --> [Caused by] CodeIgniter\Database\Exceptions\DatabaseException: Unknown column 'attendance.time_out' in 'field list'
in SYSTEMPATH\Database\MySQLi\Connection.php on line 332.
 1 SYSTEMPATH\Database\BaseConnection.php(729): CodeIgniter\Database\MySQLi\Connection->execute('SELECT `users`.`id_number` as `student_id`, `users`.`full_name`, `attendance`.`time_in`, `attendance`.`time_out`, `attendance`.`status`, `attendance`.`event_id`
FROM `users`
INNER JOIN `attendance` ON `attendance`.`student_id` = `users`.`id_number`
WHERE `users`.`id_number` = \'23-a-01234\'
ORDER BY `attendance`.`time_in` DESC')
 2 SYSTEMPATH\Database\BaseConnection.php(646): CodeIgniter\Database\BaseConnection->simpleQuery('SELECT `users`.`id_number` as `student_id`, `users`.`full_name`, `attendance`.`time_in`, `attendance`.`time_out`, `attendance`.`status`, `attendance`.`event_id`
FROM `users`
INNER JOIN `attendance` ON `attendance`.`student_id` = `users`.`id_number`
WHERE `users`.`id_number` = \'23-a-01234\'
ORDER BY `attendance`.`time_in` DESC')
 3 SYSTEMPATH\Database\BaseBuilder.php(1649): CodeIgniter\Database\BaseConnection->query('SELECT `users`.`id_number` as `student_id`, `users`.`full_name`, `attendance`.`time_in`, `attendance`.`time_out`, `attendance`.`status`, `attendance`.`event_id`
FROM `users`
INNER JOIN `attendance` ON `attendance`.`student_id` = `users`.`id_number`
WHERE `users`.`id_number` = :users.id_number:
ORDER BY `attendance`.`time_in` DESC', [...], false)
 4 APPPATH\Controllers\Admin.php(186): CodeIgniter\Database\BaseBuilder->get()
 5 SYSTEMPATH\CodeIgniter.php(933): App\Controllers\Admin->check_attendance()
 6 SYSTEMPATH\CodeIgniter.php(507): CodeIgniter\CodeIgniter->runController(Object(App\Controllers\Admin))
 7 SYSTEMPATH\CodeIgniter.php(354): CodeIgniter\CodeIgniter->handleRequest(null, Object(Config\Cache), false)
 8 SYSTEMPATH\Boot.php(363): CodeIgniter\CodeIgniter->run()
 9 SYSTEMPATH\Boot.php(68): CodeIgniter\Boot::runCodeIgniter(Object(CodeIgniter\CodeIgniter))
10 FCPATH\index.php(59): CodeIgniter\Boot::bootWeb(Object(Config\Paths))
CRITICAL - 2026-03-08 13:50:07 --> [Caused by] mysqli_sql_exception: Unknown column 'attendance.time_out' in 'field list'
in SYSTEMPATH\Database\MySQLi\Connection.php on line 327.
 1 SYSTEMPATH\Database\MySQLi\Connection.php(327): mysqli->query('SELECT `users`.`id_number` as `student_id`, `users`.`full_name`, `attendance`.`time_in`, `attendance`.`time_out`, `attendance`.`status`, `attendance`.`event_id`
FROM `users`
INNER JOIN `attendance` ON `attendance`.`student_id` = `users`.`id_number`
WHERE `users`.`id_number` = \'23-a-01234\'
ORDER BY `attendance`.`time_in` DESC', 0)
 2 SYSTEMPATH\Database\BaseConnection.php(729): CodeIgniter\Database\MySQLi\Connection->execute('SELECT `users`.`id_number` as `student_id`, `users`.`full_name`, `attendance`.`time_in`, `attendance`.`time_out`, `attendance`.`status`, `attendance`.`event_id`
FROM `users`
INNER JOIN `attendance` ON `attendance`.`student_id` = `users`.`id_number`
WHERE `users`.`id_number` = \'23-a-01234\'
ORDER BY `attendance`.`time_in` DESC')
 3 SYSTEMPATH\Database\BaseConnection.php(646): CodeIgniter\Database\BaseConnection->simpleQuery('SELECT `users`.`id_number` as `student_id`, `users`.`full_name`, `attendance`.`time_in`, `attendance`.`time_out`, `attendance`.`status`, `attendance`.`event_id`
FROM `users`
INNER JOIN `attendance` ON `attendance`.`student_id` = `users`.`id_number`
WHERE `users`.`id_number` = \'23-a-01234\'
ORDER BY `attendance`.`time_in` DESC')
 4 SYSTEMPATH\Database\BaseBuilder.php(1649): CodeIgniter\Database\BaseConnection->query('SELECT `users`.`id_number` as `student_id`, `users`.`full_name`, `attendance`.`time_in`, `attendance`.`time_out`, `attendance`.`status`, `attendance`.`event_id`
FROM `users`
INNER JOIN `attendance` ON `attendance`.`student_id` = `users`.`id_number`
WHERE `users`.`id_number` = :users.id_number:
ORDER BY `attendance`.`time_in` DESC', [...], false)
 5 APPPATH\Controllers\Admin.php(186): CodeIgniter\Database\BaseBuilder->get()
 6 SYSTEMPATH\CodeIgniter.php(933): App\Controllers\Admin->check_attendance()
 7 SYSTEMPATH\CodeIgniter.php(507): CodeIgniter\CodeIgniter->runController(Object(App\Controllers\Admin))
 8 SYSTEMPATH\CodeIgniter.php(354): CodeIgniter\CodeIgniter->handleRequest(null, Object(Config\Cache), false)
 9 SYSTEMPATH\Boot.php(363): CodeIgniter\CodeIgniter->run()
10 SYSTEMPATH\Boot.php(68): CodeIgniter\Boot::runCodeIgniter(Object(CodeIgniter\CodeIgniter))
11 FCPATH\index.php(59): CodeIgniter\Boot::bootWeb(Object(Config\Paths))
ERROR - 2026-03-08 13:50:16 --> mysqli_sql_exception: Unknown column 'attendance.time_out' in 'field list' in C:\xampp\htdocs\system\system\Database\MySQLi\Connection.php:327
Stack trace:
#0 C:\xampp\htdocs\system\system\Database\MySQLi\Connection.php(327): mysqli->query('SELECT `users`....', 0)
#1 C:\xampp\htdocs\system\system\Database\BaseConnection.php(729): CodeIgniter\Database\MySQLi\Connection->execute('SELECT `users`....')
#2 C:\xampp\htdocs\system\system\Database\BaseConnection.php(646): CodeIgniter\Database\BaseConnection->simpleQuery('SELECT `users`....')
#3 C:\xampp\htdocs\system\system\Database\BaseBuilder.php(1649): CodeIgniter\Database\BaseConnection->query('SELECT `users`....', Array, false)
#4 C:\xampp\htdocs\system\app\Controllers\Admin.php(186): CodeIgniter\Database\BaseBuilder->get()
#5 C:\xampp\htdocs\system\system\CodeIgniter.php(933): App\Controllers\Admin->check_attendance()
#6 C:\xampp\htdocs\system\system\CodeIgniter.php(507): CodeIgniter\CodeIgniter->runController(Object(App\Controllers\Admin))
#7 C:\xampp\htdocs\system\system\CodeIgniter.php(354): CodeIgniter\CodeIgniter->handleRequest(NULL, Object(Config\Cache), false)
#8 C:\xampp\htdocs\system\system\Boot.php(363): CodeIgniter\CodeIgniter->run()
#9 C:\xampp\htdocs\system\system\Boot.php(68): CodeIgniter\Boot::runCodeIgniter(Object(CodeIgniter\CodeIgniter))
#10 C:\xampp\htdocs\system\public\index.php(59): CodeIgniter\Boot::bootWeb(Object(Config\Paths))
#11 {main}
CRITICAL - 2026-03-08 13:50:16 --> CodeIgniter\Database\Exceptions\DatabaseException: Unknown column 'attendance.time_out' in 'field list'
[Method: GET, Route: admin/attendance_list]
in SYSTEMPATH\Database\BaseConnection.php on line 684.
 1 SYSTEMPATH\Database\BaseBuilder.php(1649): CodeIgniter\Database\BaseConnection->query('SELECT `users`.`id_number` as `student_id`, `users`.`full_name`, `attendance`.`time_in`, `attendance`.`time_out`, `attendance`.`status`, `attendance`.`event_id`
FROM `users`
INNER JOIN `attendance` ON `attendance`.`student_id` = `users`.`id_number`
ORDER BY `attendance`.`time_in` DESC', [], false)
 2 APPPATH\Controllers\Admin.php(186): CodeIgniter\Database\BaseBuilder->get()
 3 SYSTEMPATH\CodeIgniter.php(933): App\Controllers\Admin->check_attendance()
 4 SYSTEMPATH\CodeIgniter.php(507): CodeIgniter\CodeIgniter->runController(Object(App\Controllers\Admin))
 5 SYSTEMPATH\CodeIgniter.php(354): CodeIgniter\CodeIgniter->handleRequest(null, Object(Config\Cache), false)
 6 SYSTEMPATH\Boot.php(363): CodeIgniter\CodeIgniter->run()
 7 SYSTEMPATH\Boot.php(68): CodeIgniter\Boot::runCodeIgniter(Object(CodeIgniter\CodeIgniter))
 8 FCPATH\index.php(59): CodeIgniter\Boot::bootWeb(Object(Config\Paths))
CRITICAL - 2026-03-08 13:50:16 --> [Caused by] CodeIgniter\Database\Exceptions\DatabaseException: Unknown column 'attendance.time_out' in 'field list'
in SYSTEMPATH\Database\MySQLi\Connection.php on line 332.
 1 SYSTEMPATH\Database\BaseConnection.php(729): CodeIgniter\Database\MySQLi\Connection->execute('SELECT `users`.`id_number` as `student_id`, `users`.`full_name`, `attendance`.`time_in`, `attendance`.`time_out`, `attendance`.`status`, `attendance`.`event_id`
FROM `users`
INNER JOIN `attendance` ON `attendance`.`student_id` = `users`.`id_number`
ORDER BY `attendance`.`time_in` DESC')
 2 SYSTEMPATH\Database\BaseConnection.php(646): CodeIgniter\Database\BaseConnection->simpleQuery('SELECT `users`.`id_number` as `student_id`, `users`.`full_name`, `attendance`.`time_in`, `attendance`.`time_out`, `attendance`.`status`, `attendance`.`event_id`
FROM `users`
INNER JOIN `attendance` ON `attendance`.`student_id` = `users`.`id_number`
ORDER BY `attendance`.`time_in` DESC')
 3 SYSTEMPATH\Database\BaseBuilder.php(1649): CodeIgniter\Database\BaseConnection->query('SELECT `users`.`id_number` as `student_id`, `users`.`full_name`, `attendance`.`time_in`, `attendance`.`time_out`, `attendance`.`status`, `attendance`.`event_id`
FROM `users`
INNER JOIN `attendance` ON `attendance`.`student_id` = `users`.`id_number`
ORDER BY `attendance`.`time_in` DESC', [], false)
 4 APPPATH\Controllers\Admin.php(186): CodeIgniter\Database\BaseBuilder->get()
 5 SYSTEMPATH\CodeIgniter.php(933): App\Controllers\Admin->check_attendance()
 6 SYSTEMPATH\CodeIgniter.php(507): CodeIgniter\CodeIgniter->runController(Object(App\Controllers\Admin))
 7 SYSTEMPATH\CodeIgniter.php(354): CodeIgniter\CodeIgniter->handleRequest(null, Object(Config\Cache), false)
 8 SYSTEMPATH\Boot.php(363): CodeIgniter\CodeIgniter->run()
 9 SYSTEMPATH\Boot.php(68): CodeIgniter\Boot::runCodeIgniter(Object(CodeIgniter\CodeIgniter))
10 FCPATH\index.php(59): CodeIgniter\Boot::bootWeb(Object(Config\Paths))
CRITICAL - 2026-03-08 13:50:16 --> [Caused by] mysqli_sql_exception: Unknown column 'attendance.time_out' in 'field list'
in SYSTEMPATH\Database\MySQLi\Connection.php on line 327.
 1 SYSTEMPATH\Database\MySQLi\Connection.php(327): mysqli->query('SELECT `users`.`id_number` as `student_id`, `users`.`full_name`, `attendance`.`time_in`, `attendance`.`time_out`, `attendance`.`status`, `attendance`.`event_id`
FROM `users`
INNER JOIN `attendance` ON `attendance`.`student_id` = `users`.`id_number`
ORDER BY `attendance`.`time_in` DESC', 0)
 2 SYSTEMPATH\Database\BaseConnection.php(729): CodeIgniter\Database\MySQLi\Connection->execute('SELECT `users`.`id_number` as `student_id`, `users`.`full_name`, `attendance`.`time_in`, `attendance`.`time_out`, `attendance`.`status`, `attendance`.`event_id`
FROM `users`
INNER JOIN `attendance` ON `attendance`.`student_id` = `users`.`id_number`
ORDER BY `attendance`.`time_in` DESC')
 3 SYSTEMPATH\Database\BaseConnection.php(646): CodeIgniter\Database\BaseConnection->simpleQuery('SELECT `users`.`id_number` as `student_id`, `users`.`full_name`, `attendance`.`time_in`, `attendance`.`time_out`, `attendance`.`status`, `attendance`.`event_id`
FROM `users`
INNER JOIN `attendance` ON `attendance`.`student_id` = `users`.`id_number`
ORDER BY `attendance`.`time_in` DESC')
 4 SYSTEMPATH\Database\BaseBuilder.php(1649): CodeIgniter\Database\BaseConnection->query('SELECT `users`.`id_number` as `student_id`, `users`.`full_name`, `attendance`.`time_in`, `attendance`.`time_out`, `attendance`.`status`, `attendance`.`event_id`
FROM `users`
INNER JOIN `attendance` ON `attendance`.`student_id` = `users`.`id_number`
ORDER BY `attendance`.`time_in` DESC', [], false)
 5 APPPATH\Controllers\Admin.php(186): CodeIgniter\Database\BaseBuilder->get()
 6 SYSTEMPATH\CodeIgniter.php(933): App\Controllers\Admin->check_attendance()
 7 SYSTEMPATH\CodeIgniter.php(507): CodeIgniter\CodeIgniter->runController(Object(App\Controllers\Admin))
 8 SYSTEMPATH\CodeIgniter.php(354): CodeIgniter\CodeIgniter->handleRequest(null, Object(Config\Cache), false)
 9 SYSTEMPATH\Boot.php(363): CodeIgniter\CodeIgniter->run()
10 SYSTEMPATH\Boot.php(68): CodeIgniter\Boot::runCodeIgniter(Object(CodeIgniter\CodeIgniter))
11 FCPATH\index.php(59): CodeIgniter\Boot::bootWeb(Object(Config\Paths))
ERROR - 2026-03-08 13:50:16 --> mysqli_sql_exception: Unknown column 'attendance.time_out' in 'field list' in C:\xampp\htdocs\system\system\Database\MySQLi\Connection.php:327
Stack trace:
#0 C:\xampp\htdocs\system\system\Database\MySQLi\Connection.php(327): mysqli->query('SELECT `users`....', 0)
#1 C:\xampp\htdocs\system\system\Database\BaseConnection.php(729): CodeIgniter\Database\MySQLi\Connection->execute('SELECT `users`....')
#2 C:\xampp\htdocs\system\system\Database\BaseConnection.php(646): CodeIgniter\Database\BaseConnection->simpleQuery('SELECT `users`....')
#3 C:\xampp\htdocs\system\system\Database\BaseBuilder.php(1649): CodeIgniter\Database\BaseConnection->query('SELECT `users`....', Array, false)
#4 C:\xampp\htdocs\system\app\Controllers\Admin.php(186): CodeIgniter\Database\BaseBuilder->get()
#5 C:\xampp\htdocs\system\system\CodeIgniter.php(933): App\Controllers\Admin->check_attendance()
#6 C:\xampp\htdocs\system\system\CodeIgniter.php(507): CodeIgniter\CodeIgniter->runController(Object(App\Controllers\Admin))
#7 C:\xampp\htdocs\system\system\CodeIgniter.php(354): CodeIgniter\CodeIgniter->handleRequest(NULL, Object(Config\Cache), false)
#8 C:\xampp\htdocs\system\system\Boot.php(363): CodeIgniter\CodeIgniter->run()
#9 C:\xampp\htdocs\system\system\Boot.php(68): CodeIgniter\Boot::runCodeIgniter(Object(CodeIgniter\CodeIgniter))
#10 C:\xampp\htdocs\system\public\index.php(59): CodeIgniter\Boot::bootWeb(Object(Config\Paths))
#11 {main}
CRITICAL - 2026-03-08 13:50:16 --> CodeIgniter\Database\Exceptions\DatabaseException: Unknown column 'attendance.time_out' in 'field list'
[Method: GET, Route: admin/attendance_list]
in SYSTEMPATH\Database\BaseConnection.php on line 684.
 1 SYSTEMPATH\Database\BaseBuilder.php(1649): CodeIgniter\Database\BaseConnection->query('SELECT `users`.`id_number` as `student_id`, `users`.`full_name`, `attendance`.`time_in`, `attendance`.`time_out`, `attendance`.`status`, `attendance`.`event_id`
FROM `users`
INNER JOIN `attendance` ON `attendance`.`student_id` = `users`.`id_number`
ORDER BY `attendance`.`time_in` DESC', [], false)
 2 APPPATH\Controllers\Admin.php(186): CodeIgniter\Database\BaseBuilder->get()
 3 SYSTEMPATH\CodeIgniter.php(933): App\Controllers\Admin->check_attendance()
 4 SYSTEMPATH\CodeIgniter.php(507): CodeIgniter\CodeIgniter->runController(Object(App\Controllers\Admin))
 5 SYSTEMPATH\CodeIgniter.php(354): CodeIgniter\CodeIgniter->handleRequest(null, Object(Config\Cache), false)
 6 SYSTEMPATH\Boot.php(363): CodeIgniter\CodeIgniter->run()
 7 SYSTEMPATH\Boot.php(68): CodeIgniter\Boot::runCodeIgniter(Object(CodeIgniter\CodeIgniter))
 8 FCPATH\index.php(59): CodeIgniter\Boot::bootWeb(Object(Config\Paths))
CRITICAL - 2026-03-08 13:50:16 --> [Caused by] CodeIgniter\Database\Exceptions\DatabaseException: Unknown column 'attendance.time_out' in 'field list'
in SYSTEMPATH\Database\MySQLi\Connection.php on line 332.
 1 SYSTEMPATH\Database\BaseConnection.php(729): CodeIgniter\Database\MySQLi\Connection->execute('SELECT `users`.`id_number` as `student_id`, `users`.`full_name`, `attendance`.`time_in`, `attendance`.`time_out`, `attendance`.`status`, `attendance`.`event_id`
FROM `users`
INNER JOIN `attendance` ON `attendance`.`student_id` = `users`.`id_number`
ORDER BY `attendance`.`time_in` DESC')
 2 SYSTEMPATH\Database\BaseConnection.php(646): CodeIgniter\Database\BaseConnection->simpleQuery('SELECT `users`.`id_number` as `student_id`, `users`.`full_name`, `attendance`.`time_in`, `attendance`.`time_out`, `attendance`.`status`, `attendance`.`event_id`
FROM `users`
INNER JOIN `attendance` ON `attendance`.`student_id` = `users`.`id_number`
ORDER BY `attendance`.`time_in` DESC')
 3 SYSTEMPATH\Database\BaseBuilder.php(1649): CodeIgniter\Database\BaseConnection->query('SELECT `users`.`id_number` as `student_id`, `users`.`full_name`, `attendance`.`time_in`, `attendance`.`time_out`, `attendance`.`status`, `attendance`.`event_id`
FROM `users`
INNER JOIN `attendance` ON `attendance`.`student_id` = `users`.`id_number`
ORDER BY `attendance`.`time_in` DESC', [], false)
 4 APPPATH\Controllers\Admin.php(186): CodeIgniter\Database\BaseBuilder->get()
 5 SYSTEMPATH\CodeIgniter.php(933): App\Controllers\Admin->check_attendance()
 6 SYSTEMPATH\CodeIgniter.php(507): CodeIgniter\CodeIgniter->runController(Object(App\Controllers\Admin))
 7 SYSTEMPATH\CodeIgniter.php(354): CodeIgniter\CodeIgniter->handleRequest(null, Object(Config\Cache), false)
 8 SYSTEMPATH\Boot.php(363): CodeIgniter\CodeIgniter->run()
 9 SYSTEMPATH\Boot.php(68): CodeIgniter\Boot::runCodeIgniter(Object(CodeIgniter\CodeIgniter))
10 FCPATH\index.php(59): CodeIgniter\Boot::bootWeb(Object(Config\Paths))
CRITICAL - 2026-03-08 13:50:16 --> [Caused by] mysqli_sql_exception: Unknown column 'attendance.time_out' in 'field list'
in SYSTEMPATH\Database\MySQLi\Connection.php on line 327.
 1 SYSTEMPATH\Database\MySQLi\Connection.php(327): mysqli->query('SELECT `users`.`id_number` as `student_id`, `users`.`full_name`, `attendance`.`time_in`, `attendance`.`time_out`, `attendance`.`status`, `attendance`.`event_id`
FROM `users`
INNER JOIN `attendance` ON `attendance`.`student_id` = `users`.`id_number`
ORDER BY `attendance`.`time_in` DESC', 0)
 2 SYSTEMPATH\Database\BaseConnection.php(729): CodeIgniter\Database\MySQLi\Connection->execute('SELECT `users`.`id_number` as `student_id`, `users`.`full_name`, `attendance`.`time_in`, `attendance`.`time_out`, `attendance`.`status`, `attendance`.`event_id`
FROM `users`
INNER JOIN `attendance` ON `attendance`.`student_id` = `users`.`id_number`
ORDER BY `attendance`.`time_in` DESC')
 3 SYSTEMPATH\Database\BaseConnection.php(646): CodeIgniter\Database\BaseConnection->simpleQuery('SELECT `users`.`id_number` as `student_id`, `users`.`full_name`, `attendance`.`time_in`, `attendance`.`time_out`, `attendance`.`status`, `attendance`.`event_id`
FROM `users`
INNER JOIN `attendance` ON `attendance`.`student_id` = `users`.`id_number`
ORDER BY `attendance`.`time_in` DESC')
 4 SYSTEMPATH\Database\BaseBuilder.php(1649): CodeIgniter\Database\BaseConnection->query('SELECT `users`.`id_number` as `student_id`, `users`.`full_name`, `attendance`.`time_in`, `attendance`.`time_out`, `attendance`.`status`, `attendance`.`event_id`
FROM `users`
INNER JOIN `attendance` ON `attendance`.`student_id` = `users`.`id_number`
ORDER BY `attendance`.`time_in` DESC', [], false)
 5 APPPATH\Controllers\Admin.php(186): CodeIgniter\Database\BaseBuilder->get()
 6 SYSTEMPATH\CodeIgniter.php(933): App\Controllers\Admin->check_attendance()
 7 SYSTEMPATH\CodeIgniter.php(507): CodeIgniter\CodeIgniter->runController(Object(App\Controllers\Admin))
 8 SYSTEMPATH\CodeIgniter.php(354): CodeIgniter\CodeIgniter->handleRequest(null, Object(Config\Cache), false)
 9 SYSTEMPATH\Boot.php(363): CodeIgniter\CodeIgniter->run()
10 SYSTEMPATH\Boot.php(68): CodeIgniter\Boot::runCodeIgniter(Object(CodeIgniter\CodeIgniter))
11 FCPATH\index.php(59): CodeIgniter\Boot::bootWeb(Object(Config\Paths))
ERROR - 2026-03-08 13:50:16 --> mysqli_sql_exception: Unknown column 'attendance.time_out' in 'field list' in C:\xampp\htdocs\system\system\Database\MySQLi\Connection.php:327
Stack trace:
#0 C:\xampp\htdocs\system\system\Database\MySQLi\Connection.php(327): mysqli->query('SELECT `users`....', 0)
#1 C:\xampp\htdocs\system\system\Database\BaseConnection.php(729): CodeIgniter\Database\MySQLi\Connection->execute('SELECT `users`....')
#2 C:\xampp\htdocs\system\system\Database\BaseConnection.php(646): CodeIgniter\Database\BaseConnection->simpleQuery('SELECT `users`....')
#3 C:\xampp\htdocs\system\system\Database\BaseBuilder.php(1649): CodeIgniter\Database\BaseConnection->query('SELECT `users`....', Array, false)
#4 C:\xampp\htdocs\system\app\Controllers\Admin.php(186): CodeIgniter\Database\BaseBuilder->get()
#5 C:\xampp\htdocs\system\system\CodeIgniter.php(933): App\Controllers\Admin->check_attendance()
#6 C:\xampp\htdocs\system\system\CodeIgniter.php(507): CodeIgniter\CodeIgniter->runController(Object(App\Controllers\Admin))
#7 C:\xampp\htdocs\system\system\CodeIgniter.php(354): CodeIgniter\CodeIgniter->handleRequest(NULL, Object(Config\Cache), false)
#8 C:\xampp\htdocs\system\system\Boot.php(363): CodeIgniter\CodeIgniter->run()
#9 C:\xampp\htdocs\system\system\Boot.php(68): CodeIgniter\Boot::runCodeIgniter(Object(CodeIgniter\CodeIgniter))
#10 C:\xampp\htdocs\system\public\index.php(59): CodeIgniter\Boot::bootWeb(Object(Config\Paths))
#11 {main}
CRITICAL - 2026-03-08 13:50:16 --> CodeIgniter\Database\Exceptions\DatabaseException: Unknown column 'attendance.time_out' in 'field list'
[Method: GET, Route: admin/attendance_list]
in SYSTEMPATH\Database\BaseConnection.php on line 684.
 1 SYSTEMPATH\Database\BaseBuilder.php(1649): CodeIgniter\Database\BaseConnection->query('SELECT `users`.`id_number` as `student_id`, `users`.`full_name`, `attendance`.`time_in`, `attendance`.`time_out`, `attendance`.`status`, `attendance`.`event_id`
FROM `users`
INNER JOIN `attendance` ON `attendance`.`student_id` = `users`.`id_number`
ORDER BY `attendance`.`time_in` DESC', [], false)
 2 APPPATH\Controllers\Admin.php(186): CodeIgniter\Database\BaseBuilder->get()
 3 SYSTEMPATH\CodeIgniter.php(933): App\Controllers\Admin->check_attendance()
 4 SYSTEMPATH\CodeIgniter.php(507): CodeIgniter\CodeIgniter->runController(Object(App\Controllers\Admin))
 5 SYSTEMPATH\CodeIgniter.php(354): CodeIgniter\CodeIgniter->handleRequest(null, Object(Config\Cache), false)
 6 SYSTEMPATH\Boot.php(363): CodeIgniter\CodeIgniter->run()
 7 SYSTEMPATH\Boot.php(68): CodeIgniter\Boot::runCodeIgniter(Object(CodeIgniter\CodeIgniter))
 8 FCPATH\index.php(59): CodeIgniter\Boot::bootWeb(Object(Config\Paths))
CRITICAL - 2026-03-08 13:50:16 --> [Caused by] CodeIgniter\Database\Exceptions\DatabaseException: Unknown column 'attendance.time_out' in 'field list'
in SYSTEMPATH\Database\MySQLi\Connection.php on line 332.
 1 SYSTEMPATH\Database\BaseConnection.php(729): CodeIgniter\Database\MySQLi\Connection->execute('SELECT `users`.`id_number` as `student_id`, `users`.`full_name`, `attendance`.`time_in`, `attendance`.`time_out`, `attendance`.`status`, `attendance`.`event_id`
FROM `users`
INNER JOIN `attendance` ON `attendance`.`student_id` = `users`.`id_number`
ORDER BY `attendance`.`time_in` DESC')
 2 SYSTEMPATH\Database\BaseConnection.php(646): CodeIgniter\Database\BaseConnection->simpleQuery('SELECT `users`.`id_number` as `student_id`, `users`.`full_name`, `attendance`.`time_in`, `attendance`.`time_out`, `attendance`.`status`, `attendance`.`event_id`
FROM `users`
INNER JOIN `attendance` ON `attendance`.`student_id` = `users`.`id_number`
ORDER BY `attendance`.`time_in` DESC')
 3 SYSTEMPATH\Database\BaseBuilder.php(1649): CodeIgniter\Database\BaseConnection->query('SELECT `users`.`id_number` as `student_id`, `users`.`full_name`, `attendance`.`time_in`, `attendance`.`time_out`, `attendance`.`status`, `attendance`.`event_id`
FROM `users`
INNER JOIN `attendance` ON `attendance`.`student_id` = `users`.`id_number`
ORDER BY `attendance`.`time_in` DESC', [], false)
 4 APPPATH\Controllers\Admin.php(186): CodeIgniter\Database\BaseBuilder->get()
 5 SYSTEMPATH\CodeIgniter.php(933): App\Controllers\Admin->check_attendance()
 6 SYSTEMPATH\CodeIgniter.php(507): CodeIgniter\CodeIgniter->runController(Object(App\Controllers\Admin))
 7 SYSTEMPATH\CodeIgniter.php(354): CodeIgniter\CodeIgniter->handleRequest(null, Object(Config\Cache), false)
 8 SYSTEMPATH\Boot.php(363): CodeIgniter\CodeIgniter->run()
 9 SYSTEMPATH\Boot.php(68): CodeIgniter\Boot::runCodeIgniter(Object(CodeIgniter\CodeIgniter))
10 FCPATH\index.php(59): CodeIgniter\Boot::bootWeb(Object(Config\Paths))
CRITICAL - 2026-03-08 13:50:16 --> [Caused by] mysqli_sql_exception: Unknown column 'attendance.time_out' in 'field list'
in SYSTEMPATH\Database\MySQLi\Connection.php on line 327.
 1 SYSTEMPATH\Database\MySQLi\Connection.php(327): mysqli->query('SELECT `users`.`id_number` as `student_id`, `users`.`full_name`, `attendance`.`time_in`, `attendance`.`time_out`, `attendance`.`status`, `attendance`.`event_id`
FROM `users`
INNER JOIN `attendance` ON `attendance`.`student_id` = `users`.`id_number`
ORDER BY `attendance`.`time_in` DESC', 0)
 2 SYSTEMPATH\Database\BaseConnection.php(729): CodeIgniter\Database\MySQLi\Connection->execute('SELECT `users`.`id_number` as `student_id`, `users`.`full_name`, `attendance`.`time_in`, `attendance`.`time_out`, `attendance`.`status`, `attendance`.`event_id`
FROM `users`
INNER JOIN `attendance` ON `attendance`.`student_id` = `users`.`id_number`
ORDER BY `attendance`.`time_in` DESC')
 3 SYSTEMPATH\Database\BaseConnection.php(646): CodeIgniter\Database\BaseConnection->simpleQuery('SELECT `users`.`id_number` as `student_id`, `users`.`full_name`, `attendance`.`time_in`, `attendance`.`time_out`, `attendance`.`status`, `attendance`.`event_id`
FROM `users`
INNER JOIN `attendance` ON `attendance`.`student_id` = `users`.`id_number`
ORDER BY `attendance`.`time_in` DESC')
 4 SYSTEMPATH\Database\BaseBuilder.php(1649): CodeIgniter\Database\BaseConnection->query('SELECT `users`.`id_number` as `student_id`, `users`.`full_name`, `attendance`.`time_in`, `attendance`.`time_out`, `attendance`.`status`, `attendance`.`event_id`
FROM `users`
INNER JOIN `attendance` ON `attendance`.`student_id` = `users`.`id_number`
ORDER BY `attendance`.`time_in` DESC', [], false)
 5 APPPATH\Controllers\Admin.php(186): CodeIgniter\Database\BaseBuilder->get()
 6 SYSTEMPATH\CodeIgniter.php(933): App\Controllers\Admin->check_attendance()
 7 SYSTEMPATH\CodeIgniter.php(507): CodeIgniter\CodeIgniter->runController(Object(App\Controllers\Admin))
 8 SYSTEMPATH\CodeIgniter.php(354): CodeIgniter\CodeIgniter->handleRequest(null, Object(Config\Cache), false)
 9 SYSTEMPATH\Boot.php(363): CodeIgniter\CodeIgniter->run()
10 SYSTEMPATH\Boot.php(68): CodeIgniter\Boot::runCodeIgniter(Object(CodeIgniter\CodeIgniter))
11 FCPATH\index.php(59): CodeIgniter\Boot::bootWeb(Object(Config\Paths))
ERROR - 2026-03-08 13:50:22 --> mysqli_sql_exception: Unknown column 'attendance.time_out' in 'field list' in C:\xampp\htdocs\system\system\Database\MySQLi\Connection.php:327
Stack trace:
#0 C:\xampp\htdocs\system\system\Database\MySQLi\Connection.php(327): mysqli->query('SELECT `users`....', 0)
#1 C:\xampp\htdocs\system\system\Database\BaseConnection.php(729): CodeIgniter\Database\MySQLi\Connection->execute('SELECT `users`....')
#2 C:\xampp\htdocs\system\system\Database\BaseConnection.php(646): CodeIgniter\Database\BaseConnection->simpleQuery('SELECT `users`....')
#3 C:\xampp\htdocs\system\system\Database\BaseBuilder.php(1649): CodeIgniter\Database\BaseConnection->query('SELECT `users`....', Array, false)
#4 C:\xampp\htdocs\system\app\Controllers\Admin.php(218): CodeIgniter\Database\BaseBuilder->get()
#5 C:\xampp\htdocs\system\system\CodeIgniter.php(933): App\Controllers\Admin->attendance_terminal()
#6 C:\xampp\htdocs\system\system\CodeIgniter.php(507): CodeIgniter\CodeIgniter->runController(Object(App\Controllers\Admin))
#7 C:\xampp\htdocs\system\system\CodeIgniter.php(354): CodeIgniter\CodeIgniter->handleRequest(NULL, Object(Config\Cache), false)
#8 C:\xampp\htdocs\system\system\Boot.php(363): CodeIgniter\CodeIgniter->run()
#9 C:\xampp\htdocs\system\system\Boot.php(68): CodeIgniter\Boot::runCodeIgniter(Object(CodeIgniter\CodeIgniter))
#10 C:\xampp\htdocs\system\public\index.php(59): CodeIgniter\Boot::bootWeb(Object(Config\Paths))
#11 {main}
CRITICAL - 2026-03-08 13:50:22 --> CodeIgniter\Database\Exceptions\DatabaseException: Unknown column 'attendance.time_out' in 'field list'
[Method: GET, Route: admin/attendance_terminal]
in SYSTEMPATH\Database\BaseConnection.php on line 684.
 1 SYSTEMPATH\Database\BaseBuilder.php(1649): CodeIgniter\Database\BaseConnection->query('SELECT `users`.*, `attendance`.`time_in`, `attendance`.`time_out`
FROM `users`
LEFT JOIN `attendance` ON `attendance`.`student_id` = `users`.`id_number` AND `attendance`.`event_id` = 1
WHERE `users`.`id_number` = :users.id_number:
AND `role` = :role:', [...], false)
 2 APPPATH\Controllers\Admin.php(218): CodeIgniter\Database\BaseBuilder->get()
 3 SYSTEMPATH\CodeIgniter.php(933): App\Controllers\Admin->attendance_terminal()
 4 SYSTEMPATH\CodeIgniter.php(507): CodeIgniter\CodeIgniter->runController(Object(App\Controllers\Admin))
 5 SYSTEMPATH\CodeIgniter.php(354): CodeIgniter\CodeIgniter->handleRequest(null, Object(Config\Cache), false)
 6 SYSTEMPATH\Boot.php(363): CodeIgniter\CodeIgniter->run()
 7 SYSTEMPATH\Boot.php(68): CodeIgniter\Boot::runCodeIgniter(Object(CodeIgniter\CodeIgniter))
 8 FCPATH\index.php(59): CodeIgniter\Boot::bootWeb(Object(Config\Paths))
CRITICAL - 2026-03-08 13:50:22 --> [Caused by] CodeIgniter\Database\Exceptions\DatabaseException: Unknown column 'attendance.time_out' in 'field list'
in SYSTEMPATH\Database\MySQLi\Connection.php on line 332.
 1 SYSTEMPATH\Database\BaseConnection.php(729): CodeIgniter\Database\MySQLi\Connection->execute('SELECT `users`.*, `attendance`.`time_in`, `attendance`.`time_out`
FROM `users`
LEFT JOIN `attendance` ON `attendance`.`student_id` = `users`.`id_number` AND `attendance`.`event_id` = 1
WHERE `users`.`id_number` = \'23-a-01647\'
AND `role` = \'student\'')
 2 SYSTEMPATH\Database\BaseConnection.php(646): CodeIgniter\Database\BaseConnection->simpleQuery('SELECT `users`.*, `attendance`.`time_in`, `attendance`.`time_out`
FROM `users`
LEFT JOIN `attendance` ON `attendance`.`student_id` = `users`.`id_number` AND `attendance`.`event_id` = 1
WHERE `users`.`id_number` = \'23-a-01647\'
AND `role` = \'student\'')
 3 SYSTEMPATH\Database\BaseBuilder.php(1649): CodeIgniter\Database\BaseConnection->query('SELECT `users`.*, `attendance`.`time_in`, `attendance`.`time_out`
FROM `users`
LEFT JOIN `attendance` ON `attendance`.`student_id` = `users`.`id_number` AND `attendance`.`event_id` = 1
WHERE `users`.`id_number` = :users.id_number:
AND `role` = :role:', [...], false)
 4 APPPATH\Controllers\Admin.php(218): CodeIgniter\Database\BaseBuilder->get()
 5 SYSTEMPATH\CodeIgniter.php(933): App\Controllers\Admin->attendance_terminal()
 6 SYSTEMPATH\CodeIgniter.php(507): CodeIgniter\CodeIgniter->runController(Object(App\Controllers\Admin))
 7 SYSTEMPATH\CodeIgniter.php(354): CodeIgniter\CodeIgniter->handleRequest(null, Object(Config\Cache), false)
 8 SYSTEMPATH\Boot.php(363): CodeIgniter\CodeIgniter->run()
 9 SYSTEMPATH\Boot.php(68): CodeIgniter\Boot::runCodeIgniter(Object(CodeIgniter\CodeIgniter))
10 FCPATH\index.php(59): CodeIgniter\Boot::bootWeb(Object(Config\Paths))
CRITICAL - 2026-03-08 13:50:22 --> [Caused by] mysqli_sql_exception: Unknown column 'attendance.time_out' in 'field list'
in SYSTEMPATH\Database\MySQLi\Connection.php on line 327.
 1 SYSTEMPATH\Database\MySQLi\Connection.php(327): mysqli->query('SELECT `users`.*, `attendance`.`time_in`, `attendance`.`time_out`
FROM `users`
LEFT JOIN `attendance` ON `attendance`.`student_id` = `users`.`id_number` AND `attendance`.`event_id` = 1
WHERE `users`.`id_number` = \'23-a-01647\'
AND `role` = \'student\'', 0)
 2 SYSTEMPATH\Database\BaseConnection.php(729): CodeIgniter\Database\MySQLi\Connection->execute('SELECT `users`.*, `attendance`.`time_in`, `attendance`.`time_out`
FROM `users`
LEFT JOIN `attendance` ON `attendance`.`student_id` = `users`.`id_number` AND `attendance`.`event_id` = 1
WHERE `users`.`id_number` = \'23-a-01647\'
AND `role` = \'student\'')
 3 SYSTEMPATH\Database\BaseConnection.php(646): CodeIgniter\Database\BaseConnection->simpleQuery('SELECT `users`.*, `attendance`.`time_in`, `attendance`.`time_out`
FROM `users`
LEFT JOIN `attendance` ON `attendance`.`student_id` = `users`.`id_number` AND `attendance`.`event_id` = 1
WHERE `users`.`id_number` = \'23-a-01647\'
AND `role` = \'student\'')
 4 SYSTEMPATH\Database\BaseBuilder.php(1649): CodeIgniter\Database\BaseConnection->query('SELECT `users`.*, `attendance`.`time_in`, `attendance`.`time_out`
FROM `users`
LEFT JOIN `attendance` ON `attendance`.`student_id` = `users`.`id_number` AND `attendance`.`event_id` = 1
WHERE `users`.`id_number` = :users.id_number:
AND `role` = :role:', [...], false)
 5 APPPATH\Controllers\Admin.php(218): CodeIgniter\Database\BaseBuilder->get()
 6 SYSTEMPATH\CodeIgniter.php(933): App\Controllers\Admin->attendance_terminal()
 7 SYSTEMPATH\CodeIgniter.php(507): CodeIgniter\CodeIgniter->runController(Object(App\Controllers\Admin))
 8 SYSTEMPATH\CodeIgniter.php(354): CodeIgniter\CodeIgniter->handleRequest(null, Object(Config\Cache), false)
 9 SYSTEMPATH\Boot.php(363): CodeIgniter\CodeIgniter->run()
10 SYSTEMPATH\Boot.php(68): CodeIgniter\Boot::runCodeIgniter(Object(CodeIgniter\CodeIgniter))
11 FCPATH\index.php(59): CodeIgniter\Boot::bootWeb(Object(Config\Paths))
ERROR - 2026-03-08 13:50:39 --> mysqli_sql_exception: Unknown column 'attendance.time_out' in 'field list' in C:\xampp\htdocs\system\system\Database\MySQLi\Connection.php:327
Stack trace:
#0 C:\xampp\htdocs\system\system\Database\MySQLi\Connection.php(327): mysqli->query('SELECT `users`....', 0)
#1 C:\xampp\htdocs\system\system\Database\BaseConnection.php(729): CodeIgniter\Database\MySQLi\Connection->execute('SELECT `users`....')
#2 C:\xampp\htdocs\system\system\Database\BaseConnection.php(646): CodeIgniter\Database\BaseConnection->simpleQuery('SELECT `users`....')
#3 C:\xampp\htdocs\system\system\Database\BaseBuilder.php(1649): CodeIgniter\Database\BaseConnection->query('SELECT `users`....', Array, false)
#4 C:\xampp\htdocs\system\app\Controllers\Admin.php(186): CodeIgniter\Database\BaseBuilder->get()
#5 C:\xampp\htdocs\system\system\CodeIgniter.php(933): App\Controllers\Admin->check_attendance()
#6 C:\xampp\htdocs\system\system\CodeIgniter.php(507): CodeIgniter\CodeIgniter->runController(Object(App\Controllers\Admin))
#7 C:\xampp\htdocs\system\system\CodeIgniter.php(354): CodeIgniter\CodeIgniter->handleRequest(NULL, Object(Config\Cache), false)
#8 C:\xampp\htdocs\system\system\Boot.php(363): CodeIgniter\CodeIgniter->run()
#9 C:\xampp\htdocs\system\system\Boot.php(68): CodeIgniter\Boot::runCodeIgniter(Object(CodeIgniter\CodeIgniter))
#10 C:\xampp\htdocs\system\public\index.php(59): CodeIgniter\Boot::bootWeb(Object(Config\Paths))
#11 {main}
CRITICAL - 2026-03-08 13:50:39 --> CodeIgniter\Database\Exceptions\DatabaseException: Unknown column 'attendance.time_out' in 'field list'
[Method: GET, Route: admin/attendance_list]
in SYSTEMPATH\Database\BaseConnection.php on line 684.
 1 SYSTEMPATH\Database\BaseBuilder.php(1649): CodeIgniter\Database\BaseConnection->query('SELECT `users`.`id_number` as `student_id`, `users`.`full_name`, `attendance`.`time_in`, `attendance`.`time_out`, `attendance`.`status`, `attendance`.`event_id`
FROM `users`
INNER JOIN `attendance` ON `attendance`.`student_id` = `users`.`id_number`
ORDER BY `attendance`.`time_in` DESC', [], false)
 2 APPPATH\Controllers\Admin.php(186): CodeIgniter\Database\BaseBuilder->get()
 3 SYSTEMPATH\CodeIgniter.php(933): App\Controllers\Admin->check_attendance()
 4 SYSTEMPATH\CodeIgniter.php(507): CodeIgniter\CodeIgniter->runController(Object(App\Controllers\Admin))
 5 SYSTEMPATH\CodeIgniter.php(354): CodeIgniter\CodeIgniter->handleRequest(null, Object(Config\Cache), false)
 6 SYSTEMPATH\Boot.php(363): CodeIgniter\CodeIgniter->run()
 7 SYSTEMPATH\Boot.php(68): CodeIgniter\Boot::runCodeIgniter(Object(CodeIgniter\CodeIgniter))
 8 FCPATH\index.php(59): CodeIgniter\Boot::bootWeb(Object(Config\Paths))
CRITICAL - 2026-03-08 13:50:39 --> [Caused by] CodeIgniter\Database\Exceptions\DatabaseException: Unknown column 'attendance.time_out' in 'field list'
in SYSTEMPATH\Database\MySQLi\Connection.php on line 332.
 1 SYSTEMPATH\Database\BaseConnection.php(729): CodeIgniter\Database\MySQLi\Connection->execute('SELECT `users`.`id_number` as `student_id`, `users`.`full_name`, `attendance`.`time_in`, `attendance`.`time_out`, `attendance`.`status`, `attendance`.`event_id`
FROM `users`
INNER JOIN `attendance` ON `attendance`.`student_id` = `users`.`id_number`
ORDER BY `attendance`.`time_in` DESC')
 2 SYSTEMPATH\Database\BaseConnection.php(646): CodeIgniter\Database\BaseConnection->simpleQuery('SELECT `users`.`id_number` as `student_id`, `users`.`full_name`, `attendance`.`time_in`, `attendance`.`time_out`, `attendance`.`status`, `attendance`.`event_id`
FROM `users`
INNER JOIN `attendance` ON `attendance`.`student_id` = `users`.`id_number`
ORDER BY `attendance`.`time_in` DESC')
 3 SYSTEMPATH\Database\BaseBuilder.php(1649): CodeIgniter\Database\BaseConnection->query('SELECT `users`.`id_number` as `student_id`, `users`.`full_name`, `attendance`.`time_in`, `attendance`.`time_out`, `attendance`.`status`, `attendance`.`event_id`
FROM `users`
INNER JOIN `attendance` ON `attendance`.`student_id` = `users`.`id_number`
ORDER BY `attendance`.`time_in` DESC', [], false)
 4 APPPATH\Controllers\Admin.php(186): CodeIgniter\Database\BaseBuilder->get()
 5 SYSTEMPATH\CodeIgniter.php(933): App\Controllers\Admin->check_attendance()
 6 SYSTEMPATH\CodeIgniter.php(507): CodeIgniter\CodeIgniter->runController(Object(App\Controllers\Admin))
 7 SYSTEMPATH\CodeIgniter.php(354): CodeIgniter\CodeIgniter->handleRequest(null, Object(Config\Cache), false)
 8 SYSTEMPATH\Boot.php(363): CodeIgniter\CodeIgniter->run()
 9 SYSTEMPATH\Boot.php(68): CodeIgniter\Boot::runCodeIgniter(Object(CodeIgniter\CodeIgniter))
10 FCPATH\index.php(59): CodeIgniter\Boot::bootWeb(Object(Config\Paths))
CRITICAL - 2026-03-08 13:50:39 --> [Caused by] mysqli_sql_exception: Unknown column 'attendance.time_out' in 'field list'
in SYSTEMPATH\Database\MySQLi\Connection.php on line 327.
 1 SYSTEMPATH\Database\MySQLi\Connection.php(327): mysqli->query('SELECT `users`.`id_number` as `student_id`, `users`.`full_name`, `attendance`.`time_in`, `attendance`.`time_out`, `attendance`.`status`, `attendance`.`event_id`
FROM `users`
INNER JOIN `attendance` ON `attendance`.`student_id` = `users`.`id_number`
ORDER BY `attendance`.`time_in` DESC', 0)
 2 SYSTEMPATH\Database\BaseConnection.php(729): CodeIgniter\Database\MySQLi\Connection->execute('SELECT `users`.`id_number` as `student_id`, `users`.`full_name`, `attendance`.`time_in`, `attendance`.`time_out`, `attendance`.`status`, `attendance`.`event_id`
FROM `users`
INNER JOIN `attendance` ON `attendance`.`student_id` = `users`.`id_number`
ORDER BY `attendance`.`time_in` DESC')
 3 SYSTEMPATH\Database\BaseConnection.php(646): CodeIgniter\Database\BaseConnection->simpleQuery('SELECT `users`.`id_number` as `student_id`, `users`.`full_name`, `attendance`.`time_in`, `attendance`.`time_out`, `attendance`.`status`, `attendance`.`event_id`
FROM `users`
INNER JOIN `attendance` ON `attendance`.`student_id` = `users`.`id_number`
ORDER BY `attendance`.`time_in` DESC')
 4 SYSTEMPATH\Database\BaseBuilder.php(1649): CodeIgniter\Database\BaseConnection->query('SELECT `users`.`id_number` as `student_id`, `users`.`full_name`, `attendance`.`time_in`, `attendance`.`time_out`, `attendance`.`status`, `attendance`.`event_id`
FROM `users`
INNER JOIN `attendance` ON `attendance`.`student_id` = `users`.`id_number`
ORDER BY `attendance`.`time_in` DESC', [], false)
 5 APPPATH\Controllers\Admin.php(186): CodeIgniter\Database\BaseBuilder->get()
 6 SYSTEMPATH\CodeIgniter.php(933): App\Controllers\Admin->check_attendance()
 7 SYSTEMPATH\CodeIgniter.php(507): CodeIgniter\CodeIgniter->runController(Object(App\Controllers\Admin))
 8 SYSTEMPATH\CodeIgniter.php(354): CodeIgniter\CodeIgniter->handleRequest(null, Object(Config\Cache), false)
 9 SYSTEMPATH\Boot.php(363): CodeIgniter\CodeIgniter->run()
10 SYSTEMPATH\Boot.php(68): CodeIgniter\Boot::runCodeIgniter(Object(CodeIgniter\CodeIgniter))
11 FCPATH\index.php(59): CodeIgniter\Boot::bootWeb(Object(Config\Paths))
ERROR - 2026-03-08 13:58:11 --> mysqli_sql_exception: Unknown column 'date' in 'field list' in C:\xampp\htdocs\system\system\Database\MySQLi\Connection.php:327
Stack trace:
#0 C:\xampp\htdocs\system\system\Database\MySQLi\Connection.php(327): mysqli->query('INSERT INTO `at...', 0)
#1 C:\xampp\htdocs\system\system\Database\BaseConnection.php(729): CodeIgniter\Database\MySQLi\Connection->execute('INSERT INTO `at...')
#2 C:\xampp\htdocs\system\system\Database\BaseConnection.php(646): CodeIgniter\Database\BaseConnection->simpleQuery('INSERT INTO `at...')
#3 C:\xampp\htdocs\system\system\Database\BaseBuilder.php(2345): CodeIgniter\Database\BaseConnection->query('INSERT INTO `at...', Array, false)
#4 C:\xampp\htdocs\system\app\Controllers\Admin.php(133): CodeIgniter\Database\BaseBuilder->insert(Array)
#5 C:\xampp\htdocs\system\system\CodeIgniter.php(933): App\Controllers\Admin->toggle_attendance('23-a-01234', '1')
#6 C:\xampp\htdocs\system\system\CodeIgniter.php(507): CodeIgniter\CodeIgniter->runController(Object(App\Controllers\Admin))
#7 C:\xampp\htdocs\system\system\CodeIgniter.php(354): CodeIgniter\CodeIgniter->handleRequest(NULL, Object(Config\Cache), false)
#8 C:\xampp\htdocs\system\system\Boot.php(363): CodeIgniter\CodeIgniter->run()
#9 C:\xampp\htdocs\system\system\Boot.php(68): CodeIgniter\Boot::runCodeIgniter(Object(CodeIgniter\CodeIgniter))
#10 C:\xampp\htdocs\system\public\index.php(59): CodeIgniter\Boot::bootWeb(Object(Config\Paths))
#11 {main}
CRITICAL - 2026-03-08 13:58:11 --> CodeIgniter\Database\Exceptions\DatabaseException: Unknown column 'date' in 'field list'
[Method: GET, Route: admin/toggle_attendance/23-a-01234/1]
in SYSTEMPATH\Database\BaseConnection.php on line 684.
 1 SYSTEMPATH\Database\BaseBuilder.php(2345): CodeIgniter\Database\BaseConnection->query('INSERT INTO `attendance` (`student_id`, `event_id`, `time_in`, `date`, `status`) VALUES (:student_id:, :event_id:, :time_in:, :date:, :status:)', [...], false)
 2 APPPATH\Controllers\Admin.php(133): CodeIgniter\Database\BaseBuilder->insert([...])
 3 SYSTEMPATH\CodeIgniter.php(933): App\Controllers\Admin->toggle_attendance('23-a-01234', '1')
 4 SYSTEMPATH\CodeIgniter.php(507): CodeIgniter\CodeIgniter->runController(Object(App\Controllers\Admin))
 5 SYSTEMPATH\CodeIgniter.php(354): CodeIgniter\CodeIgniter->handleRequest(null, Object(Config\Cache), false)
 6 SYSTEMPATH\Boot.php(363): CodeIgniter\CodeIgniter->run()
 7 SYSTEMPATH\Boot.php(68): CodeIgniter\Boot::runCodeIgniter(Object(CodeIgniter\CodeIgniter))
 8 FCPATH\index.php(59): CodeIgniter\Boot::bootWeb(Object(Config\Paths))
CRITICAL - 2026-03-08 13:58:11 --> [Caused by] CodeIgniter\Database\Exceptions\DatabaseException: Unknown column 'date' in 'field list'
in SYSTEMPATH\Database\MySQLi\Connection.php on line 332.
 1 SYSTEMPATH\Database\BaseConnection.php(729): CodeIgniter\Database\MySQLi\Connection->execute('INSERT INTO `attendance` (`student_id`, `event_id`, `time_in`, `date`, `status`) VALUES (\'23-a-01234\', \'1\', \'2026-03-08 13:58:11\', \'2026-03-08\', \'Present\')')
 2 SYSTEMPATH\Database\BaseConnection.php(646): CodeIgniter\Database\BaseConnection->simpleQuery('INSERT INTO `attendance` (`student_id`, `event_id`, `time_in`, `date`, `status`) VALUES (\'23-a-01234\', \'1\', \'2026-03-08 13:58:11\', \'2026-03-08\', \'Present\')')
 3 SYSTEMPATH\Database\BaseBuilder.php(2345): CodeIgniter\Database\BaseConnection->query('INSERT INTO `attendance` (`student_id`, `event_id`, `time_in`, `date`, `status`) VALUES (:student_id:, :event_id:, :time_in:, :date:, :status:)', [...], false)
 4 APPPATH\Controllers\Admin.php(133): CodeIgniter\Database\BaseBuilder->insert([...])
 5 SYSTEMPATH\CodeIgniter.php(933): App\Controllers\Admin->toggle_attendance('23-a-01234', '1')
 6 SYSTEMPATH\CodeIgniter.php(507): CodeIgniter\CodeIgniter->runController(Object(App\Controllers\Admin))
 7 SYSTEMPATH\CodeIgniter.php(354): CodeIgniter\CodeIgniter->handleRequest(null, Object(Config\Cache), false)
 8 SYSTEMPATH\Boot.php(363): CodeIgniter\CodeIgniter->run()
 9 SYSTEMPATH\Boot.php(68): CodeIgniter\Boot::runCodeIgniter(Object(CodeIgniter\CodeIgniter))
10 FCPATH\index.php(59): CodeIgniter\Boot::bootWeb(Object(Config\Paths))
CRITICAL - 2026-03-08 13:58:11 --> [Caused by] mysqli_sql_exception: Unknown column 'date' in 'field list'
in SYSTEMPATH\Database\MySQLi\Connection.php on line 327.
 1 SYSTEMPATH\Database\MySQLi\Connection.php(327): mysqli->query('INSERT INTO `attendance` (`student_id`, `event_id`, `time_in`, `date`, `status`) VALUES (\'23-a-01234\', \'1\', \'2026-03-08 13:58:11\', \'2026-03-08\', \'Present\')', 0)
 2 SYSTEMPATH\Database\BaseConnection.php(729): CodeIgniter\Database\MySQLi\Connection->execute('INSERT INTO `attendance` (`student_id`, `event_id`, `time_in`, `date`, `status`) VALUES (\'23-a-01234\', \'1\', \'2026-03-08 13:58:11\', \'2026-03-08\', \'Present\')')
 3 SYSTEMPATH\Database\BaseConnection.php(646): CodeIgniter\Database\BaseConnection->simpleQuery('INSERT INTO `attendance` (`student_id`, `event_id`, `time_in`, `date`, `status`) VALUES (\'23-a-01234\', \'1\', \'2026-03-08 13:58:11\', \'2026-03-08\', \'Present\')')
 4 SYSTEMPATH\Database\BaseBuilder.php(2345): CodeIgniter\Database\BaseConnection->query('INSERT INTO `attendance` (`student_id`, `event_id`, `time_in`, `date`, `status`) VALUES (:student_id:, :event_id:, :time_in:, :date:, :status:)', [...], false)
 5 APPPATH\Controllers\Admin.php(133): CodeIgniter\Database\BaseBuilder->insert([...])
 6 SYSTEMPATH\CodeIgniter.php(933): App\Controllers\Admin->toggle_attendance('23-a-01234', '1')
 7 SYSTEMPATH\CodeIgniter.php(507): CodeIgniter\CodeIgniter->runController(Object(App\Controllers\Admin))
 8 SYSTEMPATH\CodeIgniter.php(354): CodeIgniter\CodeIgniter->handleRequest(null, Object(Config\Cache), false)
 9 SYSTEMPATH\Boot.php(363): CodeIgniter\CodeIgniter->run()
10 SYSTEMPATH\Boot.php(68): CodeIgniter\Boot::runCodeIgniter(Object(CodeIgniter\CodeIgniter))
11 FCPATH\index.php(59): CodeIgniter\Boot::bootWeb(Object(Config\Paths))
ERROR - 2026-03-08 13:58:13 --> mysqli_sql_exception: Unknown column 'date' in 'field list' in C:\xampp\htdocs\system\system\Database\MySQLi\Connection.php:327
Stack trace:
#0 C:\xampp\htdocs\system\system\Database\MySQLi\Connection.php(327): mysqli->query('INSERT INTO `at...', 0)
#1 C:\xampp\htdocs\system\system\Database\BaseConnection.php(729): CodeIgniter\Database\MySQLi\Connection->execute('INSERT INTO `at...')
#2 C:\xampp\htdocs\system\system\Database\BaseConnection.php(646): CodeIgniter\Database\BaseConnection->simpleQuery('INSERT INTO `at...')
#3 C:\xampp\htdocs\system\system\Database\BaseBuilder.php(2345): CodeIgniter\Database\BaseConnection->query('INSERT INTO `at...', Array, false)
#4 C:\xampp\htdocs\system\app\Controllers\Admin.php(133): CodeIgniter\Database\BaseBuilder->insert(Array)
#5 C:\xampp\htdocs\system\system\CodeIgniter.php(933): App\Controllers\Admin->toggle_attendance('23-a-01234', '1')
#6 C:\xampp\htdocs\system\system\CodeIgniter.php(507): CodeIgniter\CodeIgniter->runController(Object(App\Controllers\Admin))
#7 C:\xampp\htdocs\system\system\CodeIgniter.php(354): CodeIgniter\CodeIgniter->handleRequest(NULL, Object(Config\Cache), false)
#8 C:\xampp\htdocs\system\system\Boot.php(363): CodeIgniter\CodeIgniter->run()
#9 C:\xampp\htdocs\system\system\Boot.php(68): CodeIgniter\Boot::runCodeIgniter(Object(CodeIgniter\CodeIgniter))
#10 C:\xampp\htdocs\system\public\index.php(59): CodeIgniter\Boot::bootWeb(Object(Config\Paths))
#11 {main}
CRITICAL - 2026-03-08 13:58:13 --> CodeIgniter\Database\Exceptions\DatabaseException: Unknown column 'date' in 'field list'
[Method: GET, Route: admin/toggle_attendance/23-a-01234/1]
in SYSTEMPATH\Database\BaseConnection.php on line 684.
 1 SYSTEMPATH\Database\BaseBuilder.php(2345): CodeIgniter\Database\BaseConnection->query('INSERT INTO `attendance` (`student_id`, `event_id`, `time_in`, `date`, `status`) VALUES (:student_id:, :event_id:, :time_in:, :date:, :status:)', [...], false)
 2 APPPATH\Controllers\Admin.php(133): CodeIgniter\Database\BaseBuilder->insert([...])
 3 SYSTEMPATH\CodeIgniter.php(933): App\Controllers\Admin->toggle_attendance('23-a-01234', '1')
 4 SYSTEMPATH\CodeIgniter.php(507): CodeIgniter\CodeIgniter->runController(Object(App\Controllers\Admin))
 5 SYSTEMPATH\CodeIgniter.php(354): CodeIgniter\CodeIgniter->handleRequest(null, Object(Config\Cache), false)
 6 SYSTEMPATH\Boot.php(363): CodeIgniter\CodeIgniter->run()
 7 SYSTEMPATH\Boot.php(68): CodeIgniter\Boot::runCodeIgniter(Object(CodeIgniter\CodeIgniter))
 8 FCPATH\index.php(59): CodeIgniter\Boot::bootWeb(Object(Config\Paths))
CRITICAL - 2026-03-08 13:58:13 --> [Caused by] CodeIgniter\Database\Exceptions\DatabaseException: Unknown column 'date' in 'field list'
in SYSTEMPATH\Database\MySQLi\Connection.php on line 332.
 1 SYSTEMPATH\Database\BaseConnection.php(729): CodeIgniter\Database\MySQLi\Connection->execute('INSERT INTO `attendance` (`student_id`, `event_id`, `time_in`, `date`, `status`) VALUES (\'23-a-01234\', \'1\', \'2026-03-08 13:58:13\', \'2026-03-08\', \'Present\')')
 2 SYSTEMPATH\Database\BaseConnection.php(646): CodeIgniter\Database\BaseConnection->simpleQuery('INSERT INTO `attendance` (`student_id`, `event_id`, `time_in`, `date`, `status`) VALUES (\'23-a-01234\', \'1\', \'2026-03-08 13:58:13\', \'2026-03-08\', \'Present\')')
 3 SYSTEMPATH\Database\BaseBuilder.php(2345): CodeIgniter\Database\BaseConnection->query('INSERT INTO `attendance` (`student_id`, `event_id`, `time_in`, `date`, `status`) VALUES (:student_id:, :event_id:, :time_in:, :date:, :status:)', [...], false)
 4 APPPATH\Controllers\Admin.php(133): CodeIgniter\Database\BaseBuilder->insert([...])
 5 SYSTEMPATH\CodeIgniter.php(933): App\Controllers\Admin->toggle_attendance('23-a-01234', '1')
 6 SYSTEMPATH\CodeIgniter.php(507): CodeIgniter\CodeIgniter->runController(Object(App\Controllers\Admin))
 7 SYSTEMPATH\CodeIgniter.php(354): CodeIgniter\CodeIgniter->handleRequest(null, Object(Config\Cache), false)
 8 SYSTEMPATH\Boot.php(363): CodeIgniter\CodeIgniter->run()
 9 SYSTEMPATH\Boot.php(68): CodeIgniter\Boot::runCodeIgniter(Object(CodeIgniter\CodeIgniter))
10 FCPATH\index.php(59): CodeIgniter\Boot::bootWeb(Object(Config\Paths))
CRITICAL - 2026-03-08 13:58:13 --> [Caused by] mysqli_sql_exception: Unknown column 'date' in 'field list'
in SYSTEMPATH\Database\MySQLi\Connection.php on line 327.
 1 SYSTEMPATH\Database\MySQLi\Connection.php(327): mysqli->query('INSERT INTO `attendance` (`student_id`, `event_id`, `time_in`, `date`, `status`) VALUES (\'23-a-01234\', \'1\', \'2026-03-08 13:58:13\', \'2026-03-08\', \'Present\')', 0)
 2 SYSTEMPATH\Database\BaseConnection.php(729): CodeIgniter\Database\MySQLi\Connection->execute('INSERT INTO `attendance` (`student_id`, `event_id`, `time_in`, `date`, `status`) VALUES (\'23-a-01234\', \'1\', \'2026-03-08 13:58:13\', \'2026-03-08\', \'Present\')')
 3 SYSTEMPATH\Database\BaseConnection.php(646): CodeIgniter\Database\BaseConnection->simpleQuery('INSERT INTO `attendance` (`student_id`, `event_id`, `time_in`, `date`, `status`) VALUES (\'23-a-01234\', \'1\', \'2026-03-08 13:58:13\', \'2026-03-08\', \'Present\')')
 4 SYSTEMPATH\Database\BaseBuilder.php(2345): CodeIgniter\Database\BaseConnection->query('INSERT INTO `attendance` (`student_id`, `event_id`, `time_in`, `date`, `status`) VALUES (:student_id:, :event_id:, :time_in:, :date:, :status:)', [...], false)
 5 APPPATH\Controllers\Admin.php(133): CodeIgniter\Database\BaseBuilder->insert([...])
 6 SYSTEMPATH\CodeIgniter.php(933): App\Controllers\Admin->toggle_attendance('23-a-01234', '1')
 7 SYSTEMPATH\CodeIgniter.php(507): CodeIgniter\CodeIgniter->runController(Object(App\Controllers\Admin))
 8 SYSTEMPATH\CodeIgniter.php(354): CodeIgniter\CodeIgniter->handleRequest(null, Object(Config\Cache), false)
 9 SYSTEMPATH\Boot.php(363): CodeIgniter\CodeIgniter->run()
10 SYSTEMPATH\Boot.php(68): CodeIgniter\Boot::runCodeIgniter(Object(CodeIgniter\CodeIgniter))
11 FCPATH\index.php(59): CodeIgniter\Boot::bootWeb(Object(Config\Paths))
CRITICAL - 2026-03-08 14:07:49 --> Error: Class "App\Models\EventModel" not found
[Method: GET, Route: admin/view_student/23-a-01234]
in APPPATH\Controllers\Admin.php on line 62.
 1 SYSTEMPATH\CodeIgniter.php(933): App\Controllers\Admin->view_student('23-a-01234')
 2 SYSTEMPATH\CodeIgniter.php(507): CodeIgniter\CodeIgniter->runController(Object(App\Controllers\Admin))
 3 SYSTEMPATH\CodeIgniter.php(354): CodeIgniter\CodeIgniter->handleRequest(null, Object(Config\Cache), false)
 4 SYSTEMPATH\Boot.php(363): CodeIgniter\CodeIgniter->run()
 5 SYSTEMPATH\Boot.php(68): CodeIgniter\Boot::runCodeIgniter(Object(CodeIgniter\CodeIgniter))
 6 FCPATH\index.php(59): CodeIgniter\Boot::bootWeb(Object(Config\Paths))
CRITICAL - 2026-03-08 14:08:09 --> Error: Class "App\Models\EventModel" not found
[Method: GET, Route: admin/view_student/23-a-01234]
in APPPATH\Controllers\Admin.php on line 62.
 1 SYSTEMPATH\CodeIgniter.php(933): App\Controllers\Admin->view_student('23-a-01234')
 2 SYSTEMPATH\CodeIgniter.php(507): CodeIgniter\CodeIgniter->runController(Object(App\Controllers\Admin))
 3 SYSTEMPATH\CodeIgniter.php(354): CodeIgniter\CodeIgniter->handleRequest(null, Object(Config\Cache), false)
 4 SYSTEMPATH\Boot.php(363): CodeIgniter\CodeIgniter->run()
 5 SYSTEMPATH\Boot.php(68): CodeIgniter\Boot::runCodeIgniter(Object(CodeIgniter\CodeIgniter))
 6 FCPATH\index.php(59): CodeIgniter\Boot::bootWeb(Object(Config\Paths))
CRITICAL - 2026-03-08 14:08:10 --> Error: Class "App\Models\EventModel" not found
[Method: GET, Route: admin/view_student/23-a-01234]
in APPPATH\Controllers\Admin.php on line 62.
 1 SYSTEMPATH\CodeIgniter.php(933): App\Controllers\Admin->view_student('23-a-01234')
 2 SYSTEMPATH\CodeIgniter.php(507): CodeIgniter\CodeIgniter->runController(Object(App\Controllers\Admin))
 3 SYSTEMPATH\CodeIgniter.php(354): CodeIgniter\CodeIgniter->handleRequest(null, Object(Config\Cache), false)
 4 SYSTEMPATH\Boot.php(363): CodeIgniter\CodeIgniter->run()
 5 SYSTEMPATH\Boot.php(68): CodeIgniter\Boot::runCodeIgniter(Object(CodeIgniter\CodeIgniter))
 6 FCPATH\index.php(59): CodeIgniter\Boot::bootWeb(Object(Config\Paths))
CRITICAL - 2026-03-08 14:08:10 --> Error: Class "App\Models\EventModel" not found
[Method: GET, Route: admin/view_student/23-a-01234]
in APPPATH\Controllers\Admin.php on line 62.
 1 SYSTEMPATH\CodeIgniter.php(933): App\Controllers\Admin->view_student('23-a-01234')
 2 SYSTEMPATH\CodeIgniter.php(507): CodeIgniter\CodeIgniter->runController(Object(App\Controllers\Admin))
 3 SYSTEMPATH\CodeIgniter.php(354): CodeIgniter\CodeIgniter->handleRequest(null, Object(Config\Cache), false)
 4 SYSTEMPATH\Boot.php(363): CodeIgniter\CodeIgniter->run()
 5 SYSTEMPATH\Boot.php(68): CodeIgniter\Boot::runCodeIgniter(Object(CodeIgniter\CodeIgniter))
 6 FCPATH\index.php(59): CodeIgniter\Boot::bootWeb(Object(Config\Paths))
CRITICAL - 2026-03-08 14:08:11 --> Error: Class "App\Models\EventModel" not found
[Method: GET, Route: admin/view_student/23-a-01234]
in APPPATH\Controllers\Admin.php on line 62.
 1 SYSTEMPATH\CodeIgniter.php(933): App\Controllers\Admin->view_student('23-a-01234')
 2 SYSTEMPATH\CodeIgniter.php(507): CodeIgniter\CodeIgniter->runController(Object(App\Controllers\Admin))
 3 SYSTEMPATH\CodeIgniter.php(354): CodeIgniter\CodeIgniter->handleRequest(null, Object(Config\Cache), false)
 4 SYSTEMPATH\Boot.php(363): CodeIgniter\CodeIgniter->run()
 5 SYSTEMPATH\Boot.php(68): CodeIgniter\Boot::runCodeIgniter(Object(CodeIgniter\CodeIgniter))
 6 FCPATH\index.php(59): CodeIgniter\Boot::bootWeb(Object(Config\Paths))
CRITICAL - 2026-03-08 14:08:13 --> Error: Class "App\Models\EventModel" not found
[Method: GET, Route: admin]
in APPPATH\Controllers\Admin.php on line 20.
 1 SYSTEMPATH\CodeIgniter.php(933): App\Controllers\Admin->index()
 2 SYSTEMPATH\CodeIgniter.php(507): CodeIgniter\CodeIgniter->runController(Object(App\Controllers\Admin))
 3 SYSTEMPATH\CodeIgniter.php(354): CodeIgniter\CodeIgniter->handleRequest(null, Object(Config\Cache), false)
 4 SYSTEMPATH\Boot.php(363): CodeIgniter\CodeIgniter->run()
 5 SYSTEMPATH\Boot.php(68): CodeIgniter\Boot::runCodeIgniter(Object(CodeIgniter\CodeIgniter))
 6 FCPATH\index.php(59): CodeIgniter\Boot::bootWeb(Object(Config\Paths))
CRITICAL - 2026-03-08 14:08:17 --> Error: Class "App\Models\EventModel" not found
[Method: GET, Route: admin/view_student/23-a-01234]
in APPPATH\Controllers\Admin.php on line 62.
 1 SYSTEMPATH\CodeIgniter.php(933): App\Controllers\Admin->view_student('23-a-01234')
 2 SYSTEMPATH\CodeIgniter.php(507): CodeIgniter\CodeIgniter->runController(Object(App\Controllers\Admin))
 3 SYSTEMPATH\CodeIgniter.php(354): CodeIgniter\CodeIgniter->handleRequest(null, Object(Config\Cache), false)
 4 SYSTEMPATH\Boot.php(363): CodeIgniter\CodeIgniter->run()
 5 SYSTEMPATH\Boot.php(68): CodeIgniter\Boot::runCodeIgniter(Object(CodeIgniter\CodeIgniter))
 6 FCPATH\index.php(59): CodeIgniter\Boot::bootWeb(Object(Config\Paths))
ERROR - 2026-03-08 14:40:40 --> mysqli_sql_exception: Unknown column 'announcements.user_id' in 'on clause' in C:\xampp\htdocs\system\system\Database\MySQLi\Connection.php:327
Stack trace:
#0 C:\xampp\htdocs\system\system\Database\MySQLi\Connection.php(327): mysqli->query('SELECT `announc...', 0)
#1 C:\xampp\htdocs\system\system\Database\BaseConnection.php(729): CodeIgniter\Database\MySQLi\Connection->execute('SELECT `announc...')
#2 C:\xampp\htdocs\system\system\Database\BaseConnection.php(646): CodeIgniter\Database\BaseConnection->simpleQuery('SELECT `announc...')
#3 C:\xampp\htdocs\system\system\Database\BaseBuilder.php(1649): CodeIgniter\Database\BaseConnection->query('SELECT `announc...', Array, false)
#4 C:\xampp\htdocs\system\app\Controllers\Student.php(23): CodeIgniter\Database\BaseBuilder->get()
#5 C:\xampp\htdocs\system\system\CodeIgniter.php(933): App\Controllers\Student->index()
#6 C:\xampp\htdocs\system\system\CodeIgniter.php(507): CodeIgniter\CodeIgniter->runController(Object(App\Controllers\Student))
#7 C:\xampp\htdocs\system\system\CodeIgniter.php(354): CodeIgniter\CodeIgniter->handleRequest(NULL, Object(Config\Cache), false)
#8 C:\xampp\htdocs\system\system\Boot.php(363): CodeIgniter\CodeIgniter->run()
#9 C:\xampp\htdocs\system\system\Boot.php(68): CodeIgniter\Boot::runCodeIgniter(Object(CodeIgniter\CodeIgniter))
#10 C:\xampp\htdocs\system\public\index.php(59): CodeIgniter\Boot::bootWeb(Object(Config\Paths))
#11 {main}
CRITICAL - 2026-03-08 14:40:40 --> CodeIgniter\Database\Exceptions\DatabaseException: Unknown column 'announcements.user_id' in 'on clause'
[Method: GET, Route: student/dashboard]
in SYSTEMPATH\Database\BaseConnection.php on line 684.
 1 SYSTEMPATH\Database\BaseBuilder.php(1649): CodeIgniter\Database\BaseConnection->query('SELECT `announcements`.*, `users`.`full_name` as `author_name`, `users`.`profile_pic` as `author_pic`
FROM `announcements`
LEFT JOIN `users` ON `users`.`id` = `announcements`.`user_id`
ORDER BY `announcements`.`created_at` DESC', [], false)
 2 APPPATH\Controllers\Student.php(23): CodeIgniter\Database\BaseBuilder->get()
 3 SYSTEMPATH\CodeIgniter.php(933): App\Controllers\Student->index()
 4 SYSTEMPATH\CodeIgniter.php(507): CodeIgniter\CodeIgniter->runController(Object(App\Controllers\Student))
 5 SYSTEMPATH\CodeIgniter.php(354): CodeIgniter\CodeIgniter->handleRequest(null, Object(Config\Cache), false)
 6 SYSTEMPATH\Boot.php(363): CodeIgniter\CodeIgniter->run()
 7 SYSTEMPATH\Boot.php(68): CodeIgniter\Boot::runCodeIgniter(Object(CodeIgniter\CodeIgniter))
 8 FCPATH\index.php(59): CodeIgniter\Boot::bootWeb(Object(Config\Paths))
CRITICAL - 2026-03-08 14:40:40 --> [Caused by] CodeIgniter\Database\Exceptions\DatabaseException: Unknown column 'announcements.user_id' in 'on clause'
in SYSTEMPATH\Database\MySQLi\Connection.php on line 332.
 1 SYSTEMPATH\Database\BaseConnection.php(729): CodeIgniter\Database\MySQLi\Connection->execute('SELECT `announcements`.*, `users`.`full_name` as `author_name`, `users`.`profile_pic` as `author_pic`
FROM `announcements`
LEFT JOIN `users` ON `users`.`id` = `announcements`.`user_id`
ORDER BY `announcements`.`created_at` DESC')
 2 SYSTEMPATH\Database\BaseConnection.php(646): CodeIgniter\Database\BaseConnection->simpleQuery('SELECT `announcements`.*, `users`.`full_name` as `author_name`, `users`.`profile_pic` as `author_pic`
FROM `announcements`
LEFT JOIN `users` ON `users`.`id` = `announcements`.`user_id`
ORDER BY `announcements`.`created_at` DESC')
 3 SYSTEMPATH\Database\BaseBuilder.php(1649): CodeIgniter\Database\BaseConnection->query('SELECT `announcements`.*, `users`.`full_name` as `author_name`, `users`.`profile_pic` as `author_pic`
FROM `announcements`
LEFT JOIN `users` ON `users`.`id` = `announcements`.`user_id`
ORDER BY `announcements`.`created_at` DESC', [], false)
 4 APPPATH\Controllers\Student.php(23): CodeIgniter\Database\BaseBuilder->get()
 5 SYSTEMPATH\CodeIgniter.php(933): App\Controllers\Student->index()
 6 SYSTEMPATH\CodeIgniter.php(507): CodeIgniter\CodeIgniter->runController(Object(App\Controllers\Student))
 7 SYSTEMPATH\CodeIgniter.php(354): CodeIgniter\CodeIgniter->handleRequest(null, Object(Config\Cache), false)
 8 SYSTEMPATH\Boot.php(363): CodeIgniter\CodeIgniter->run()
 9 SYSTEMPATH\Boot.php(68): CodeIgniter\Boot::runCodeIgniter(Object(CodeIgniter\CodeIgniter))
10 FCPATH\index.php(59): CodeIgniter\Boot::bootWeb(Object(Config\Paths))
CRITICAL - 2026-03-08 14:40:40 --> [Caused by] mysqli_sql_exception: Unknown column 'announcements.user_id' in 'on clause'
in SYSTEMPATH\Database\MySQLi\Connection.php on line 327.
 1 SYSTEMPATH\Database\MySQLi\Connection.php(327): mysqli->query('SELECT `announcements`.*, `users`.`full_name` as `author_name`, `users`.`profile_pic` as `author_pic`
FROM `announcements`
LEFT JOIN `users` ON `users`.`id` = `announcements`.`user_id`
ORDER BY `announcements`.`created_at` DESC', 0)
 2 SYSTEMPATH\Database\BaseConnection.php(729): CodeIgniter\Database\MySQLi\Connection->execute('SELECT `announcements`.*, `users`.`full_name` as `author_name`, `users`.`profile_pic` as `author_pic`
FROM `announcements`
LEFT JOIN `users` ON `users`.`id` = `announcements`.`user_id`
ORDER BY `announcements`.`created_at` DESC')
 3 SYSTEMPATH\Database\BaseConnection.php(646): CodeIgniter\Database\BaseConnection->simpleQuery('SELECT `announcements`.*, `users`.`full_name` as `author_name`, `users`.`profile_pic` as `author_pic`
FROM `announcements`
LEFT JOIN `users` ON `users`.`id` = `announcements`.`user_id`
ORDER BY `announcements`.`created_at` DESC')
 4 SYSTEMPATH\Database\BaseBuilder.php(1649): CodeIgniter\Database\BaseConnection->query('SELECT `announcements`.*, `users`.`full_name` as `author_name`, `users`.`profile_pic` as `author_pic`
FROM `announcements`
LEFT JOIN `users` ON `users`.`id` = `announcements`.`user_id`
ORDER BY `announcements`.`created_at` DESC', [], false)
 5 APPPATH\Controllers\Student.php(23): CodeIgniter\Database\BaseBuilder->get()
 6 SYSTEMPATH\CodeIgniter.php(933): App\Controllers\Student->index()
 7 SYSTEMPATH\CodeIgniter.php(507): CodeIgniter\CodeIgniter->runController(Object(App\Controllers\Student))
 8 SYSTEMPATH\CodeIgniter.php(354): CodeIgniter\CodeIgniter->handleRequest(null, Object(Config\Cache), false)
 9 SYSTEMPATH\Boot.php(363): CodeIgniter\CodeIgniter->run()
10 SYSTEMPATH\Boot.php(68): CodeIgniter\Boot::runCodeIgniter(Object(CodeIgniter\CodeIgniter))
11 FCPATH\index.php(59): CodeIgniter\Boot::bootWeb(Object(Config\Paths))
ERROR - 2026-03-08 14:40:48 --> mysqli_sql_exception: Unknown column 'announcements.user_id' in 'on clause' in C:\xampp\htdocs\system\system\Database\MySQLi\Connection.php:327
Stack trace:
#0 C:\xampp\htdocs\system\system\Database\MySQLi\Connection.php(327): mysqli->query('SELECT `announc...', 0)
#1 C:\xampp\htdocs\system\system\Database\BaseConnection.php(729): CodeIgniter\Database\MySQLi\Connection->execute('SELECT `announc...')
#2 C:\xampp\htdocs\system\system\Database\BaseConnection.php(646): CodeIgniter\Database\BaseConnection->simpleQuery('SELECT `announc...')
#3 C:\xampp\htdocs\system\system\Database\BaseBuilder.php(1649): CodeIgniter\Database\BaseConnection->query('SELECT `announc...', Array, false)
#4 C:\xampp\htdocs\system\app\Controllers\Student.php(23): CodeIgniter\Database\BaseBuilder->get()
#5 C:\xampp\htdocs\system\system\CodeIgniter.php(933): App\Controllers\Student->index()
#6 C:\xampp\htdocs\system\system\CodeIgniter.php(507): CodeIgniter\CodeIgniter->runController(Object(App\Controllers\Student))
#7 C:\xampp\htdocs\system\system\CodeIgniter.php(354): CodeIgniter\CodeIgniter->handleRequest(NULL, Object(Config\Cache), false)
#8 C:\xampp\htdocs\system\system\Boot.php(363): CodeIgniter\CodeIgniter->run()
#9 C:\xampp\htdocs\system\system\Boot.php(68): CodeIgniter\Boot::runCodeIgniter(Object(CodeIgniter\CodeIgniter))
#10 C:\xampp\htdocs\system\public\index.php(59): CodeIgniter\Boot::bootWeb(Object(Config\Paths))
#11 {main}
CRITICAL - 2026-03-08 14:40:48 --> CodeIgniter\Database\Exceptions\DatabaseException: Unknown column 'announcements.user_id' in 'on clause'
[Method: GET, Route: student/dashboard]
in SYSTEMPATH\Database\BaseConnection.php on line 684.
 1 SYSTEMPATH\Database\BaseBuilder.php(1649): CodeIgniter\Database\BaseConnection->query('SELECT `announcements`.*, `users`.`full_name` as `author_name`, `users`.`profile_pic` as `author_pic`
FROM `announcements`
LEFT JOIN `users` ON `users`.`id` = `announcements`.`user_id`
ORDER BY `announcements`.`created_at` DESC', [], false)
 2 APPPATH\Controllers\Student.php(23): CodeIgniter\Database\BaseBuilder->get()
 3 SYSTEMPATH\CodeIgniter.php(933): App\Controllers\Student->index()
 4 SYSTEMPATH\CodeIgniter.php(507): CodeIgniter\CodeIgniter->runController(Object(App\Controllers\Student))
 5 SYSTEMPATH\CodeIgniter.php(354): CodeIgniter\CodeIgniter->handleRequest(null, Object(Config\Cache), false)
 6 SYSTEMPATH\Boot.php(363): CodeIgniter\CodeIgniter->run()
 7 SYSTEMPATH\Boot.php(68): CodeIgniter\Boot::runCodeIgniter(Object(CodeIgniter\CodeIgniter))
 8 FCPATH\index.php(59): CodeIgniter\Boot::bootWeb(Object(Config\Paths))
CRITICAL - 2026-03-08 14:40:48 --> [Caused by] CodeIgniter\Database\Exceptions\DatabaseException: Unknown column 'announcements.user_id' in 'on clause'
in SYSTEMPATH\Database\MySQLi\Connection.php on line 332.
 1 SYSTEMPATH\Database\BaseConnection.php(729): CodeIgniter\Database\MySQLi\Connection->execute('SELECT `announcements`.*, `users`.`full_name` as `author_name`, `users`.`profile_pic` as `author_pic`
FROM `announcements`
LEFT JOIN `users` ON `users`.`id` = `announcements`.`user_id`
ORDER BY `announcements`.`created_at` DESC')
 2 SYSTEMPATH\Database\BaseConnection.php(646): CodeIgniter\Database\BaseConnection->simpleQuery('SELECT `announcements`.*, `users`.`full_name` as `author_name`, `users`.`profile_pic` as `author_pic`
FROM `announcements`
LEFT JOIN `users` ON `users`.`id` = `announcements`.`user_id`
ORDER BY `announcements`.`created_at` DESC')
 3 SYSTEMPATH\Database\BaseBuilder.php(1649): CodeIgniter\Database\BaseConnection->query('SELECT `announcements`.*, `users`.`full_name` as `author_name`, `users`.`profile_pic` as `author_pic`
FROM `announcements`
LEFT JOIN `users` ON `users`.`id` = `announcements`.`user_id`
ORDER BY `announcements`.`created_at` DESC', [], false)
 4 APPPATH\Controllers\Student.php(23): CodeIgniter\Database\BaseBuilder->get()
 5 SYSTEMPATH\CodeIgniter.php(933): App\Controllers\Student->index()
 6 SYSTEMPATH\CodeIgniter.php(507): CodeIgniter\CodeIgniter->runController(Object(App\Controllers\Student))
 7 SYSTEMPATH\CodeIgniter.php(354): CodeIgniter\CodeIgniter->handleRequest(null, Object(Config\Cache), false)
 8 SYSTEMPATH\Boot.php(363): CodeIgniter\CodeIgniter->run()
 9 SYSTEMPATH\Boot.php(68): CodeIgniter\Boot::runCodeIgniter(Object(CodeIgniter\CodeIgniter))
10 FCPATH\index.php(59): CodeIgniter\Boot::bootWeb(Object(Config\Paths))
CRITICAL - 2026-03-08 14:40:48 --> [Caused by] mysqli_sql_exception: Unknown column 'announcements.user_id' in 'on clause'
in SYSTEMPATH\Database\MySQLi\Connection.php on line 327.
 1 SYSTEMPATH\Database\MySQLi\Connection.php(327): mysqli->query('SELECT `announcements`.*, `users`.`full_name` as `author_name`, `users`.`profile_pic` as `author_pic`
FROM `announcements`
LEFT JOIN `users` ON `users`.`id` = `announcements`.`user_id`
ORDER BY `announcements`.`created_at` DESC', 0)
 2 SYSTEMPATH\Database\BaseConnection.php(729): CodeIgniter\Database\MySQLi\Connection->execute('SELECT `announcements`.*, `users`.`full_name` as `author_name`, `users`.`profile_pic` as `author_pic`
FROM `announcements`
LEFT JOIN `users` ON `users`.`id` = `announcements`.`user_id`
ORDER BY `announcements`.`created_at` DESC')
 3 SYSTEMPATH\Database\BaseConnection.php(646): CodeIgniter\Database\BaseConnection->simpleQuery('SELECT `announcements`.*, `users`.`full_name` as `author_name`, `users`.`profile_pic` as `author_pic`
FROM `announcements`
LEFT JOIN `users` ON `users`.`id` = `announcements`.`user_id`
ORDER BY `announcements`.`created_at` DESC')
 4 SYSTEMPATH\Database\BaseBuilder.php(1649): CodeIgniter\Database\BaseConnection->query('SELECT `announcements`.*, `users`.`full_name` as `author_name`, `users`.`profile_pic` as `author_pic`
FROM `announcements`
LEFT JOIN `users` ON `users`.`id` = `announcements`.`user_id`
ORDER BY `announcements`.`created_at` DESC', [], false)
 5 APPPATH\Controllers\Student.php(23): CodeIgniter\Database\BaseBuilder->get()
 6 SYSTEMPATH\CodeIgniter.php(933): App\Controllers\Student->index()
 7 SYSTEMPATH\CodeIgniter.php(507): CodeIgniter\CodeIgniter->runController(Object(App\Controllers\Student))
 8 SYSTEMPATH\CodeIgniter.php(354): CodeIgniter\CodeIgniter->handleRequest(null, Object(Config\Cache), false)
 9 SYSTEMPATH\Boot.php(363): CodeIgniter\CodeIgniter->run()
10 SYSTEMPATH\Boot.php(68): CodeIgniter\Boot::runCodeIgniter(Object(CodeIgniter\CodeIgniter))
11 FCPATH\index.php(59): CodeIgniter\Boot::bootWeb(Object(Config\Paths))
ERROR - 2026-03-08 14:40:48 --> mysqli_sql_exception: Unknown column 'announcements.user_id' in 'on clause' in C:\xampp\htdocs\system\system\Database\MySQLi\Connection.php:327
Stack trace:
#0 C:\xampp\htdocs\system\system\Database\MySQLi\Connection.php(327): mysqli->query('SELECT `announc...', 0)
#1 C:\xampp\htdocs\system\system\Database\BaseConnection.php(729): CodeIgniter\Database\MySQLi\Connection->execute('SELECT `announc...')
#2 C:\xampp\htdocs\system\system\Database\BaseConnection.php(646): CodeIgniter\Database\BaseConnection->simpleQuery('SELECT `announc...')
#3 C:\xampp\htdocs\system\system\Database\BaseBuilder.php(1649): CodeIgniter\Database\BaseConnection->query('SELECT `announc...', Array, false)
#4 C:\xampp\htdocs\system\app\Controllers\Student.php(23): CodeIgniter\Database\BaseBuilder->get()
#5 C:\xampp\htdocs\system\system\CodeIgniter.php(933): App\Controllers\Student->index()
#6 C:\xampp\htdocs\system\system\CodeIgniter.php(507): CodeIgniter\CodeIgniter->runController(Object(App\Controllers\Student))
#7 C:\xampp\htdocs\system\system\CodeIgniter.php(354): CodeIgniter\CodeIgniter->handleRequest(NULL, Object(Config\Cache), false)
#8 C:\xampp\htdocs\system\system\Boot.php(363): CodeIgniter\CodeIgniter->run()
#9 C:\xampp\htdocs\system\system\Boot.php(68): CodeIgniter\Boot::runCodeIgniter(Object(CodeIgniter\CodeIgniter))
#10 C:\xampp\htdocs\system\public\index.php(59): CodeIgniter\Boot::bootWeb(Object(Config\Paths))
#11 {main}
CRITICAL - 2026-03-08 14:40:48 --> CodeIgniter\Database\Exceptions\DatabaseException: Unknown column 'announcements.user_id' in 'on clause'
[Method: GET, Route: student/dashboard]
in SYSTEMPATH\Database\BaseConnection.php on line 684.
 1 SYSTEMPATH\Database\BaseBuilder.php(1649): CodeIgniter\Database\BaseConnection->query('SELECT `announcements`.*, `users`.`full_name` as `author_name`, `users`.`profile_pic` as `author_pic`
FROM `announcements`
LEFT JOIN `users` ON `users`.`id` = `announcements`.`user_id`
ORDER BY `announcements`.`created_at` DESC', [], false)
 2 APPPATH\Controllers\Student.php(23): CodeIgniter\Database\BaseBuilder->get()
 3 SYSTEMPATH\CodeIgniter.php(933): App\Controllers\Student->index()
 4 SYSTEMPATH\CodeIgniter.php(507): CodeIgniter\CodeIgniter->runController(Object(App\Controllers\Student))
 5 SYSTEMPATH\CodeIgniter.php(354): CodeIgniter\CodeIgniter->handleRequest(null, Object(Config\Cache), false)
 6 SYSTEMPATH\Boot.php(363): CodeIgniter\CodeIgniter->run()
 7 SYSTEMPATH\Boot.php(68): CodeIgniter\Boot::runCodeIgniter(Object(CodeIgniter\CodeIgniter))
 8 FCPATH\index.php(59): CodeIgniter\Boot::bootWeb(Object(Config\Paths))
CRITICAL - 2026-03-08 14:40:48 --> [Caused by] CodeIgniter\Database\Exceptions\DatabaseException: Unknown column 'announcements.user_id' in 'on clause'
in SYSTEMPATH\Database\MySQLi\Connection.php on line 332.
 1 SYSTEMPATH\Database\BaseConnection.php(729): CodeIgniter\Database\MySQLi\Connection->execute('SELECT `announcements`.*, `users`.`full_name` as `author_name`, `users`.`profile_pic` as `author_pic`
FROM `announcements`
LEFT JOIN `users` ON `users`.`id` = `announcements`.`user_id`
ORDER BY `announcements`.`created_at` DESC')
 2 SYSTEMPATH\Database\BaseConnection.php(646): CodeIgniter\Database\BaseConnection->simpleQuery('SELECT `announcements`.*, `users`.`full_name` as `author_name`, `users`.`profile_pic` as `author_pic`
FROM `announcements`
LEFT JOIN `users` ON `users`.`id` = `announcements`.`user_id`
ORDER BY `announcements`.`created_at` DESC')
 3 SYSTEMPATH\Database\BaseBuilder.php(1649): CodeIgniter\Database\BaseConnection->query('SELECT `announcements`.*, `users`.`full_name` as `author_name`, `users`.`profile_pic` as `author_pic`
FROM `announcements`
LEFT JOIN `users` ON `users`.`id` = `announcements`.`user_id`
ORDER BY `announcements`.`created_at` DESC', [], false)
 4 APPPATH\Controllers\Student.php(23): CodeIgniter\Database\BaseBuilder->get()
 5 SYSTEMPATH\CodeIgniter.php(933): App\Controllers\Student->index()
 6 SYSTEMPATH\CodeIgniter.php(507): CodeIgniter\CodeIgniter->runController(Object(App\Controllers\Student))
 7 SYSTEMPATH\CodeIgniter.php(354): CodeIgniter\CodeIgniter->handleRequest(null, Object(Config\Cache), false)
 8 SYSTEMPATH\Boot.php(363): CodeIgniter\CodeIgniter->run()
 9 SYSTEMPATH\Boot.php(68): CodeIgniter\Boot::runCodeIgniter(Object(CodeIgniter\CodeIgniter))
10 FCPATH\index.php(59): CodeIgniter\Boot::bootWeb(Object(Config\Paths))
CRITICAL - 2026-03-08 14:40:48 --> [Caused by] mysqli_sql_exception: Unknown column 'announcements.user_id' in 'on clause'
in SYSTEMPATH\Database\MySQLi\Connection.php on line 327.
 1 SYSTEMPATH\Database\MySQLi\Connection.php(327): mysqli->query('SELECT `announcements`.*, `users`.`full_name` as `author_name`, `users`.`profile_pic` as `author_pic`
FROM `announcements`
LEFT JOIN `users` ON `users`.`id` = `announcements`.`user_id`
ORDER BY `announcements`.`created_at` DESC', 0)
 2 SYSTEMPATH\Database\BaseConnection.php(729): CodeIgniter\Database\MySQLi\Connection->execute('SELECT `announcements`.*, `users`.`full_name` as `author_name`, `users`.`profile_pic` as `author_pic`
FROM `announcements`
LEFT JOIN `users` ON `users`.`id` = `announcements`.`user_id`
ORDER BY `announcements`.`created_at` DESC')
 3 SYSTEMPATH\Database\BaseConnection.php(646): CodeIgniter\Database\BaseConnection->simpleQuery('SELECT `announcements`.*, `users`.`full_name` as `author_name`, `users`.`profile_pic` as `author_pic`
FROM `announcements`
LEFT JOIN `users` ON `users`.`id` = `announcements`.`user_id`
ORDER BY `announcements`.`created_at` DESC')
 4 SYSTEMPATH\Database\BaseBuilder.php(1649): CodeIgniter\Database\BaseConnection->query('SELECT `announcements`.*, `users`.`full_name` as `author_name`, `users`.`profile_pic` as `author_pic`
FROM `announcements`
LEFT JOIN `users` ON `users`.`id` = `announcements`.`user_id`
ORDER BY `announcements`.`created_at` DESC', [], false)
 5 APPPATH\Controllers\Student.php(23): CodeIgniter\Database\BaseBuilder->get()
 6 SYSTEMPATH\CodeIgniter.php(933): App\Controllers\Student->index()
 7 SYSTEMPATH\CodeIgniter.php(507): CodeIgniter\CodeIgniter->runController(Object(App\Controllers\Student))
 8 SYSTEMPATH\CodeIgniter.php(354): CodeIgniter\CodeIgniter->handleRequest(null, Object(Config\Cache), false)
 9 SYSTEMPATH\Boot.php(363): CodeIgniter\CodeIgniter->run()
10 SYSTEMPATH\Boot.php(68): CodeIgniter\Boot::runCodeIgniter(Object(CodeIgniter\CodeIgniter))
11 FCPATH\index.php(59): CodeIgniter\Boot::bootWeb(Object(Config\Paths))
ERROR - 2026-03-08 14:40:49 --> mysqli_sql_exception: Unknown column 'announcements.user_id' in 'on clause' in C:\xampp\htdocs\system\system\Database\MySQLi\Connection.php:327
Stack trace:
#0 C:\xampp\htdocs\system\system\Database\MySQLi\Connection.php(327): mysqli->query('SELECT `announc...', 0)
#1 C:\xampp\htdocs\system\system\Database\BaseConnection.php(729): CodeIgniter\Database\MySQLi\Connection->execute('SELECT `announc...')
#2 C:\xampp\htdocs\system\system\Database\BaseConnection.php(646): CodeIgniter\Database\BaseConnection->simpleQuery('SELECT `announc...')
#3 C:\xampp\htdocs\system\system\Database\BaseBuilder.php(1649): CodeIgniter\Database\BaseConnection->query('SELECT `announc...', Array, false)
#4 C:\xampp\htdocs\system\app\Controllers\Student.php(23): CodeIgniter\Database\BaseBuilder->get()
#5 C:\xampp\htdocs\system\system\CodeIgniter.php(933): App\Controllers\Student->index()
#6 C:\xampp\htdocs\system\system\CodeIgniter.php(507): CodeIgniter\CodeIgniter->runController(Object(App\Controllers\Student))
#7 C:\xampp\htdocs\system\system\CodeIgniter.php(354): CodeIgniter\CodeIgniter->handleRequest(NULL, Object(Config\Cache), false)
#8 C:\xampp\htdocs\system\system\Boot.php(363): CodeIgniter\CodeIgniter->run()
#9 C:\xampp\htdocs\system\system\Boot.php(68): CodeIgniter\Boot::runCodeIgniter(Object(CodeIgniter\CodeIgniter))
#10 C:\xampp\htdocs\system\public\index.php(59): CodeIgniter\Boot::bootWeb(Object(Config\Paths))
#11 {main}
CRITICAL - 2026-03-08 14:40:49 --> CodeIgniter\Database\Exceptions\DatabaseException: Unknown column 'announcements.user_id' in 'on clause'
[Method: GET, Route: student/dashboard]
in SYSTEMPATH\Database\BaseConnection.php on line 684.
 1 SYSTEMPATH\Database\BaseBuilder.php(1649): CodeIgniter\Database\BaseConnection->query('SELECT `announcements`.*, `users`.`full_name` as `author_name`, `users`.`profile_pic` as `author_pic`
FROM `announcements`
LEFT JOIN `users` ON `users`.`id` = `announcements`.`user_id`
ORDER BY `announcements`.`created_at` DESC', [], false)
 2 APPPATH\Controllers\Student.php(23): CodeIgniter\Database\BaseBuilder->get()
 3 SYSTEMPATH\CodeIgniter.php(933): App\Controllers\Student->index()
 4 SYSTEMPATH\CodeIgniter.php(507): CodeIgniter\CodeIgniter->runController(Object(App\Controllers\Student))
 5 SYSTEMPATH\CodeIgniter.php(354): CodeIgniter\CodeIgniter->handleRequest(null, Object(Config\Cache), false)
 6 SYSTEMPATH\Boot.php(363): CodeIgniter\CodeIgniter->run()
 7 SYSTEMPATH\Boot.php(68): CodeIgniter\Boot::runCodeIgniter(Object(CodeIgniter\CodeIgniter))
 8 FCPATH\index.php(59): CodeIgniter\Boot::bootWeb(Object(Config\Paths))
CRITICAL - 2026-03-08 14:40:49 --> [Caused by] CodeIgniter\Database\Exceptions\DatabaseException: Unknown column 'announcements.user_id' in 'on clause'
in SYSTEMPATH\Database\MySQLi\Connection.php on line 332.
 1 SYSTEMPATH\Database\BaseConnection.php(729): CodeIgniter\Database\MySQLi\Connection->execute('SELECT `announcements`.*, `users`.`full_name` as `author_name`, `users`.`profile_pic` as `author_pic`
FROM `announcements`
LEFT JOIN `users` ON `users`.`id` = `announcements`.`user_id`
ORDER BY `announcements`.`created_at` DESC')
 2 SYSTEMPATH\Database\BaseConnection.php(646): CodeIgniter\Database\BaseConnection->simpleQuery('SELECT `announcements`.*, `users`.`full_name` as `author_name`, `users`.`profile_pic` as `author_pic`
FROM `announcements`
LEFT JOIN `users` ON `users`.`id` = `announcements`.`user_id`
ORDER BY `announcements`.`created_at` DESC')
 3 SYSTEMPATH\Database\BaseBuilder.php(1649): CodeIgniter\Database\BaseConnection->query('SELECT `announcements`.*, `users`.`full_name` as `author_name`, `users`.`profile_pic` as `author_pic`
FROM `announcements`
LEFT JOIN `users` ON `users`.`id` = `announcements`.`user_id`
ORDER BY `announcements`.`created_at` DESC', [], false)
 4 APPPATH\Controllers\Student.php(23): CodeIgniter\Database\BaseBuilder->get()
 5 SYSTEMPATH\CodeIgniter.php(933): App\Controllers\Student->index()
 6 SYSTEMPATH\CodeIgniter.php(507): CodeIgniter\CodeIgniter->runController(Object(App\Controllers\Student))
 7 SYSTEMPATH\CodeIgniter.php(354): CodeIgniter\CodeIgniter->handleRequest(null, Object(Config\Cache), false)
 8 SYSTEMPATH\Boot.php(363): CodeIgniter\CodeIgniter->run()
 9 SYSTEMPATH\Boot.php(68): CodeIgniter\Boot::runCodeIgniter(Object(CodeIgniter\CodeIgniter))
10 FCPATH\index.php(59): CodeIgniter\Boot::bootWeb(Object(Config\Paths))
CRITICAL - 2026-03-08 14:40:49 --> [Caused by] mysqli_sql_exception: Unknown column 'announcements.user_id' in 'on clause'
in SYSTEMPATH\Database\MySQLi\Connection.php on line 327.
 1 SYSTEMPATH\Database\MySQLi\Connection.php(327): mysqli->query('SELECT `announcements`.*, `users`.`full_name` as `author_name`, `users`.`profile_pic` as `author_pic`
FROM `announcements`
LEFT JOIN `users` ON `users`.`id` = `announcements`.`user_id`
ORDER BY `announcements`.`created_at` DESC', 0)
 2 SYSTEMPATH\Database\BaseConnection.php(729): CodeIgniter\Database\MySQLi\Connection->execute('SELECT `announcements`.*, `users`.`full_name` as `author_name`, `users`.`profile_pic` as `author_pic`
FROM `announcements`
LEFT JOIN `users` ON `users`.`id` = `announcements`.`user_id`
ORDER BY `announcements`.`created_at` DESC')
 3 SYSTEMPATH\Database\BaseConnection.php(646): CodeIgniter\Database\BaseConnection->simpleQuery('SELECT `announcements`.*, `users`.`full_name` as `author_name`, `users`.`profile_pic` as `author_pic`
FROM `announcements`
LEFT JOIN `users` ON `users`.`id` = `announcements`.`user_id`
ORDER BY `announcements`.`created_at` DESC')
 4 SYSTEMPATH\Database\BaseBuilder.php(1649): CodeIgniter\Database\BaseConnection->query('SELECT `announcements`.*, `users`.`full_name` as `author_name`, `users`.`profile_pic` as `author_pic`
FROM `announcements`
LEFT JOIN `users` ON `users`.`id` = `announcements`.`user_id`
ORDER BY `announcements`.`created_at` DESC', [], false)
 5 APPPATH\Controllers\Student.php(23): CodeIgniter\Database\BaseBuilder->get()
 6 SYSTEMPATH\CodeIgniter.php(933): App\Controllers\Student->index()
 7 SYSTEMPATH\CodeIgniter.php(507): CodeIgniter\CodeIgniter->runController(Object(App\Controllers\Student))
 8 SYSTEMPATH\CodeIgniter.php(354): CodeIgniter\CodeIgniter->handleRequest(null, Object(Config\Cache), false)
 9 SYSTEMPATH\Boot.php(363): CodeIgniter\CodeIgniter->run()
10 SYSTEMPATH\Boot.php(68): CodeIgniter\Boot::runCodeIgniter(Object(CodeIgniter\CodeIgniter))
11 FCPATH\index.php(59): CodeIgniter\Boot::bootWeb(Object(Config\Paths))
ERROR - 2026-03-08 14:40:49 --> mysqli_sql_exception: Unknown column 'announcements.user_id' in 'on clause' in C:\xampp\htdocs\system\system\Database\MySQLi\Connection.php:327
Stack trace:
#0 C:\xampp\htdocs\system\system\Database\MySQLi\Connection.php(327): mysqli->query('SELECT `announc...', 0)
#1 C:\xampp\htdocs\system\system\Database\BaseConnection.php(729): CodeIgniter\Database\MySQLi\Connection->execute('SELECT `announc...')
#2 C:\xampp\htdocs\system\system\Database\BaseConnection.php(646): CodeIgniter\Database\BaseConnection->simpleQuery('SELECT `announc...')
#3 C:\xampp\htdocs\system\system\Database\BaseBuilder.php(1649): CodeIgniter\Database\BaseConnection->query('SELECT `announc...', Array, false)
#4 C:\xampp\htdocs\system\app\Controllers\Student.php(23): CodeIgniter\Database\BaseBuilder->get()
#5 C:\xampp\htdocs\system\system\CodeIgniter.php(933): App\Controllers\Student->index()
#6 C:\xampp\htdocs\system\system\CodeIgniter.php(507): CodeIgniter\CodeIgniter->runController(Object(App\Controllers\Student))
#7 C:\xampp\htdocs\system\system\CodeIgniter.php(354): CodeIgniter\CodeIgniter->handleRequest(NULL, Object(Config\Cache), false)
#8 C:\xampp\htdocs\system\system\Boot.php(363): CodeIgniter\CodeIgniter->run()
#9 C:\xampp\htdocs\system\system\Boot.php(68): CodeIgniter\Boot::runCodeIgniter(Object(CodeIgniter\CodeIgniter))
#10 C:\xampp\htdocs\system\public\index.php(59): CodeIgniter\Boot::bootWeb(Object(Config\Paths))
#11 {main}
CRITICAL - 2026-03-08 14:40:49 --> CodeIgniter\Database\Exceptions\DatabaseException: Unknown column 'announcements.user_id' in 'on clause'
[Method: GET, Route: student/dashboard]
in SYSTEMPATH\Database\BaseConnection.php on line 684.
 1 SYSTEMPATH\Database\BaseBuilder.php(1649): CodeIgniter\Database\BaseConnection->query('SELECT `announcements`.*, `users`.`full_name` as `author_name`, `users`.`profile_pic` as `author_pic`
FROM `announcements`
LEFT JOIN `users` ON `users`.`id` = `announcements`.`user_id`
ORDER BY `announcements`.`created_at` DESC', [], false)
 2 APPPATH\Controllers\Student.php(23): CodeIgniter\Database\BaseBuilder->get()
 3 SYSTEMPATH\CodeIgniter.php(933): App\Controllers\Student->index()
 4 SYSTEMPATH\CodeIgniter.php(507): CodeIgniter\CodeIgniter->runController(Object(App\Controllers\Student))
 5 SYSTEMPATH\CodeIgniter.php(354): CodeIgniter\CodeIgniter->handleRequest(null, Object(Config\Cache), false)
 6 SYSTEMPATH\Boot.php(363): CodeIgniter\CodeIgniter->run()
 7 SYSTEMPATH\Boot.php(68): CodeIgniter\Boot::runCodeIgniter(Object(CodeIgniter\CodeIgniter))
 8 FCPATH\index.php(59): CodeIgniter\Boot::bootWeb(Object(Config\Paths))
CRITICAL - 2026-03-08 14:40:49 --> [Caused by] CodeIgniter\Database\Exceptions\DatabaseException: Unknown column 'announcements.user_id' in 'on clause'
in SYSTEMPATH\Database\MySQLi\Connection.php on line 332.
 1 SYSTEMPATH\Database\BaseConnection.php(729): CodeIgniter\Database\MySQLi\Connection->execute('SELECT `announcements`.*, `users`.`full_name` as `author_name`, `users`.`profile_pic` as `author_pic`
FROM `announcements`
LEFT JOIN `users` ON `users`.`id` = `announcements`.`user_id`
ORDER BY `announcements`.`created_at` DESC')
 2 SYSTEMPATH\Database\BaseConnection.php(646): CodeIgniter\Database\BaseConnection->simpleQuery('SELECT `announcements`.*, `users`.`full_name` as `author_name`, `users`.`profile_pic` as `author_pic`
FROM `announcements`
LEFT JOIN `users` ON `users`.`id` = `announcements`.`user_id`
ORDER BY `announcements`.`created_at` DESC')
 3 SYSTEMPATH\Database\BaseBuilder.php(1649): CodeIgniter\Database\BaseConnection->query('SELECT `announcements`.*, `users`.`full_name` as `author_name`, `users`.`profile_pic` as `author_pic`
FROM `announcements`
LEFT JOIN `users` ON `users`.`id` = `announcements`.`user_id`
ORDER BY `announcements`.`created_at` DESC', [], false)
 4 APPPATH\Controllers\Student.php(23): CodeIgniter\Database\BaseBuilder->get()
 5 SYSTEMPATH\CodeIgniter.php(933): App\Controllers\Student->index()
 6 SYSTEMPATH\CodeIgniter.php(507): CodeIgniter\CodeIgniter->runController(Object(App\Controllers\Student))
 7 SYSTEMPATH\CodeIgniter.php(354): CodeIgniter\CodeIgniter->handleRequest(null, Object(Config\Cache), false)
 8 SYSTEMPATH\Boot.php(363): CodeIgniter\CodeIgniter->run()
 9 SYSTEMPATH\Boot.php(68): CodeIgniter\Boot::runCodeIgniter(Object(CodeIgniter\CodeIgniter))
10 FCPATH\index.php(59): CodeIgniter\Boot::bootWeb(Object(Config\Paths))
CRITICAL - 2026-03-08 14:40:49 --> [Caused by] mysqli_sql_exception: Unknown column 'announcements.user_id' in 'on clause'
in SYSTEMPATH\Database\MySQLi\Connection.php on line 327.
 1 SYSTEMPATH\Database\MySQLi\Connection.php(327): mysqli->query('SELECT `announcements`.*, `users`.`full_name` as `author_name`, `users`.`profile_pic` as `author_pic`
FROM `announcements`
LEFT JOIN `users` ON `users`.`id` = `announcements`.`user_id`
ORDER BY `announcements`.`created_at` DESC', 0)
 2 SYSTEMPATH\Database\BaseConnection.php(729): CodeIgniter\Database\MySQLi\Connection->execute('SELECT `announcements`.*, `users`.`full_name` as `author_name`, `users`.`profile_pic` as `author_pic`
FROM `announcements`
LEFT JOIN `users` ON `users`.`id` = `announcements`.`user_id`
ORDER BY `announcements`.`created_at` DESC')
 3 SYSTEMPATH\Database\BaseConnection.php(646): CodeIgniter\Database\BaseConnection->simpleQuery('SELECT `announcements`.*, `users`.`full_name` as `author_name`, `users`.`profile_pic` as `author_pic`
FROM `announcements`
LEFT JOIN `users` ON `users`.`id` = `announcements`.`user_id`
ORDER BY `announcements`.`created_at` DESC')
 4 SYSTEMPATH\Database\BaseBuilder.php(1649): CodeIgniter\Database\BaseConnection->query('SELECT `announcements`.*, `users`.`full_name` as `author_name`, `users`.`profile_pic` as `author_pic`
FROM `announcements`
LEFT JOIN `users` ON `users`.`id` = `announcements`.`user_id`
ORDER BY `announcements`.`created_at` DESC', [], false)
 5 APPPATH\Controllers\Student.php(23): CodeIgniter\Database\BaseBuilder->get()
 6 SYSTEMPATH\CodeIgniter.php(933): App\Controllers\Student->index()
 7 SYSTEMPATH\CodeIgniter.php(507): CodeIgniter\CodeIgniter->runController(Object(App\Controllers\Student))
 8 SYSTEMPATH\CodeIgniter.php(354): CodeIgniter\CodeIgniter->handleRequest(null, Object(Config\Cache), false)
 9 SYSTEMPATH\Boot.php(363): CodeIgniter\CodeIgniter->run()
10 SYSTEMPATH\Boot.php(68): CodeIgniter\Boot::runCodeIgniter(Object(CodeIgniter\CodeIgniter))
11 FCPATH\index.php(59): CodeIgniter\Boot::bootWeb(Object(Config\Paths))
ERROR - 2026-03-08 14:40:49 --> mysqli_sql_exception: Unknown column 'announcements.user_id' in 'on clause' in C:\xampp\htdocs\system\system\Database\MySQLi\Connection.php:327
Stack trace:
#0 C:\xampp\htdocs\system\system\Database\MySQLi\Connection.php(327): mysqli->query('SELECT `announc...', 0)
#1 C:\xampp\htdocs\system\system\Database\BaseConnection.php(729): CodeIgniter\Database\MySQLi\Connection->execute('SELECT `announc...')
#2 C:\xampp\htdocs\system\system\Database\BaseConnection.php(646): CodeIgniter\Database\BaseConnection->simpleQuery('SELECT `announc...')
#3 C:\xampp\htdocs\system\system\Database\BaseBuilder.php(1649): CodeIgniter\Database\BaseConnection->query('SELECT `announc...', Array, false)
#4 C:\xampp\htdocs\system\app\Controllers\Student.php(23): CodeIgniter\Database\BaseBuilder->get()
#5 C:\xampp\htdocs\system\system\CodeIgniter.php(933): App\Controllers\Student->index()
#6 C:\xampp\htdocs\system\system\CodeIgniter.php(507): CodeIgniter\CodeIgniter->runController(Object(App\Controllers\Student))
#7 C:\xampp\htdocs\system\system\CodeIgniter.php(354): CodeIgniter\CodeIgniter->handleRequest(NULL, Object(Config\Cache), false)
#8 C:\xampp\htdocs\system\system\Boot.php(363): CodeIgniter\CodeIgniter->run()
#9 C:\xampp\htdocs\system\system\Boot.php(68): CodeIgniter\Boot::runCodeIgniter(Object(CodeIgniter\CodeIgniter))
#10 C:\xampp\htdocs\system\public\index.php(59): CodeIgniter\Boot::bootWeb(Object(Config\Paths))
#11 {main}
CRITICAL - 2026-03-08 14:40:49 --> CodeIgniter\Database\Exceptions\DatabaseException: Unknown column 'announcements.user_id' in 'on clause'
[Method: GET, Route: student/dashboard]
in SYSTEMPATH\Database\BaseConnection.php on line 684.
 1 SYSTEMPATH\Database\BaseBuilder.php(1649): CodeIgniter\Database\BaseConnection->query('SELECT `announcements`.*, `users`.`full_name` as `author_name`, `users`.`profile_pic` as `author_pic`
FROM `announcements`
LEFT JOIN `users` ON `users`.`id` = `announcements`.`user_id`
ORDER BY `announcements`.`created_at` DESC', [], false)
 2 APPPATH\Controllers\Student.php(23): CodeIgniter\Database\BaseBuilder->get()
 3 SYSTEMPATH\CodeIgniter.php(933): App\Controllers\Student->index()
 4 SYSTEMPATH\CodeIgniter.php(507): CodeIgniter\CodeIgniter->runController(Object(App\Controllers\Student))
 5 SYSTEMPATH\CodeIgniter.php(354): CodeIgniter\CodeIgniter->handleRequest(null, Object(Config\Cache), false)
 6 SYSTEMPATH\Boot.php(363): CodeIgniter\CodeIgniter->run()
 7 SYSTEMPATH\Boot.php(68): CodeIgniter\Boot::runCodeIgniter(Object(CodeIgniter\CodeIgniter))
 8 FCPATH\index.php(59): CodeIgniter\Boot::bootWeb(Object(Config\Paths))
CRITICAL - 2026-03-08 14:40:49 --> [Caused by] CodeIgniter\Database\Exceptions\DatabaseException: Unknown column 'announcements.user_id' in 'on clause'
in SYSTEMPATH\Database\MySQLi\Connection.php on line 332.
 1 SYSTEMPATH\Database\BaseConnection.php(729): CodeIgniter\Database\MySQLi\Connection->execute('SELECT `announcements`.*, `users`.`full_name` as `author_name`, `users`.`profile_pic` as `author_pic`
FROM `announcements`
LEFT JOIN `users` ON `users`.`id` = `announcements`.`user_id`
ORDER BY `announcements`.`created_at` DESC')
 2 SYSTEMPATH\Database\BaseConnection.php(646): CodeIgniter\Database\BaseConnection->simpleQuery('SELECT `announcements`.*, `users`.`full_name` as `author_name`, `users`.`profile_pic` as `author_pic`
FROM `announcements`
LEFT JOIN `users` ON `users`.`id` = `announcements`.`user_id`
ORDER BY `announcements`.`created_at` DESC')
 3 SYSTEMPATH\Database\BaseBuilder.php(1649): CodeIgniter\Database\BaseConnection->query('SELECT `announcements`.*, `users`.`full_name` as `author_name`, `users`.`profile_pic` as `author_pic`
FROM `announcements`
LEFT JOIN `users` ON `users`.`id` = `announcements`.`user_id`
ORDER BY `announcements`.`created_at` DESC', [], false)
 4 APPPATH\Controllers\Student.php(23): CodeIgniter\Database\BaseBuilder->get()
 5 SYSTEMPATH\CodeIgniter.php(933): App\Controllers\Student->index()
 6 SYSTEMPATH\CodeIgniter.php(507): CodeIgniter\CodeIgniter->runController(Object(App\Controllers\Student))
 7 SYSTEMPATH\CodeIgniter.php(354): CodeIgniter\CodeIgniter->handleRequest(null, Object(Config\Cache), false)
 8 SYSTEMPATH\Boot.php(363): CodeIgniter\CodeIgniter->run()
 9 SYSTEMPATH\Boot.php(68): CodeIgniter\Boot::runCodeIgniter(Object(CodeIgniter\CodeIgniter))
10 FCPATH\index.php(59): CodeIgniter\Boot::bootWeb(Object(Config\Paths))
CRITICAL - 2026-03-08 14:40:49 --> [Caused by] mysqli_sql_exception: Unknown column 'announcements.user_id' in 'on clause'
in SYSTEMPATH\Database\MySQLi\Connection.php on line 327.
 1 SYSTEMPATH\Database\MySQLi\Connection.php(327): mysqli->query('SELECT `announcements`.*, `users`.`full_name` as `author_name`, `users`.`profile_pic` as `author_pic`
FROM `announcements`
LEFT JOIN `users` ON `users`.`id` = `announcements`.`user_id`
ORDER BY `announcements`.`created_at` DESC', 0)
 2 SYSTEMPATH\Database\BaseConnection.php(729): CodeIgniter\Database\MySQLi\Connection->execute('SELECT `announcements`.*, `users`.`full_name` as `author_name`, `users`.`profile_pic` as `author_pic`
FROM `announcements`
LEFT JOIN `users` ON `users`.`id` = `announcements`.`user_id`
ORDER BY `announcements`.`created_at` DESC')
 3 SYSTEMPATH\Database\BaseConnection.php(646): CodeIgniter\Database\BaseConnection->simpleQuery('SELECT `announcements`.*, `users`.`full_name` as `author_name`, `users`.`profile_pic` as `author_pic`
FROM `announcements`
LEFT JOIN `users` ON `users`.`id` = `announcements`.`user_id`
ORDER BY `announcements`.`created_at` DESC')
 4 SYSTEMPATH\Database\BaseBuilder.php(1649): CodeIgniter\Database\BaseConnection->query('SELECT `announcements`.*, `users`.`full_name` as `author_name`, `users`.`profile_pic` as `author_pic`
FROM `announcements`
LEFT JOIN `users` ON `users`.`id` = `announcements`.`user_id`
ORDER BY `announcements`.`created_at` DESC', [], false)
 5 APPPATH\Controllers\Student.php(23): CodeIgniter\Database\BaseBuilder->get()
 6 SYSTEMPATH\CodeIgniter.php(933): App\Controllers\Student->index()
 7 SYSTEMPATH\CodeIgniter.php(507): CodeIgniter\CodeIgniter->runController(Object(App\Controllers\Student))
 8 SYSTEMPATH\CodeIgniter.php(354): CodeIgniter\CodeIgniter->handleRequest(null, Object(Config\Cache), false)
 9 SYSTEMPATH\Boot.php(363): CodeIgniter\CodeIgniter->run()
10 SYSTEMPATH\Boot.php(68): CodeIgniter\Boot::runCodeIgniter(Object(CodeIgniter\CodeIgniter))
11 FCPATH\index.php(59): CodeIgniter\Boot::bootWeb(Object(Config\Paths))
ERROR - 2026-03-08 14:40:49 --> mysqli_sql_exception: Unknown column 'announcements.user_id' in 'on clause' in C:\xampp\htdocs\system\system\Database\MySQLi\Connection.php:327
Stack trace:
#0 C:\xampp\htdocs\system\system\Database\MySQLi\Connection.php(327): mysqli->query('SELECT `announc...', 0)
#1 C:\xampp\htdocs\system\system\Database\BaseConnection.php(729): CodeIgniter\Database\MySQLi\Connection->execute('SELECT `announc...')
#2 C:\xampp\htdocs\system\system\Database\BaseConnection.php(646): CodeIgniter\Database\BaseConnection->simpleQuery('SELECT `announc...')
#3 C:\xampp\htdocs\system\system\Database\BaseBuilder.php(1649): CodeIgniter\Database\BaseConnection->query('SELECT `announc...', Array, false)
#4 C:\xampp\htdocs\system\app\Controllers\Student.php(23): CodeIgniter\Database\BaseBuilder->get()
#5 C:\xampp\htdocs\system\system\CodeIgniter.php(933): App\Controllers\Student->index()
#6 C:\xampp\htdocs\system\system\CodeIgniter.php(507): CodeIgniter\CodeIgniter->runController(Object(App\Controllers\Student))
#7 C:\xampp\htdocs\system\system\CodeIgniter.php(354): CodeIgniter\CodeIgniter->handleRequest(NULL, Object(Config\Cache), false)
#8 C:\xampp\htdocs\system\system\Boot.php(363): CodeIgniter\CodeIgniter->run()
#9 C:\xampp\htdocs\system\system\Boot.php(68): CodeIgniter\Boot::runCodeIgniter(Object(CodeIgniter\CodeIgniter))
#10 C:\xampp\htdocs\system\public\index.php(59): CodeIgniter\Boot::bootWeb(Object(Config\Paths))
#11 {main}
CRITICAL - 2026-03-08 14:40:49 --> CodeIgniter\Database\Exceptions\DatabaseException: Unknown column 'announcements.user_id' in 'on clause'
[Method: GET, Route: student/dashboard]
in SYSTEMPATH\Database\BaseConnection.php on line 684.
 1 SYSTEMPATH\Database\BaseBuilder.php(1649): CodeIgniter\Database\BaseConnection->query('SELECT `announcements`.*, `users`.`full_name` as `author_name`, `users`.`profile_pic` as `author_pic`
FROM `announcements`
LEFT JOIN `users` ON `users`.`id` = `announcements`.`user_id`
ORDER BY `announcements`.`created_at` DESC', [], false)
 2 APPPATH\Controllers\Student.php(23): CodeIgniter\Database\BaseBuilder->get()
 3 SYSTEMPATH\CodeIgniter.php(933): App\Controllers\Student->index()
 4 SYSTEMPATH\CodeIgniter.php(507): CodeIgniter\CodeIgniter->runController(Object(App\Controllers\Student))
 5 SYSTEMPATH\CodeIgniter.php(354): CodeIgniter\CodeIgniter->handleRequest(null, Object(Config\Cache), false)
 6 SYSTEMPATH\Boot.php(363): CodeIgniter\CodeIgniter->run()
 7 SYSTEMPATH\Boot.php(68): CodeIgniter\Boot::runCodeIgniter(Object(CodeIgniter\CodeIgniter))
 8 FCPATH\index.php(59): CodeIgniter\Boot::bootWeb(Object(Config\Paths))
CRITICAL - 2026-03-08 14:40:49 --> [Caused by] CodeIgniter\Database\Exceptions\DatabaseException: Unknown column 'announcements.user_id' in 'on clause'
in SYSTEMPATH\Database\MySQLi\Connection.php on line 332.
 1 SYSTEMPATH\Database\BaseConnection.php(729): CodeIgniter\Database\MySQLi\Connection->execute('SELECT `announcements`.*, `users`.`full_name` as `author_name`, `users`.`profile_pic` as `author_pic`
FROM `announcements`
LEFT JOIN `users` ON `users`.`id` = `announcements`.`user_id`
ORDER BY `announcements`.`created_at` DESC')
 2 SYSTEMPATH\Database\BaseConnection.php(646): CodeIgniter\Database\BaseConnection->simpleQuery('SELECT `announcements`.*, `users`.`full_name` as `author_name`, `users`.`profile_pic` as `author_pic`
FROM `announcements`
LEFT JOIN `users` ON `users`.`id` = `announcements`.`user_id`
ORDER BY `announcements`.`created_at` DESC')
 3 SYSTEMPATH\Database\BaseBuilder.php(1649): CodeIgniter\Database\BaseConnection->query('SELECT `announcements`.*, `users`.`full_name` as `author_name`, `users`.`profile_pic` as `author_pic`
FROM `announcements`
LEFT JOIN `users` ON `users`.`id` = `announcements`.`user_id`
ORDER BY `announcements`.`created_at` DESC', [], false)
 4 APPPATH\Controllers\Student.php(23): CodeIgniter\Database\BaseBuilder->get()
 5 SYSTEMPATH\CodeIgniter.php(933): App\Controllers\Student->index()
 6 SYSTEMPATH\CodeIgniter.php(507): CodeIgniter\CodeIgniter->runController(Object(App\Controllers\Student))
 7 SYSTEMPATH\CodeIgniter.php(354): CodeIgniter\CodeIgniter->handleRequest(null, Object(Config\Cache), false)
 8 SYSTEMPATH\Boot.php(363): CodeIgniter\CodeIgniter->run()
 9 SYSTEMPATH\Boot.php(68): CodeIgniter\Boot::runCodeIgniter(Object(CodeIgniter\CodeIgniter))
10 FCPATH\index.php(59): CodeIgniter\Boot::bootWeb(Object(Config\Paths))
CRITICAL - 2026-03-08 14:40:49 --> [Caused by] mysqli_sql_exception: Unknown column 'announcements.user_id' in 'on clause'
in SYSTEMPATH\Database\MySQLi\Connection.php on line 327.
 1 SYSTEMPATH\Database\MySQLi\Connection.php(327): mysqli->query('SELECT `announcements`.*, `users`.`full_name` as `author_name`, `users`.`profile_pic` as `author_pic`
FROM `announcements`
LEFT JOIN `users` ON `users`.`id` = `announcements`.`user_id`
ORDER BY `announcements`.`created_at` DESC', 0)
 2 SYSTEMPATH\Database\BaseConnection.php(729): CodeIgniter\Database\MySQLi\Connection->execute('SELECT `announcements`.*, `users`.`full_name` as `author_name`, `users`.`profile_pic` as `author_pic`
FROM `announcements`
LEFT JOIN `users` ON `users`.`id` = `announcements`.`user_id`
ORDER BY `announcements`.`created_at` DESC')
 3 SYSTEMPATH\Database\BaseConnection.php(646): CodeIgniter\Database\BaseConnection->simpleQuery('SELECT `announcements`.*, `users`.`full_name` as `author_name`, `users`.`profile_pic` as `author_pic`
FROM `announcements`
LEFT JOIN `users` ON `users`.`id` = `announcements`.`user_id`
ORDER BY `announcements`.`created_at` DESC')
 4 SYSTEMPATH\Database\BaseBuilder.php(1649): CodeIgniter\Database\BaseConnection->query('SELECT `announcements`.*, `users`.`full_name` as `author_name`, `users`.`profile_pic` as `author_pic`
FROM `announcements`
LEFT JOIN `users` ON `users`.`id` = `announcements`.`user_id`
ORDER BY `announcements`.`created_at` DESC', [], false)
 5 APPPATH\Controllers\Student.php(23): CodeIgniter\Database\BaseBuilder->get()
 6 SYSTEMPATH\CodeIgniter.php(933): App\Controllers\Student->index()
 7 SYSTEMPATH\CodeIgniter.php(507): CodeIgniter\CodeIgniter->runController(Object(App\Controllers\Student))
 8 SYSTEMPATH\CodeIgniter.php(354): CodeIgniter\CodeIgniter->handleRequest(null, Object(Config\Cache), false)
 9 SYSTEMPATH\Boot.php(363): CodeIgniter\CodeIgniter->run()
10 SYSTEMPATH\Boot.php(68): CodeIgniter\Boot::runCodeIgniter(Object(CodeIgniter\CodeIgniter))
11 FCPATH\index.php(59): CodeIgniter\Boot::bootWeb(Object(Config\Paths))
ERROR - 2026-03-08 14:40:49 --> mysqli_sql_exception: Unknown column 'announcements.user_id' in 'on clause' in C:\xampp\htdocs\system\system\Database\MySQLi\Connection.php:327
Stack trace:
#0 C:\xampp\htdocs\system\system\Database\MySQLi\Connection.php(327): mysqli->query('SELECT `announc...', 0)
#1 C:\xampp\htdocs\system\system\Database\BaseConnection.php(729): CodeIgniter\Database\MySQLi\Connection->execute('SELECT `announc...')
#2 C:\xampp\htdocs\system\system\Database\BaseConnection.php(646): CodeIgniter\Database\BaseConnection->simpleQuery('SELECT `announc...')
#3 C:\xampp\htdocs\system\system\Database\BaseBuilder.php(1649): CodeIgniter\Database\BaseConnection->query('SELECT `announc...', Array, false)
#4 C:\xampp\htdocs\system\app\Controllers\Student.php(23): CodeIgniter\Database\BaseBuilder->get()
#5 C:\xampp\htdocs\system\system\CodeIgniter.php(933): App\Controllers\Student->index()
#6 C:\xampp\htdocs\system\system\CodeIgniter.php(507): CodeIgniter\CodeIgniter->runController(Object(App\Controllers\Student))
#7 C:\xampp\htdocs\system\system\CodeIgniter.php(354): CodeIgniter\CodeIgniter->handleRequest(NULL, Object(Config\Cache), false)
#8 C:\xampp\htdocs\system\system\Boot.php(363): CodeIgniter\CodeIgniter->run()
#9 C:\xampp\htdocs\system\system\Boot.php(68): CodeIgniter\Boot::runCodeIgniter(Object(CodeIgniter\CodeIgniter))
#10 C:\xampp\htdocs\system\public\index.php(59): CodeIgniter\Boot::bootWeb(Object(Config\Paths))
#11 {main}
CRITICAL - 2026-03-08 14:40:49 --> CodeIgniter\Database\Exceptions\DatabaseException: Unknown column 'announcements.user_id' in 'on clause'
[Method: GET, Route: student/dashboard]
in SYSTEMPATH\Database\BaseConnection.php on line 684.
 1 SYSTEMPATH\Database\BaseBuilder.php(1649): CodeIgniter\Database\BaseConnection->query('SELECT `announcements`.*, `users`.`full_name` as `author_name`, `users`.`profile_pic` as `author_pic`
FROM `announcements`
LEFT JOIN `users` ON `users`.`id` = `announcements`.`user_id`
ORDER BY `announcements`.`created_at` DESC', [], false)
 2 APPPATH\Controllers\Student.php(23): CodeIgniter\Database\BaseBuilder->get()
 3 SYSTEMPATH\CodeIgniter.php(933): App\Controllers\Student->index()
 4 SYSTEMPATH\CodeIgniter.php(507): CodeIgniter\CodeIgniter->runController(Object(App\Controllers\Student))
 5 SYSTEMPATH\CodeIgniter.php(354): CodeIgniter\CodeIgniter->handleRequest(null, Object(Config\Cache), false)
 6 SYSTEMPATH\Boot.php(363): CodeIgniter\CodeIgniter->run()
 7 SYSTEMPATH\Boot.php(68): CodeIgniter\Boot::runCodeIgniter(Object(CodeIgniter\CodeIgniter))
 8 FCPATH\index.php(59): CodeIgniter\Boot::bootWeb(Object(Config\Paths))
CRITICAL - 2026-03-08 14:40:49 --> [Caused by] CodeIgniter\Database\Exceptions\DatabaseException: Unknown column 'announcements.user_id' in 'on clause'
in SYSTEMPATH\Database\MySQLi\Connection.php on line 332.
 1 SYSTEMPATH\Database\BaseConnection.php(729): CodeIgniter\Database\MySQLi\Connection->execute('SELECT `announcements`.*, `users`.`full_name` as `author_name`, `users`.`profile_pic` as `author_pic`
FROM `announcements`
LEFT JOIN `users` ON `users`.`id` = `announcements`.`user_id`
ORDER BY `announcements`.`created_at` DESC')
 2 SYSTEMPATH\Database\BaseConnection.php(646): CodeIgniter\Database\BaseConnection->simpleQuery('SELECT `announcements`.*, `users`.`full_name` as `author_name`, `users`.`profile_pic` as `author_pic`
FROM `announcements`
LEFT JOIN `users` ON `users`.`id` = `announcements`.`user_id`
ORDER BY `announcements`.`created_at` DESC')
 3 SYSTEMPATH\Database\BaseBuilder.php(1649): CodeIgniter\Database\BaseConnection->query('SELECT `announcements`.*, `users`.`full_name` as `author_name`, `users`.`profile_pic` as `author_pic`
FROM `announcements`
LEFT JOIN `users` ON `users`.`id` = `announcements`.`user_id`
ORDER BY `announcements`.`created_at` DESC', [], false)
 4 APPPATH\Controllers\Student.php(23): CodeIgniter\Database\BaseBuilder->get()
 5 SYSTEMPATH\CodeIgniter.php(933): App\Controllers\Student->index()
 6 SYSTEMPATH\CodeIgniter.php(507): CodeIgniter\CodeIgniter->runController(Object(App\Controllers\Student))
 7 SYSTEMPATH\CodeIgniter.php(354): CodeIgniter\CodeIgniter->handleRequest(null, Object(Config\Cache), false)
 8 SYSTEMPATH\Boot.php(363): CodeIgniter\CodeIgniter->run()
 9 SYSTEMPATH\Boot.php(68): CodeIgniter\Boot::runCodeIgniter(Object(CodeIgniter\CodeIgniter))
10 FCPATH\index.php(59): CodeIgniter\Boot::bootWeb(Object(Config\Paths))
CRITICAL - 2026-03-08 14:40:49 --> [Caused by] mysqli_sql_exception: Unknown column 'announcements.user_id' in 'on clause'
in SYSTEMPATH\Database\MySQLi\Connection.php on line 327.
 1 SYSTEMPATH\Database\MySQLi\Connection.php(327): mysqli->query('SELECT `announcements`.*, `users`.`full_name` as `author_name`, `users`.`profile_pic` as `author_pic`
FROM `announcements`
LEFT JOIN `users` ON `users`.`id` = `announcements`.`user_id`
ORDER BY `announcements`.`created_at` DESC', 0)
 2 SYSTEMPATH\Database\BaseConnection.php(729): CodeIgniter\Database\MySQLi\Connection->execute('SELECT `announcements`.*, `users`.`full_name` as `author_name`, `users`.`profile_pic` as `author_pic`
FROM `announcements`
LEFT JOIN `users` ON `users`.`id` = `announcements`.`user_id`
ORDER BY `announcements`.`created_at` DESC')
 3 SYSTEMPATH\Database\BaseConnection.php(646): CodeIgniter\Database\BaseConnection->simpleQuery('SELECT `announcements`.*, `users`.`full_name` as `author_name`, `users`.`profile_pic` as `author_pic`
FROM `announcements`
LEFT JOIN `users` ON `users`.`id` = `announcements`.`user_id`
ORDER BY `announcements`.`created_at` DESC')
 4 SYSTEMPATH\Database\BaseBuilder.php(1649): CodeIgniter\Database\BaseConnection->query('SELECT `announcements`.*, `users`.`full_name` as `author_name`, `users`.`profile_pic` as `author_pic`
FROM `announcements`
LEFT JOIN `users` ON `users`.`id` = `announcements`.`user_id`
ORDER BY `announcements`.`created_at` DESC', [], false)
 5 APPPATH\Controllers\Student.php(23): CodeIgniter\Database\BaseBuilder->get()
 6 SYSTEMPATH\CodeIgniter.php(933): App\Controllers\Student->index()
 7 SYSTEMPATH\CodeIgniter.php(507): CodeIgniter\CodeIgniter->runController(Object(App\Controllers\Student))
 8 SYSTEMPATH\CodeIgniter.php(354): CodeIgniter\CodeIgniter->handleRequest(null, Object(Config\Cache), false)
 9 SYSTEMPATH\Boot.php(363): CodeIgniter\CodeIgniter->run()
10 SYSTEMPATH\Boot.php(68): CodeIgniter\Boot::runCodeIgniter(Object(CodeIgniter\CodeIgniter))
11 FCPATH\index.php(59): CodeIgniter\Boot::bootWeb(Object(Config\Paths))
ERROR - 2026-03-08 14:40:50 --> mysqli_sql_exception: Unknown column 'announcements.user_id' in 'on clause' in C:\xampp\htdocs\system\system\Database\MySQLi\Connection.php:327
Stack trace:
#0 C:\xampp\htdocs\system\system\Database\MySQLi\Connection.php(327): mysqli->query('SELECT `announc...', 0)
#1 C:\xampp\htdocs\system\system\Database\BaseConnection.php(729): CodeIgniter\Database\MySQLi\Connection->execute('SELECT `announc...')
#2 C:\xampp\htdocs\system\system\Database\BaseConnection.php(646): CodeIgniter\Database\BaseConnection->simpleQuery('SELECT `announc...')
#3 C:\xampp\htdocs\system\system\Database\BaseBuilder.php(1649): CodeIgniter\Database\BaseConnection->query('SELECT `announc...', Array, false)
#4 C:\xampp\htdocs\system\app\Controllers\Student.php(23): CodeIgniter\Database\BaseBuilder->get()
#5 C:\xampp\htdocs\system\system\CodeIgniter.php(933): App\Controllers\Student->index()
#6 C:\xampp\htdocs\system\system\CodeIgniter.php(507): CodeIgniter\CodeIgniter->runController(Object(App\Controllers\Student))
#7 C:\xampp\htdocs\system\system\CodeIgniter.php(354): CodeIgniter\CodeIgniter->handleRequest(NULL, Object(Config\Cache), false)
#8 C:\xampp\htdocs\system\system\Boot.php(363): CodeIgniter\CodeIgniter->run()
#9 C:\xampp\htdocs\system\system\Boot.php(68): CodeIgniter\Boot::runCodeIgniter(Object(CodeIgniter\CodeIgniter))
#10 C:\xampp\htdocs\system\public\index.php(59): CodeIgniter\Boot::bootWeb(Object(Config\Paths))
#11 {main}
CRITICAL - 2026-03-08 14:40:50 --> CodeIgniter\Database\Exceptions\DatabaseException: Unknown column 'announcements.user_id' in 'on clause'
[Method: GET, Route: student/dashboard]
in SYSTEMPATH\Database\BaseConnection.php on line 684.
 1 SYSTEMPATH\Database\BaseBuilder.php(1649): CodeIgniter\Database\BaseConnection->query('SELECT `announcements`.*, `users`.`full_name` as `author_name`, `users`.`profile_pic` as `author_pic`
FROM `announcements`
LEFT JOIN `users` ON `users`.`id` = `announcements`.`user_id`
ORDER BY `announcements`.`created_at` DESC', [], false)
 2 APPPATH\Controllers\Student.php(23): CodeIgniter\Database\BaseBuilder->get()
 3 SYSTEMPATH\CodeIgniter.php(933): App\Controllers\Student->index()
 4 SYSTEMPATH\CodeIgniter.php(507): CodeIgniter\CodeIgniter->runController(Object(App\Controllers\Student))
 5 SYSTEMPATH\CodeIgniter.php(354): CodeIgniter\CodeIgniter->handleRequest(null, Object(Config\Cache), false)
 6 SYSTEMPATH\Boot.php(363): CodeIgniter\CodeIgniter->run()
 7 SYSTEMPATH\Boot.php(68): CodeIgniter\Boot::runCodeIgniter(Object(CodeIgniter\CodeIgniter))
 8 FCPATH\index.php(59): CodeIgniter\Boot::bootWeb(Object(Config\Paths))
CRITICAL - 2026-03-08 14:40:50 --> [Caused by] CodeIgniter\Database\Exceptions\DatabaseException: Unknown column 'announcements.user_id' in 'on clause'
in SYSTEMPATH\Database\MySQLi\Connection.php on line 332.
 1 SYSTEMPATH\Database\BaseConnection.php(729): CodeIgniter\Database\MySQLi\Connection->execute('SELECT `announcements`.*, `users`.`full_name` as `author_name`, `users`.`profile_pic` as `author_pic`
FROM `announcements`
LEFT JOIN `users` ON `users`.`id` = `announcements`.`user_id`
ORDER BY `announcements`.`created_at` DESC')
 2 SYSTEMPATH\Database\BaseConnection.php(646): CodeIgniter\Database\BaseConnection->simpleQuery('SELECT `announcements`.*, `users`.`full_name` as `author_name`, `users`.`profile_pic` as `author_pic`
FROM `announcements`
LEFT JOIN `users` ON `users`.`id` = `announcements`.`user_id`
ORDER BY `announcements`.`created_at` DESC')
 3 SYSTEMPATH\Database\BaseBuilder.php(1649): CodeIgniter\Database\BaseConnection->query('SELECT `announcements`.*, `users`.`full_name` as `author_name`, `users`.`profile_pic` as `author_pic`
FROM `announcements`
LEFT JOIN `users` ON `users`.`id` = `announcements`.`user_id`
ORDER BY `announcements`.`created_at` DESC', [], false)
 4 APPPATH\Controllers\Student.php(23): CodeIgniter\Database\BaseBuilder->get()
 5 SYSTEMPATH\CodeIgniter.php(933): App\Controllers\Student->index()
 6 SYSTEMPATH\CodeIgniter.php(507): CodeIgniter\CodeIgniter->runController(Object(App\Controllers\Student))
 7 SYSTEMPATH\CodeIgniter.php(354): CodeIgniter\CodeIgniter->handleRequest(null, Object(Config\Cache), false)
 8 SYSTEMPATH\Boot.php(363): CodeIgniter\CodeIgniter->run()
 9 SYSTEMPATH\Boot.php(68): CodeIgniter\Boot::runCodeIgniter(Object(CodeIgniter\CodeIgniter))
10 FCPATH\index.php(59): CodeIgniter\Boot::bootWeb(Object(Config\Paths))
CRITICAL - 2026-03-08 14:40:50 --> [Caused by] mysqli_sql_exception: Unknown column 'announcements.user_id' in 'on clause'
in SYSTEMPATH\Database\MySQLi\Connection.php on line 327.
 1 SYSTEMPATH\Database\MySQLi\Connection.php(327): mysqli->query('SELECT `announcements`.*, `users`.`full_name` as `author_name`, `users`.`profile_pic` as `author_pic`
FROM `announcements`
LEFT JOIN `users` ON `users`.`id` = `announcements`.`user_id`
ORDER BY `announcements`.`created_at` DESC', 0)
 2 SYSTEMPATH\Database\BaseConnection.php(729): CodeIgniter\Database\MySQLi\Connection->execute('SELECT `announcements`.*, `users`.`full_name` as `author_name`, `users`.`profile_pic` as `author_pic`
FROM `announcements`
LEFT JOIN `users` ON `users`.`id` = `announcements`.`user_id`
ORDER BY `announcements`.`created_at` DESC')
 3 SYSTEMPATH\Database\BaseConnection.php(646): CodeIgniter\Database\BaseConnection->simpleQuery('SELECT `announcements`.*, `users`.`full_name` as `author_name`, `users`.`profile_pic` as `author_pic`
FROM `announcements`
LEFT JOIN `users` ON `users`.`id` = `announcements`.`user_id`
ORDER BY `announcements`.`created_at` DESC')
 4 SYSTEMPATH\Database\BaseBuilder.php(1649): CodeIgniter\Database\BaseConnection->query('SELECT `announcements`.*, `users`.`full_name` as `author_name`, `users`.`profile_pic` as `author_pic`
FROM `announcements`
LEFT JOIN `users` ON `users`.`id` = `announcements`.`user_id`
ORDER BY `announcements`.`created_at` DESC', [], false)
 5 APPPATH\Controllers\Student.php(23): CodeIgniter\Database\BaseBuilder->get()
 6 SYSTEMPATH\CodeIgniter.php(933): App\Controllers\Student->index()
 7 SYSTEMPATH\CodeIgniter.php(507): CodeIgniter\CodeIgniter->runController(Object(App\Controllers\Student))
 8 SYSTEMPATH\CodeIgniter.php(354): CodeIgniter\CodeIgniter->handleRequest(null, Object(Config\Cache), false)
 9 SYSTEMPATH\Boot.php(363): CodeIgniter\CodeIgniter->run()
10 SYSTEMPATH\Boot.php(68): CodeIgniter\Boot::runCodeIgniter(Object(CodeIgniter\CodeIgniter))
11 FCPATH\index.php(59): CodeIgniter\Boot::bootWeb(Object(Config\Paths))
ERROR - 2026-03-08 14:44:05 --> mysqli_sql_exception: Unknown column 'announcements.user_id' in 'on clause' in C:\xampp\htdocs\system\system\Database\MySQLi\Connection.php:327
Stack trace:
#0 C:\xampp\htdocs\system\system\Database\MySQLi\Connection.php(327): mysqli->query('SELECT `announc...', 0)
#1 C:\xampp\htdocs\system\system\Database\BaseConnection.php(729): CodeIgniter\Database\MySQLi\Connection->execute('SELECT `announc...')
#2 C:\xampp\htdocs\system\system\Database\BaseConnection.php(646): CodeIgniter\Database\BaseConnection->simpleQuery('SELECT `announc...')
#3 C:\xampp\htdocs\system\system\Database\BaseBuilder.php(1649): CodeIgniter\Database\BaseConnection->query('SELECT `announc...', Array, false)
#4 C:\xampp\htdocs\system\app\Controllers\Student.php(23): CodeIgniter\Database\BaseBuilder->get()
#5 C:\xampp\htdocs\system\system\CodeIgniter.php(933): App\Controllers\Student->index()
#6 C:\xampp\htdocs\system\system\CodeIgniter.php(507): CodeIgniter\CodeIgniter->runController(Object(App\Controllers\Student))
#7 C:\xampp\htdocs\system\system\CodeIgniter.php(354): CodeIgniter\CodeIgniter->handleRequest(NULL, Object(Config\Cache), false)
#8 C:\xampp\htdocs\system\system\Boot.php(363): CodeIgniter\CodeIgniter->run()
#9 C:\xampp\htdocs\system\system\Boot.php(68): CodeIgniter\Boot::runCodeIgniter(Object(CodeIgniter\CodeIgniter))
#10 C:\xampp\htdocs\system\public\index.php(59): CodeIgniter\Boot::bootWeb(Object(Config\Paths))
#11 {main}
CRITICAL - 2026-03-08 14:44:05 --> CodeIgniter\Database\Exceptions\DatabaseException: Unknown column 'announcements.user_id' in 'on clause'
[Method: GET, Route: student/dashboard]
in SYSTEMPATH\Database\BaseConnection.php on line 684.
 1 SYSTEMPATH\Database\BaseBuilder.php(1649): CodeIgniter\Database\BaseConnection->query('SELECT `announcements`.*, `users`.`full_name` as `author_name`, `users`.`profile_pic` as `author_pic`
FROM `announcements`
LEFT JOIN `users` ON `users`.`id` = `announcements`.`user_id`
ORDER BY `announcements`.`created_at` DESC', [], false)
 2 APPPATH\Controllers\Student.php(23): CodeIgniter\Database\BaseBuilder->get()
 3 SYSTEMPATH\CodeIgniter.php(933): App\Controllers\Student->index()
 4 SYSTEMPATH\CodeIgniter.php(507): CodeIgniter\CodeIgniter->runController(Object(App\Controllers\Student))
 5 SYSTEMPATH\CodeIgniter.php(354): CodeIgniter\CodeIgniter->handleRequest(null, Object(Config\Cache), false)
 6 SYSTEMPATH\Boot.php(363): CodeIgniter\CodeIgniter->run()
 7 SYSTEMPATH\Boot.php(68): CodeIgniter\Boot::runCodeIgniter(Object(CodeIgniter\CodeIgniter))
 8 FCPATH\index.php(59): CodeIgniter\Boot::bootWeb(Object(Config\Paths))
CRITICAL - 2026-03-08 14:44:05 --> [Caused by] CodeIgniter\Database\Exceptions\DatabaseException: Unknown column 'announcements.user_id' in 'on clause'
in SYSTEMPATH\Database\MySQLi\Connection.php on line 332.
 1 SYSTEMPATH\Database\BaseConnection.php(729): CodeIgniter\Database\MySQLi\Connection->execute('SELECT `announcements`.*, `users`.`full_name` as `author_name`, `users`.`profile_pic` as `author_pic`
FROM `announcements`
LEFT JOIN `users` ON `users`.`id` = `announcements`.`user_id`
ORDER BY `announcements`.`created_at` DESC')
 2 SYSTEMPATH\Database\BaseConnection.php(646): CodeIgniter\Database\BaseConnection->simpleQuery('SELECT `announcements`.*, `users`.`full_name` as `author_name`, `users`.`profile_pic` as `author_pic`
FROM `announcements`
LEFT JOIN `users` ON `users`.`id` = `announcements`.`user_id`
ORDER BY `announcements`.`created_at` DESC')
 3 SYSTEMPATH\Database\BaseBuilder.php(1649): CodeIgniter\Database\BaseConnection->query('SELECT `announcements`.*, `users`.`full_name` as `author_name`, `users`.`profile_pic` as `author_pic`
FROM `announcements`
LEFT JOIN `users` ON `users`.`id` = `announcements`.`user_id`
ORDER BY `announcements`.`created_at` DESC', [], false)
 4 APPPATH\Controllers\Student.php(23): CodeIgniter\Database\BaseBuilder->get()
 5 SYSTEMPATH\CodeIgniter.php(933): App\Controllers\Student->index()
 6 SYSTEMPATH\CodeIgniter.php(507): CodeIgniter\CodeIgniter->runController(Object(App\Controllers\Student))
 7 SYSTEMPATH\CodeIgniter.php(354): CodeIgniter\CodeIgniter->handleRequest(null, Object(Config\Cache), false)
 8 SYSTEMPATH\Boot.php(363): CodeIgniter\CodeIgniter->run()
 9 SYSTEMPATH\Boot.php(68): CodeIgniter\Boot::runCodeIgniter(Object(CodeIgniter\CodeIgniter))
10 FCPATH\index.php(59): CodeIgniter\Boot::bootWeb(Object(Config\Paths))
CRITICAL - 2026-03-08 14:44:05 --> [Caused by] mysqli_sql_exception: Unknown column 'announcements.user_id' in 'on clause'
in SYSTEMPATH\Database\MySQLi\Connection.php on line 327.
 1 SYSTEMPATH\Database\MySQLi\Connection.php(327): mysqli->query('SELECT `announcements`.*, `users`.`full_name` as `author_name`, `users`.`profile_pic` as `author_pic`
FROM `announcements`
LEFT JOIN `users` ON `users`.`id` = `announcements`.`user_id`
ORDER BY `announcements`.`created_at` DESC', 0)
 2 SYSTEMPATH\Database\BaseConnection.php(729): CodeIgniter\Database\MySQLi\Connection->execute('SELECT `announcements`.*, `users`.`full_name` as `author_name`, `users`.`profile_pic` as `author_pic`
FROM `announcements`
LEFT JOIN `users` ON `users`.`id` = `announcements`.`user_id`
ORDER BY `announcements`.`created_at` DESC')
 3 SYSTEMPATH\Database\BaseConnection.php(646): CodeIgniter\Database\BaseConnection->simpleQuery('SELECT `announcements`.*, `users`.`full_name` as `author_name`, `users`.`profile_pic` as `author_pic`
FROM `announcements`
LEFT JOIN `users` ON `users`.`id` = `announcements`.`user_id`
ORDER BY `announcements`.`created_at` DESC')
 4 SYSTEMPATH\Database\BaseBuilder.php(1649): CodeIgniter\Database\BaseConnection->query('SELECT `announcements`.*, `users`.`full_name` as `author_name`, `users`.`profile_pic` as `author_pic`
FROM `announcements`
LEFT JOIN `users` ON `users`.`id` = `announcements`.`user_id`
ORDER BY `announcements`.`created_at` DESC', [], false)
 5 APPPATH\Controllers\Student.php(23): CodeIgniter\Database\BaseBuilder->get()
 6 SYSTEMPATH\CodeIgniter.php(933): App\Controllers\Student->index()
 7 SYSTEMPATH\CodeIgniter.php(507): CodeIgniter\CodeIgniter->runController(Object(App\Controllers\Student))
 8 SYSTEMPATH\CodeIgniter.php(354): CodeIgniter\CodeIgniter->handleRequest(null, Object(Config\Cache), false)
 9 SYSTEMPATH\Boot.php(363): CodeIgniter\CodeIgniter->run()
10 SYSTEMPATH\Boot.php(68): CodeIgniter\Boot::runCodeIgniter(Object(CodeIgniter\CodeIgniter))
11 FCPATH\index.php(59): CodeIgniter\Boot::bootWeb(Object(Config\Paths))
ERROR - 2026-03-08 14:47:42 --> mysqli_sql_exception: Unknown column 'announcements.user_id' in 'on clause' in C:\xampp\htdocs\system\system\Database\MySQLi\Connection.php:327
Stack trace:
#0 C:\xampp\htdocs\system\system\Database\MySQLi\Connection.php(327): mysqli->query('SELECT `announc...', 0)
#1 C:\xampp\htdocs\system\system\Database\BaseConnection.php(729): CodeIgniter\Database\MySQLi\Connection->execute('SELECT `announc...')
#2 C:\xampp\htdocs\system\system\Database\BaseConnection.php(646): CodeIgniter\Database\BaseConnection->simpleQuery('SELECT `announc...')
#3 C:\xampp\htdocs\system\system\Database\BaseBuilder.php(1649): CodeIgniter\Database\BaseConnection->query('SELECT `announc...', Array, false)
#4 C:\xampp\htdocs\system\app\Controllers\Student.php(21): CodeIgniter\Database\BaseBuilder->get()
#5 C:\xampp\htdocs\system\system\CodeIgniter.php(933): App\Controllers\Student->index()
#6 C:\xampp\htdocs\system\system\CodeIgniter.php(507): CodeIgniter\CodeIgniter->runController(Object(App\Controllers\Student))
#7 C:\xampp\htdocs\system\system\CodeIgniter.php(354): CodeIgniter\CodeIgniter->handleRequest(NULL, Object(Config\Cache), false)
#8 C:\xampp\htdocs\system\system\Boot.php(363): CodeIgniter\CodeIgniter->run()
#9 C:\xampp\htdocs\system\system\Boot.php(68): CodeIgniter\Boot::runCodeIgniter(Object(CodeIgniter\CodeIgniter))
#10 C:\xampp\htdocs\system\public\index.php(59): CodeIgniter\Boot::bootWeb(Object(Config\Paths))
#11 {main}
CRITICAL - 2026-03-08 14:47:42 --> CodeIgniter\Database\Exceptions\DatabaseException: Unknown column 'announcements.user_id' in 'on clause'
[Method: GET, Route: student/dashboard]
in SYSTEMPATH\Database\BaseConnection.php on line 684.
 1 SYSTEMPATH\Database\BaseBuilder.php(1649): CodeIgniter\Database\BaseConnection->query('SELECT `announcements`.`id`, `announcements`.`message`, `announcements`.`image_path`, `announcements`.`created_at`, `users`.`full_name` as `admin_name`, `users`.`profile_pic` as `admin_pic`
FROM `announcements`
LEFT JOIN `users` ON `users`.`id` = `announcements`.`user_id`
ORDER BY `announcements`.`created_at` DESC', [], false)
 2 APPPATH\Controllers\Student.php(21): CodeIgniter\Database\BaseBuilder->get()
 3 SYSTEMPATH\CodeIgniter.php(933): App\Controllers\Student->index()
 4 SYSTEMPATH\CodeIgniter.php(507): CodeIgniter\CodeIgniter->runController(Object(App\Controllers\Student))
 5 SYSTEMPATH\CodeIgniter.php(354): CodeIgniter\CodeIgniter->handleRequest(null, Object(Config\Cache), false)
 6 SYSTEMPATH\Boot.php(363): CodeIgniter\CodeIgniter->run()
 7 SYSTEMPATH\Boot.php(68): CodeIgniter\Boot::runCodeIgniter(Object(CodeIgniter\CodeIgniter))
 8 FCPATH\index.php(59): CodeIgniter\Boot::bootWeb(Object(Config\Paths))
CRITICAL - 2026-03-08 14:47:42 --> [Caused by] CodeIgniter\Database\Exceptions\DatabaseException: Unknown column 'announcements.user_id' in 'on clause'
in SYSTEMPATH\Database\MySQLi\Connection.php on line 332.
 1 SYSTEMPATH\Database\BaseConnection.php(729): CodeIgniter\Database\MySQLi\Connection->execute('SELECT `announcements`.`id`, `announcements`.`message`, `announcements`.`image_path`, `announcements`.`created_at`, `users`.`full_name` as `admin_name`, `users`.`profile_pic` as `admin_pic`
FROM `announcements`
LEFT JOIN `users` ON `users`.`id` = `announcements`.`user_id`
ORDER BY `announcements`.`created_at` DESC')
 2 SYSTEMPATH\Database\BaseConnection.php(646): CodeIgniter\Database\BaseConnection->simpleQuery('SELECT `announcements`.`id`, `announcements`.`message`, `announcements`.`image_path`, `announcements`.`created_at`, `users`.`full_name` as `admin_name`, `users`.`profile_pic` as `admin_pic`
FROM `announcements`
LEFT JOIN `users` ON `users`.`id` = `announcements`.`user_id`
ORDER BY `announcements`.`created_at` DESC')
 3 SYSTEMPATH\Database\BaseBuilder.php(1649): CodeIgniter\Database\BaseConnection->query('SELECT `announcements`.`id`, `announcements`.`message`, `announcements`.`image_path`, `announcements`.`created_at`, `users`.`full_name` as `admin_name`, `users`.`profile_pic` as `admin_pic`
FROM `announcements`
LEFT JOIN `users` ON `users`.`id` = `announcements`.`user_id`
ORDER BY `announcements`.`created_at` DESC', [], false)
 4 APPPATH\Controllers\Student.php(21): CodeIgniter\Database\BaseBuilder->get()
 5 SYSTEMPATH\CodeIgniter.php(933): App\Controllers\Student->index()
 6 SYSTEMPATH\CodeIgniter.php(507): CodeIgniter\CodeIgniter->runController(Object(App\Controllers\Student))
 7 SYSTEMPATH\CodeIgniter.php(354): CodeIgniter\CodeIgniter->handleRequest(null, Object(Config\Cache), false)
 8 SYSTEMPATH\Boot.php(363): CodeIgniter\CodeIgniter->run()
 9 SYSTEMPATH\Boot.php(68): CodeIgniter\Boot::runCodeIgniter(Object(CodeIgniter\CodeIgniter))
10 FCPATH\index.php(59): CodeIgniter\Boot::bootWeb(Object(Config\Paths))
CRITICAL - 2026-03-08 14:47:42 --> [Caused by] mysqli_sql_exception: Unknown column 'announcements.user_id' in 'on clause'
in SYSTEMPATH\Database\MySQLi\Connection.php on line 327.
 1 SYSTEMPATH\Database\MySQLi\Connection.php(327): mysqli->query('SELECT `announcements`.`id`, `announcements`.`message`, `announcements`.`image_path`, `announcements`.`created_at`, `users`.`full_name` as `admin_name`, `users`.`profile_pic` as `admin_pic`
FROM `announcements`
LEFT JOIN `users` ON `users`.`id` = `announcements`.`user_id`
ORDER BY `announcements`.`created_at` DESC', 0)
 2 SYSTEMPATH\Database\BaseConnection.php(729): CodeIgniter\Database\MySQLi\Connection->execute('SELECT `announcements`.`id`, `announcements`.`message`, `announcements`.`image_path`, `announcements`.`created_at`, `users`.`full_name` as `admin_name`, `users`.`profile_pic` as `admin_pic`
FROM `announcements`
LEFT JOIN `users` ON `users`.`id` = `announcements`.`user_id`
ORDER BY `announcements`.`created_at` DESC')
 3 SYSTEMPATH\Database\BaseConnection.php(646): CodeIgniter\Database\BaseConnection->simpleQuery('SELECT `announcements`.`id`, `announcements`.`message`, `announcements`.`image_path`, `announcements`.`created_at`, `users`.`full_name` as `admin_name`, `users`.`profile_pic` as `admin_pic`
FROM `announcements`
LEFT JOIN `users` ON `users`.`id` = `announcements`.`user_id`
ORDER BY `announcements`.`created_at` DESC')
 4 SYSTEMPATH\Database\BaseBuilder.php(1649): CodeIgniter\Database\BaseConnection->query('SELECT `announcements`.`id`, `announcements`.`message`, `announcements`.`image_path`, `announcements`.`created_at`, `users`.`full_name` as `admin_name`, `users`.`profile_pic` as `admin_pic`
FROM `announcements`
LEFT JOIN `users` ON `users`.`id` = `announcements`.`user_id`
ORDER BY `announcements`.`created_at` DESC', [], false)
 5 APPPATH\Controllers\Student.php(21): CodeIgniter\Database\BaseBuilder->get()
 6 SYSTEMPATH\CodeIgniter.php(933): App\Controllers\Student->index()
 7 SYSTEMPATH\CodeIgniter.php(507): CodeIgniter\CodeIgniter->runController(Object(App\Controllers\Student))
 8 SYSTEMPATH\CodeIgniter.php(354): CodeIgniter\CodeIgniter->handleRequest(null, Object(Config\Cache), false)
 9 SYSTEMPATH\Boot.php(363): CodeIgniter\CodeIgniter->run()
10 SYSTEMPATH\Boot.php(68): CodeIgniter\Boot::runCodeIgniter(Object(CodeIgniter\CodeIgniter))
11 FCPATH\index.php(59): CodeIgniter\Boot::bootWeb(Object(Config\Paths))
ERROR - 2026-03-08 14:47:43 --> mysqli_sql_exception: Unknown column 'announcements.user_id' in 'on clause' in C:\xampp\htdocs\system\system\Database\MySQLi\Connection.php:327
Stack trace:
#0 C:\xampp\htdocs\system\system\Database\MySQLi\Connection.php(327): mysqli->query('SELECT `announc...', 0)
#1 C:\xampp\htdocs\system\system\Database\BaseConnection.php(729): CodeIgniter\Database\MySQLi\Connection->execute('SELECT `announc...')
#2 C:\xampp\htdocs\system\system\Database\BaseConnection.php(646): CodeIgniter\Database\BaseConnection->simpleQuery('SELECT `announc...')
#3 C:\xampp\htdocs\system\system\Database\BaseBuilder.php(1649): CodeIgniter\Database\BaseConnection->query('SELECT `announc...', Array, false)
#4 C:\xampp\htdocs\system\app\Controllers\Student.php(21): CodeIgniter\Database\BaseBuilder->get()
#5 C:\xampp\htdocs\system\system\CodeIgniter.php(933): App\Controllers\Student->index()
#6 C:\xampp\htdocs\system\system\CodeIgniter.php(507): CodeIgniter\CodeIgniter->runController(Object(App\Controllers\Student))
#7 C:\xampp\htdocs\system\system\CodeIgniter.php(354): CodeIgniter\CodeIgniter->handleRequest(NULL, Object(Config\Cache), false)
#8 C:\xampp\htdocs\system\system\Boot.php(363): CodeIgniter\CodeIgniter->run()
#9 C:\xampp\htdocs\system\system\Boot.php(68): CodeIgniter\Boot::runCodeIgniter(Object(CodeIgniter\CodeIgniter))
#10 C:\xampp\htdocs\system\public\index.php(59): CodeIgniter\Boot::bootWeb(Object(Config\Paths))
#11 {main}
CRITICAL - 2026-03-08 14:47:43 --> CodeIgniter\Database\Exceptions\DatabaseException: Unknown column 'announcements.user_id' in 'on clause'
[Method: GET, Route: student/dashboard]
in SYSTEMPATH\Database\BaseConnection.php on line 684.
 1 SYSTEMPATH\Database\BaseBuilder.php(1649): CodeIgniter\Database\BaseConnection->query('SELECT `announcements`.`id`, `announcements`.`message`, `announcements`.`image_path`, `announcements`.`created_at`, `users`.`full_name` as `admin_name`, `users`.`profile_pic` as `admin_pic`
FROM `announcements`
LEFT JOIN `users` ON `users`.`id` = `announcements`.`user_id`
ORDER BY `announcements`.`created_at` DESC', [], false)
 2 APPPATH\Controllers\Student.php(21): CodeIgniter\Database\BaseBuilder->get()
 3 SYSTEMPATH\CodeIgniter.php(933): App\Controllers\Student->index()
 4 SYSTEMPATH\CodeIgniter.php(507): CodeIgniter\CodeIgniter->runController(Object(App\Controllers\Student))
 5 SYSTEMPATH\CodeIgniter.php(354): CodeIgniter\CodeIgniter->handleRequest(null, Object(Config\Cache), false)
 6 SYSTEMPATH\Boot.php(363): CodeIgniter\CodeIgniter->run()
 7 SYSTEMPATH\Boot.php(68): CodeIgniter\Boot::runCodeIgniter(Object(CodeIgniter\CodeIgniter))
 8 FCPATH\index.php(59): CodeIgniter\Boot::bootWeb(Object(Config\Paths))
CRITICAL - 2026-03-08 14:47:43 --> [Caused by] CodeIgniter\Database\Exceptions\DatabaseException: Unknown column 'announcements.user_id' in 'on clause'
in SYSTEMPATH\Database\MySQLi\Connection.php on line 332.
 1 SYSTEMPATH\Database\BaseConnection.php(729): CodeIgniter\Database\MySQLi\Connection->execute('SELECT `announcements`.`id`, `announcements`.`message`, `announcements`.`image_path`, `announcements`.`created_at`, `users`.`full_name` as `admin_name`, `users`.`profile_pic` as `admin_pic`
FROM `announcements`
LEFT JOIN `users` ON `users`.`id` = `announcements`.`user_id`
ORDER BY `announcements`.`created_at` DESC')
 2 SYSTEMPATH\Database\BaseConnection.php(646): CodeIgniter\Database\BaseConnection->simpleQuery('SELECT `announcements`.`id`, `announcements`.`message`, `announcements`.`image_path`, `announcements`.`created_at`, `users`.`full_name` as `admin_name`, `users`.`profile_pic` as `admin_pic`
FROM `announcements`
LEFT JOIN `users` ON `users`.`id` = `announcements`.`user_id`
ORDER BY `announcements`.`created_at` DESC')
 3 SYSTEMPATH\Database\BaseBuilder.php(1649): CodeIgniter\Database\BaseConnection->query('SELECT `announcements`.`id`, `announcements`.`message`, `announcements`.`image_path`, `announcements`.`created_at`, `users`.`full_name` as `admin_name`, `users`.`profile_pic` as `admin_pic`
FROM `announcements`
LEFT JOIN `users` ON `users`.`id` = `announcements`.`user_id`
ORDER BY `announcements`.`created_at` DESC', [], false)
 4 APPPATH\Controllers\Student.php(21): CodeIgniter\Database\BaseBuilder->get()
 5 SYSTEMPATH\CodeIgniter.php(933): App\Controllers\Student->index()
 6 SYSTEMPATH\CodeIgniter.php(507): CodeIgniter\CodeIgniter->runController(Object(App\Controllers\Student))
 7 SYSTEMPATH\CodeIgniter.php(354): CodeIgniter\CodeIgniter->handleRequest(null, Object(Config\Cache), false)
 8 SYSTEMPATH\Boot.php(363): CodeIgniter\CodeIgniter->run()
 9 SYSTEMPATH\Boot.php(68): CodeIgniter\Boot::runCodeIgniter(Object(CodeIgniter\CodeIgniter))
10 FCPATH\index.php(59): CodeIgniter\Boot::bootWeb(Object(Config\Paths))
CRITICAL - 2026-03-08 14:47:43 --> [Caused by] mysqli_sql_exception: Unknown column 'announcements.user_id' in 'on clause'
in SYSTEMPATH\Database\MySQLi\Connection.php on line 327.
 1 SYSTEMPATH\Database\MySQLi\Connection.php(327): mysqli->query('SELECT `announcements`.`id`, `announcements`.`message`, `announcements`.`image_path`, `announcements`.`created_at`, `users`.`full_name` as `admin_name`, `users`.`profile_pic` as `admin_pic`
FROM `announcements`
LEFT JOIN `users` ON `users`.`id` = `announcements`.`user_id`
ORDER BY `announcements`.`created_at` DESC', 0)
 2 SYSTEMPATH\Database\BaseConnection.php(729): CodeIgniter\Database\MySQLi\Connection->execute('SELECT `announcements`.`id`, `announcements`.`message`, `announcements`.`image_path`, `announcements`.`created_at`, `users`.`full_name` as `admin_name`, `users`.`profile_pic` as `admin_pic`
FROM `announcements`
LEFT JOIN `users` ON `users`.`id` = `announcements`.`user_id`
ORDER BY `announcements`.`created_at` DESC')
 3 SYSTEMPATH\Database\BaseConnection.php(646): CodeIgniter\Database\BaseConnection->simpleQuery('SELECT `announcements`.`id`, `announcements`.`message`, `announcements`.`image_path`, `announcements`.`created_at`, `users`.`full_name` as `admin_name`, `users`.`profile_pic` as `admin_pic`
FROM `announcements`
LEFT JOIN `users` ON `users`.`id` = `announcements`.`user_id`
ORDER BY `announcements`.`created_at` DESC')
 4 SYSTEMPATH\Database\BaseBuilder.php(1649): CodeIgniter\Database\BaseConnection->query('SELECT `announcements`.`id`, `announcements`.`message`, `announcements`.`image_path`, `announcements`.`created_at`, `users`.`full_name` as `admin_name`, `users`.`profile_pic` as `admin_pic`
FROM `announcements`
LEFT JOIN `users` ON `users`.`id` = `announcements`.`user_id`
ORDER BY `announcements`.`created_at` DESC', [], false)
 5 APPPATH\Controllers\Student.php(21): CodeIgniter\Database\BaseBuilder->get()
 6 SYSTEMPATH\CodeIgniter.php(933): App\Controllers\Student->index()
 7 SYSTEMPATH\CodeIgniter.php(507): CodeIgniter\CodeIgniter->runController(Object(App\Controllers\Student))
 8 SYSTEMPATH\CodeIgniter.php(354): CodeIgniter\CodeIgniter->handleRequest(null, Object(Config\Cache), false)
 9 SYSTEMPATH\Boot.php(363): CodeIgniter\CodeIgniter->run()
10 SYSTEMPATH\Boot.php(68): CodeIgniter\Boot::runCodeIgniter(Object(CodeIgniter\CodeIgniter))
11 FCPATH\index.php(59): CodeIgniter\Boot::bootWeb(Object(Config\Paths))
ERROR - 2026-03-08 14:47:43 --> mysqli_sql_exception: Unknown column 'announcements.user_id' in 'on clause' in C:\xampp\htdocs\system\system\Database\MySQLi\Connection.php:327
Stack trace:
#0 C:\xampp\htdocs\system\system\Database\MySQLi\Connection.php(327): mysqli->query('SELECT `announc...', 0)
#1 C:\xampp\htdocs\system\system\Database\BaseConnection.php(729): CodeIgniter\Database\MySQLi\Connection->execute('SELECT `announc...')
#2 C:\xampp\htdocs\system\system\Database\BaseConnection.php(646): CodeIgniter\Database\BaseConnection->simpleQuery('SELECT `announc...')
#3 C:\xampp\htdocs\system\system\Database\BaseBuilder.php(1649): CodeIgniter\Database\BaseConnection->query('SELECT `announc...', Array, false)
#4 C:\xampp\htdocs\system\app\Controllers\Student.php(21): CodeIgniter\Database\BaseBuilder->get()
#5 C:\xampp\htdocs\system\system\CodeIgniter.php(933): App\Controllers\Student->index()
#6 C:\xampp\htdocs\system\system\CodeIgniter.php(507): CodeIgniter\CodeIgniter->runController(Object(App\Controllers\Student))
#7 C:\xampp\htdocs\system\system\CodeIgniter.php(354): CodeIgniter\CodeIgniter->handleRequest(NULL, Object(Config\Cache), false)
#8 C:\xampp\htdocs\system\system\Boot.php(363): CodeIgniter\CodeIgniter->run()
#9 C:\xampp\htdocs\system\system\Boot.php(68): CodeIgniter\Boot::runCodeIgniter(Object(CodeIgniter\CodeIgniter))
#10 C:\xampp\htdocs\system\public\index.php(59): CodeIgniter\Boot::bootWeb(Object(Config\Paths))
#11 {main}
CRITICAL - 2026-03-08 14:47:43 --> CodeIgniter\Database\Exceptions\DatabaseException: Unknown column 'announcements.user_id' in 'on clause'
[Method: GET, Route: student/dashboard]
in SYSTEMPATH\Database\BaseConnection.php on line 684.
 1 SYSTEMPATH\Database\BaseBuilder.php(1649): CodeIgniter\Database\BaseConnection->query('SELECT `announcements`.`id`, `announcements`.`message`, `announcements`.`image_path`, `announcements`.`created_at`, `users`.`full_name` as `admin_name`, `users`.`profile_pic` as `admin_pic`
FROM `announcements`
LEFT JOIN `users` ON `users`.`id` = `announcements`.`user_id`
ORDER BY `announcements`.`created_at` DESC', [], false)
 2 APPPATH\Controllers\Student.php(21): CodeIgniter\Database\BaseBuilder->get()
 3 SYSTEMPATH\CodeIgniter.php(933): App\Controllers\Student->index()
 4 SYSTEMPATH\CodeIgniter.php(507): CodeIgniter\CodeIgniter->runController(Object(App\Controllers\Student))
 5 SYSTEMPATH\CodeIgniter.php(354): CodeIgniter\CodeIgniter->handleRequest(null, Object(Config\Cache), false)
 6 SYSTEMPATH\Boot.php(363): CodeIgniter\CodeIgniter->run()
 7 SYSTEMPATH\Boot.php(68): CodeIgniter\Boot::runCodeIgniter(Object(CodeIgniter\CodeIgniter))
 8 FCPATH\index.php(59): CodeIgniter\Boot::bootWeb(Object(Config\Paths))
CRITICAL - 2026-03-08 14:47:43 --> [Caused by] CodeIgniter\Database\Exceptions\DatabaseException: Unknown column 'announcements.user_id' in 'on clause'
in SYSTEMPATH\Database\MySQLi\Connection.php on line 332.
 1 SYSTEMPATH\Database\BaseConnection.php(729): CodeIgniter\Database\MySQLi\Connection->execute('SELECT `announcements`.`id`, `announcements`.`message`, `announcements`.`image_path`, `announcements`.`created_at`, `users`.`full_name` as `admin_name`, `users`.`profile_pic` as `admin_pic`
FROM `announcements`
LEFT JOIN `users` ON `users`.`id` = `announcements`.`user_id`
ORDER BY `announcements`.`created_at` DESC')
 2 SYSTEMPATH\Database\BaseConnection.php(646): CodeIgniter\Database\BaseConnection->simpleQuery('SELECT `announcements`.`id`, `announcements`.`message`, `announcements`.`image_path`, `announcements`.`created_at`, `users`.`full_name` as `admin_name`, `users`.`profile_pic` as `admin_pic`
FROM `announcements`
LEFT JOIN `users` ON `users`.`id` = `announcements`.`user_id`
ORDER BY `announcements`.`created_at` DESC')
 3 SYSTEMPATH\Database\BaseBuilder.php(1649): CodeIgniter\Database\BaseConnection->query('SELECT `announcements`.`id`, `announcements`.`message`, `announcements`.`image_path`, `announcements`.`created_at`, `users`.`full_name` as `admin_name`, `users`.`profile_pic` as `admin_pic`
FROM `announcements`
LEFT JOIN `users` ON `users`.`id` = `announcements`.`user_id`
ORDER BY `announcements`.`created_at` DESC', [], false)
 4 APPPATH\Controllers\Student.php(21): CodeIgniter\Database\BaseBuilder->get()
 5 SYSTEMPATH\CodeIgniter.php(933): App\Controllers\Student->index()
 6 SYSTEMPATH\CodeIgniter.php(507): CodeIgniter\CodeIgniter->runController(Object(App\Controllers\Student))
 7 SYSTEMPATH\CodeIgniter.php(354): CodeIgniter\CodeIgniter->handleRequest(null, Object(Config\Cache), false)
 8 SYSTEMPATH\Boot.php(363): CodeIgniter\CodeIgniter->run()
 9 SYSTEMPATH\Boot.php(68): CodeIgniter\Boot::runCodeIgniter(Object(CodeIgniter\CodeIgniter))
10 FCPATH\index.php(59): CodeIgniter\Boot::bootWeb(Object(Config\Paths))
CRITICAL - 2026-03-08 14:47:43 --> [Caused by] mysqli_sql_exception: Unknown column 'announcements.user_id' in 'on clause'
in SYSTEMPATH\Database\MySQLi\Connection.php on line 327.
 1 SYSTEMPATH\Database\MySQLi\Connection.php(327): mysqli->query('SELECT `announcements`.`id`, `announcements`.`message`, `announcements`.`image_path`, `announcements`.`created_at`, `users`.`full_name` as `admin_name`, `users`.`profile_pic` as `admin_pic`
FROM `announcements`
LEFT JOIN `users` ON `users`.`id` = `announcements`.`user_id`
ORDER BY `announcements`.`created_at` DESC', 0)
 2 SYSTEMPATH\Database\BaseConnection.php(729): CodeIgniter\Database\MySQLi\Connection->execute('SELECT `announcements`.`id`, `announcements`.`message`, `announcements`.`image_path`, `announcements`.`created_at`, `users`.`full_name` as `admin_name`, `users`.`profile_pic` as `admin_pic`
FROM `announcements`
LEFT JOIN `users` ON `users`.`id` = `announcements`.`user_id`
ORDER BY `announcements`.`created_at` DESC')
 3 SYSTEMPATH\Database\BaseConnection.php(646): CodeIgniter\Database\BaseConnection->simpleQuery('SELECT `announcements`.`id`, `announcements`.`message`, `announcements`.`image_path`, `announcements`.`created_at`, `users`.`full_name` as `admin_name`, `users`.`profile_pic` as `admin_pic`
FROM `announcements`
LEFT JOIN `users` ON `users`.`id` = `announcements`.`user_id`
ORDER BY `announcements`.`created_at` DESC')
 4 SYSTEMPATH\Database\BaseBuilder.php(1649): CodeIgniter\Database\BaseConnection->query('SELECT `announcements`.`id`, `announcements`.`message`, `announcements`.`image_path`, `announcements`.`created_at`, `users`.`full_name` as `admin_name`, `users`.`profile_pic` as `admin_pic`
FROM `announcements`
LEFT JOIN `users` ON `users`.`id` = `announcements`.`user_id`
ORDER BY `announcements`.`created_at` DESC', [], false)
 5 APPPATH\Controllers\Student.php(21): CodeIgniter\Database\BaseBuilder->get()
 6 SYSTEMPATH\CodeIgniter.php(933): App\Controllers\Student->index()
 7 SYSTEMPATH\CodeIgniter.php(507): CodeIgniter\CodeIgniter->runController(Object(App\Controllers\Student))
 8 SYSTEMPATH\CodeIgniter.php(354): CodeIgniter\CodeIgniter->handleRequest(null, Object(Config\Cache), false)
 9 SYSTEMPATH\Boot.php(363): CodeIgniter\CodeIgniter->run()
10 SYSTEMPATH\Boot.php(68): CodeIgniter\Boot::runCodeIgniter(Object(CodeIgniter\CodeIgniter))
11 FCPATH\index.php(59): CodeIgniter\Boot::bootWeb(Object(Config\Paths))
ERROR - 2026-03-08 14:47:44 --> mysqli_sql_exception: Unknown column 'announcements.user_id' in 'on clause' in C:\xampp\htdocs\system\system\Database\MySQLi\Connection.php:327
Stack trace:
#0 C:\xampp\htdocs\system\system\Database\MySQLi\Connection.php(327): mysqli->query('SELECT `announc...', 0)
#1 C:\xampp\htdocs\system\system\Database\BaseConnection.php(729): CodeIgniter\Database\MySQLi\Connection->execute('SELECT `announc...')
#2 C:\xampp\htdocs\system\system\Database\BaseConnection.php(646): CodeIgniter\Database\BaseConnection->simpleQuery('SELECT `announc...')
#3 C:\xampp\htdocs\system\system\Database\BaseBuilder.php(1649): CodeIgniter\Database\BaseConnection->query('SELECT `announc...', Array, false)
#4 C:\xampp\htdocs\system\app\Controllers\Student.php(21): CodeIgniter\Database\BaseBuilder->get()
#5 C:\xampp\htdocs\system\system\CodeIgniter.php(933): App\Controllers\Student->index()
#6 C:\xampp\htdocs\system\system\CodeIgniter.php(507): CodeIgniter\CodeIgniter->runController(Object(App\Controllers\Student))
#7 C:\xampp\htdocs\system\system\CodeIgniter.php(354): CodeIgniter\CodeIgniter->handleRequest(NULL, Object(Config\Cache), false)
#8 C:\xampp\htdocs\system\system\Boot.php(363): CodeIgniter\CodeIgniter->run()
#9 C:\xampp\htdocs\system\system\Boot.php(68): CodeIgniter\Boot::runCodeIgniter(Object(CodeIgniter\CodeIgniter))
#10 C:\xampp\htdocs\system\public\index.php(59): CodeIgniter\Boot::bootWeb(Object(Config\Paths))
#11 {main}
CRITICAL - 2026-03-08 14:47:44 --> CodeIgniter\Database\Exceptions\DatabaseException: Unknown column 'announcements.user_id' in 'on clause'
[Method: GET, Route: student/dashboard]
in SYSTEMPATH\Database\BaseConnection.php on line 684.
 1 SYSTEMPATH\Database\BaseBuilder.php(1649): CodeIgniter\Database\BaseConnection->query('SELECT `announcements`.`id`, `announcements`.`message`, `announcements`.`image_path`, `announcements`.`created_at`, `users`.`full_name` as `admin_name`, `users`.`profile_pic` as `admin_pic`
FROM `announcements`
LEFT JOIN `users` ON `users`.`id` = `announcements`.`user_id`
ORDER BY `announcements`.`created_at` DESC', [], false)
 2 APPPATH\Controllers\Student.php(21): CodeIgniter\Database\BaseBuilder->get()
 3 SYSTEMPATH\CodeIgniter.php(933): App\Controllers\Student->index()
 4 SYSTEMPATH\CodeIgniter.php(507): CodeIgniter\CodeIgniter->runController(Object(App\Controllers\Student))
 5 SYSTEMPATH\CodeIgniter.php(354): CodeIgniter\CodeIgniter->handleRequest(null, Object(Config\Cache), false)
 6 SYSTEMPATH\Boot.php(363): CodeIgniter\CodeIgniter->run()
 7 SYSTEMPATH\Boot.php(68): CodeIgniter\Boot::runCodeIgniter(Object(CodeIgniter\CodeIgniter))
 8 FCPATH\index.php(59): CodeIgniter\Boot::bootWeb(Object(Config\Paths))
CRITICAL - 2026-03-08 14:47:44 --> [Caused by] CodeIgniter\Database\Exceptions\DatabaseException: Unknown column 'announcements.user_id' in 'on clause'
in SYSTEMPATH\Database\MySQLi\Connection.php on line 332.
 1 SYSTEMPATH\Database\BaseConnection.php(729): CodeIgniter\Database\MySQLi\Connection->execute('SELECT `announcements`.`id`, `announcements`.`message`, `announcements`.`image_path`, `announcements`.`created_at`, `users`.`full_name` as `admin_name`, `users`.`profile_pic` as `admin_pic`
FROM `announcements`
LEFT JOIN `users` ON `users`.`id` = `announcements`.`user_id`
ORDER BY `announcements`.`created_at` DESC')
 2 SYSTEMPATH\Database\BaseConnection.php(646): CodeIgniter\Database\BaseConnection->simpleQuery('SELECT `announcements`.`id`, `announcements`.`message`, `announcements`.`image_path`, `announcements`.`created_at`, `users`.`full_name` as `admin_name`, `users`.`profile_pic` as `admin_pic`
FROM `announcements`
LEFT JOIN `users` ON `users`.`id` = `announcements`.`user_id`
ORDER BY `announcements`.`created_at` DESC')
 3 SYSTEMPATH\Database\BaseBuilder.php(1649): CodeIgniter\Database\BaseConnection->query('SELECT `announcements`.`id`, `announcements`.`message`, `announcements`.`image_path`, `announcements`.`created_at`, `users`.`full_name` as `admin_name`, `users`.`profile_pic` as `admin_pic`
FROM `announcements`
LEFT JOIN `users` ON `users`.`id` = `announcements`.`user_id`
ORDER BY `announcements`.`created_at` DESC', [], false)
 4 APPPATH\Controllers\Student.php(21): CodeIgniter\Database\BaseBuilder->get()
 5 SYSTEMPATH\CodeIgniter.php(933): App\Controllers\Student->index()
 6 SYSTEMPATH\CodeIgniter.php(507): CodeIgniter\CodeIgniter->runController(Object(App\Controllers\Student))
 7 SYSTEMPATH\CodeIgniter.php(354): CodeIgniter\CodeIgniter->handleRequest(null, Object(Config\Cache), false)
 8 SYSTEMPATH\Boot.php(363): CodeIgniter\CodeIgniter->run()
 9 SYSTEMPATH\Boot.php(68): CodeIgniter\Boot::runCodeIgniter(Object(CodeIgniter\CodeIgniter))
10 FCPATH\index.php(59): CodeIgniter\Boot::bootWeb(Object(Config\Paths))
CRITICAL - 2026-03-08 14:47:44 --> [Caused by] mysqli_sql_exception: Unknown column 'announcements.user_id' in 'on clause'
in SYSTEMPATH\Database\MySQLi\Connection.php on line 327.
 1 SYSTEMPATH\Database\MySQLi\Connection.php(327): mysqli->query('SELECT `announcements`.`id`, `announcements`.`message`, `announcements`.`image_path`, `announcements`.`created_at`, `users`.`full_name` as `admin_name`, `users`.`profile_pic` as `admin_pic`
FROM `announcements`
LEFT JOIN `users` ON `users`.`id` = `announcements`.`user_id`
ORDER BY `announcements`.`created_at` DESC', 0)
 2 SYSTEMPATH\Database\BaseConnection.php(729): CodeIgniter\Database\MySQLi\Connection->execute('SELECT `announcements`.`id`, `announcements`.`message`, `announcements`.`image_path`, `announcements`.`created_at`, `users`.`full_name` as `admin_name`, `users`.`profile_pic` as `admin_pic`
FROM `announcements`
LEFT JOIN `users` ON `users`.`id` = `announcements`.`user_id`
ORDER BY `announcements`.`created_at` DESC')
 3 SYSTEMPATH\Database\BaseConnection.php(646): CodeIgniter\Database\BaseConnection->simpleQuery('SELECT `announcements`.`id`, `announcements`.`message`, `announcements`.`image_path`, `announcements`.`created_at`, `users`.`full_name` as `admin_name`, `users`.`profile_pic` as `admin_pic`
FROM `announcements`
LEFT JOIN `users` ON `users`.`id` = `announcements`.`user_id`
ORDER BY `announcements`.`created_at` DESC')
 4 SYSTEMPATH\Database\BaseBuilder.php(1649): CodeIgniter\Database\BaseConnection->query('SELECT `announcements`.`id`, `announcements`.`message`, `announcements`.`image_path`, `announcements`.`created_at`, `users`.`full_name` as `admin_name`, `users`.`profile_pic` as `admin_pic`
FROM `announcements`
LEFT JOIN `users` ON `users`.`id` = `announcements`.`user_id`
ORDER BY `announcements`.`created_at` DESC', [], false)
 5 APPPATH\Controllers\Student.php(21): CodeIgniter\Database\BaseBuilder->get()
 6 SYSTEMPATH\CodeIgniter.php(933): App\Controllers\Student->index()
 7 SYSTEMPATH\CodeIgniter.php(507): CodeIgniter\CodeIgniter->runController(Object(App\Controllers\Student))
 8 SYSTEMPATH\CodeIgniter.php(354): CodeIgniter\CodeIgniter->handleRequest(null, Object(Config\Cache), false)
 9 SYSTEMPATH\Boot.php(363): CodeIgniter\CodeIgniter->run()
10 SYSTEMPATH\Boot.php(68): CodeIgniter\Boot::runCodeIgniter(Object(CodeIgniter\CodeIgniter))
11 FCPATH\index.php(59): CodeIgniter\Boot::bootWeb(Object(Config\Paths))
ERROR - 2026-03-08 14:47:44 --> mysqli_sql_exception: Unknown column 'announcements.user_id' in 'on clause' in C:\xampp\htdocs\system\system\Database\MySQLi\Connection.php:327
Stack trace:
#0 C:\xampp\htdocs\system\system\Database\MySQLi\Connection.php(327): mysqli->query('SELECT `announc...', 0)
#1 C:\xampp\htdocs\system\system\Database\BaseConnection.php(729): CodeIgniter\Database\MySQLi\Connection->execute('SELECT `announc...')
#2 C:\xampp\htdocs\system\system\Database\BaseConnection.php(646): CodeIgniter\Database\BaseConnection->simpleQuery('SELECT `announc...')
#3 C:\xampp\htdocs\system\system\Database\BaseBuilder.php(1649): CodeIgniter\Database\BaseConnection->query('SELECT `announc...', Array, false)
#4 C:\xampp\htdocs\system\app\Controllers\Student.php(21): CodeIgniter\Database\BaseBuilder->get()
#5 C:\xampp\htdocs\system\system\CodeIgniter.php(933): App\Controllers\Student->index()
#6 C:\xampp\htdocs\system\system\CodeIgniter.php(507): CodeIgniter\CodeIgniter->runController(Object(App\Controllers\Student))
#7 C:\xampp\htdocs\system\system\CodeIgniter.php(354): CodeIgniter\CodeIgniter->handleRequest(NULL, Object(Config\Cache), false)
#8 C:\xampp\htdocs\system\system\Boot.php(363): CodeIgniter\CodeIgniter->run()
#9 C:\xampp\htdocs\system\system\Boot.php(68): CodeIgniter\Boot::runCodeIgniter(Object(CodeIgniter\CodeIgniter))
#10 C:\xampp\htdocs\system\public\index.php(59): CodeIgniter\Boot::bootWeb(Object(Config\Paths))
#11 {main}
CRITICAL - 2026-03-08 14:47:44 --> CodeIgniter\Database\Exceptions\DatabaseException: Unknown column 'announcements.user_id' in 'on clause'
[Method: GET, Route: student/dashboard]
in SYSTEMPATH\Database\BaseConnection.php on line 684.
 1 SYSTEMPATH\Database\BaseBuilder.php(1649): CodeIgniter\Database\BaseConnection->query('SELECT `announcements`.`id`, `announcements`.`message`, `announcements`.`image_path`, `announcements`.`created_at`, `users`.`full_name` as `admin_name`, `users`.`profile_pic` as `admin_pic`
FROM `announcements`
LEFT JOIN `users` ON `users`.`id` = `announcements`.`user_id`
ORDER BY `announcements`.`created_at` DESC', [], false)
 2 APPPATH\Controllers\Student.php(21): CodeIgniter\Database\BaseBuilder->get()
 3 SYSTEMPATH\CodeIgniter.php(933): App\Controllers\Student->index()
 4 SYSTEMPATH\CodeIgniter.php(507): CodeIgniter\CodeIgniter->runController(Object(App\Controllers\Student))
 5 SYSTEMPATH\CodeIgniter.php(354): CodeIgniter\CodeIgniter->handleRequest(null, Object(Config\Cache), false)
 6 SYSTEMPATH\Boot.php(363): CodeIgniter\CodeIgniter->run()
 7 SYSTEMPATH\Boot.php(68): CodeIgniter\Boot::runCodeIgniter(Object(CodeIgniter\CodeIgniter))
 8 FCPATH\index.php(59): CodeIgniter\Boot::bootWeb(Object(Config\Paths))
CRITICAL - 2026-03-08 14:47:44 --> [Caused by] CodeIgniter\Database\Exceptions\DatabaseException: Unknown column 'announcements.user_id' in 'on clause'
in SYSTEMPATH\Database\MySQLi\Connection.php on line 332.
 1 SYSTEMPATH\Database\BaseConnection.php(729): CodeIgniter\Database\MySQLi\Connection->execute('SELECT `announcements`.`id`, `announcements`.`message`, `announcements`.`image_path`, `announcements`.`created_at`, `users`.`full_name` as `admin_name`, `users`.`profile_pic` as `admin_pic`
FROM `announcements`
LEFT JOIN `users` ON `users`.`id` = `announcements`.`user_id`
ORDER BY `announcements`.`created_at` DESC')
 2 SYSTEMPATH\Database\BaseConnection.php(646): CodeIgniter\Database\BaseConnection->simpleQuery('SELECT `announcements`.`id`, `announcements`.`message`, `announcements`.`image_path`, `announcements`.`created_at`, `users`.`full_name` as `admin_name`, `users`.`profile_pic` as `admin_pic`
FROM `announcements`
LEFT JOIN `users` ON `users`.`id` = `announcements`.`user_id`
ORDER BY `announcements`.`created_at` DESC')
 3 SYSTEMPATH\Database\BaseBuilder.php(1649): CodeIgniter\Database\BaseConnection->query('SELECT `announcements`.`id`, `announcements`.`message`, `announcements`.`image_path`, `announcements`.`created_at`, `users`.`full_name` as `admin_name`, `users`.`profile_pic` as `admin_pic`
FROM `announcements`
LEFT JOIN `users` ON `users`.`id` = `announcements`.`user_id`
ORDER BY `announcements`.`created_at` DESC', [], false)
 4 APPPATH\Controllers\Student.php(21): CodeIgniter\Database\BaseBuilder->get()
 5 SYSTEMPATH\CodeIgniter.php(933): App\Controllers\Student->index()
 6 SYSTEMPATH\CodeIgniter.php(507): CodeIgniter\CodeIgniter->runController(Object(App\Controllers\Student))
 7 SYSTEMPATH\CodeIgniter.php(354): CodeIgniter\CodeIgniter->handleRequest(null, Object(Config\Cache), false)
 8 SYSTEMPATH\Boot.php(363): CodeIgniter\CodeIgniter->run()
 9 SYSTEMPATH\Boot.php(68): CodeIgniter\Boot::runCodeIgniter(Object(CodeIgniter\CodeIgniter))
10 FCPATH\index.php(59): CodeIgniter\Boot::bootWeb(Object(Config\Paths))
CRITICAL - 2026-03-08 14:47:44 --> [Caused by] mysqli_sql_exception: Unknown column 'announcements.user_id' in 'on clause'
in SYSTEMPATH\Database\MySQLi\Connection.php on line 327.
 1 SYSTEMPATH\Database\MySQLi\Connection.php(327): mysqli->query('SELECT `announcements`.`id`, `announcements`.`message`, `announcements`.`image_path`, `announcements`.`created_at`, `users`.`full_name` as `admin_name`, `users`.`profile_pic` as `admin_pic`
FROM `announcements`
LEFT JOIN `users` ON `users`.`id` = `announcements`.`user_id`
ORDER BY `announcements`.`created_at` DESC', 0)
 2 SYSTEMPATH\Database\BaseConnection.php(729): CodeIgniter\Database\MySQLi\Connection->execute('SELECT `announcements`.`id`, `announcements`.`message`, `announcements`.`image_path`, `announcements`.`created_at`, `users`.`full_name` as `admin_name`, `users`.`profile_pic` as `admin_pic`
FROM `announcements`
LEFT JOIN `users` ON `users`.`id` = `announcements`.`user_id`
ORDER BY `announcements`.`created_at` DESC')
 3 SYSTEMPATH\Database\BaseConnection.php(646): CodeIgniter\Database\BaseConnection->simpleQuery('SELECT `announcements`.`id`, `announcements`.`message`, `announcements`.`image_path`, `announcements`.`created_at`, `users`.`full_name` as `admin_name`, `users`.`profile_pic` as `admin_pic`
FROM `announcements`
LEFT JOIN `users` ON `users`.`id` = `announcements`.`user_id`
ORDER BY `announcements`.`created_at` DESC')
 4 SYSTEMPATH\Database\BaseBuilder.php(1649): CodeIgniter\Database\BaseConnection->query('SELECT `announcements`.`id`, `announcements`.`message`, `announcements`.`image_path`, `announcements`.`created_at`, `users`.`full_name` as `admin_name`, `users`.`profile_pic` as `admin_pic`
FROM `announcements`
LEFT JOIN `users` ON `users`.`id` = `announcements`.`user_id`
ORDER BY `announcements`.`created_at` DESC', [], false)
 5 APPPATH\Controllers\Student.php(21): CodeIgniter\Database\BaseBuilder->get()
 6 SYSTEMPATH\CodeIgniter.php(933): App\Controllers\Student->index()
 7 SYSTEMPATH\CodeIgniter.php(507): CodeIgniter\CodeIgniter->runController(Object(App\Controllers\Student))
 8 SYSTEMPATH\CodeIgniter.php(354): CodeIgniter\CodeIgniter->handleRequest(null, Object(Config\Cache), false)
 9 SYSTEMPATH\Boot.php(363): CodeIgniter\CodeIgniter->run()
10 SYSTEMPATH\Boot.php(68): CodeIgniter\Boot::runCodeIgniter(Object(CodeIgniter\CodeIgniter))
11 FCPATH\index.php(59): CodeIgniter\Boot::bootWeb(Object(Config\Paths))
ERROR - 2026-03-08 14:47:44 --> mysqli_sql_exception: Unknown column 'announcements.user_id' in 'on clause' in C:\xampp\htdocs\system\system\Database\MySQLi\Connection.php:327
Stack trace:
#0 C:\xampp\htdocs\system\system\Database\MySQLi\Connection.php(327): mysqli->query('SELECT `announc...', 0)
#1 C:\xampp\htdocs\system\system\Database\BaseConnection.php(729): CodeIgniter\Database\MySQLi\Connection->execute('SELECT `announc...')
#2 C:\xampp\htdocs\system\system\Database\BaseConnection.php(646): CodeIgniter\Database\BaseConnection->simpleQuery('SELECT `announc...')
#3 C:\xampp\htdocs\system\system\Database\BaseBuilder.php(1649): CodeIgniter\Database\BaseConnection->query('SELECT `announc...', Array, false)
#4 C:\xampp\htdocs\system\app\Controllers\Student.php(21): CodeIgniter\Database\BaseBuilder->get()
#5 C:\xampp\htdocs\system\system\CodeIgniter.php(933): App\Controllers\Student->index()
#6 C:\xampp\htdocs\system\system\CodeIgniter.php(507): CodeIgniter\CodeIgniter->runController(Object(App\Controllers\Student))
#7 C:\xampp\htdocs\system\system\CodeIgniter.php(354): CodeIgniter\CodeIgniter->handleRequest(NULL, Object(Config\Cache), false)
#8 C:\xampp\htdocs\system\system\Boot.php(363): CodeIgniter\CodeIgniter->run()
#9 C:\xampp\htdocs\system\system\Boot.php(68): CodeIgniter\Boot::runCodeIgniter(Object(CodeIgniter\CodeIgniter))
#10 C:\xampp\htdocs\system\public\index.php(59): CodeIgniter\Boot::bootWeb(Object(Config\Paths))
#11 {main}
CRITICAL - 2026-03-08 14:47:44 --> CodeIgniter\Database\Exceptions\DatabaseException: Unknown column 'announcements.user_id' in 'on clause'
[Method: GET, Route: student/dashboard]
in SYSTEMPATH\Database\BaseConnection.php on line 684.
 1 SYSTEMPATH\Database\BaseBuilder.php(1649): CodeIgniter\Database\BaseConnection->query('SELECT `announcements`.`id`, `announcements`.`message`, `announcements`.`image_path`, `announcements`.`created_at`, `users`.`full_name` as `admin_name`, `users`.`profile_pic` as `admin_pic`
FROM `announcements`
LEFT JOIN `users` ON `users`.`id` = `announcements`.`user_id`
ORDER BY `announcements`.`created_at` DESC', [], false)
 2 APPPATH\Controllers\Student.php(21): CodeIgniter\Database\BaseBuilder->get()
 3 SYSTEMPATH\CodeIgniter.php(933): App\Controllers\Student->index()
 4 SYSTEMPATH\CodeIgniter.php(507): CodeIgniter\CodeIgniter->runController(Object(App\Controllers\Student))
 5 SYSTEMPATH\CodeIgniter.php(354): CodeIgniter\CodeIgniter->handleRequest(null, Object(Config\Cache), false)
 6 SYSTEMPATH\Boot.php(363): CodeIgniter\CodeIgniter->run()
 7 SYSTEMPATH\Boot.php(68): CodeIgniter\Boot::runCodeIgniter(Object(CodeIgniter\CodeIgniter))
 8 FCPATH\index.php(59): CodeIgniter\Boot::bootWeb(Object(Config\Paths))
CRITICAL - 2026-03-08 14:47:44 --> [Caused by] CodeIgniter\Database\Exceptions\DatabaseException: Unknown column 'announcements.user_id' in 'on clause'
in SYSTEMPATH\Database\MySQLi\Connection.php on line 332.
 1 SYSTEMPATH\Database\BaseConnection.php(729): CodeIgniter\Database\MySQLi\Connection->execute('SELECT `announcements`.`id`, `announcements`.`message`, `announcements`.`image_path`, `announcements`.`created_at`, `users`.`full_name` as `admin_name`, `users`.`profile_pic` as `admin_pic`
FROM `announcements`
LEFT JOIN `users` ON `users`.`id` = `announcements`.`user_id`
ORDER BY `announcements`.`created_at` DESC')
 2 SYSTEMPATH\Database\BaseConnection.php(646): CodeIgniter\Database\BaseConnection->simpleQuery('SELECT `announcements`.`id`, `announcements`.`message`, `announcements`.`image_path`, `announcements`.`created_at`, `users`.`full_name` as `admin_name`, `users`.`profile_pic` as `admin_pic`
FROM `announcements`
LEFT JOIN `users` ON `users`.`id` = `announcements`.`user_id`
ORDER BY `announcements`.`created_at` DESC')
 3 SYSTEMPATH\Database\BaseBuilder.php(1649): CodeIgniter\Database\BaseConnection->query('SELECT `announcements`.`id`, `announcements`.`message`, `announcements`.`image_path`, `announcements`.`created_at`, `users`.`full_name` as `admin_name`, `users`.`profile_pic` as `admin_pic`
FROM `announcements`
LEFT JOIN `users` ON `users`.`id` = `announcements`.`user_id`
ORDER BY `announcements`.`created_at` DESC', [], false)
 4 APPPATH\Controllers\Student.php(21): CodeIgniter\Database\BaseBuilder->get()
 5 SYSTEMPATH\CodeIgniter.php(933): App\Controllers\Student->index()
 6 SYSTEMPATH\CodeIgniter.php(507): CodeIgniter\CodeIgniter->runController(Object(App\Controllers\Student))
 7 SYSTEMPATH\CodeIgniter.php(354): CodeIgniter\CodeIgniter->handleRequest(null, Object(Config\Cache), false)
 8 SYSTEMPATH\Boot.php(363): CodeIgniter\CodeIgniter->run()
 9 SYSTEMPATH\Boot.php(68): CodeIgniter\Boot::runCodeIgniter(Object(CodeIgniter\CodeIgniter))
10 FCPATH\index.php(59): CodeIgniter\Boot::bootWeb(Object(Config\Paths))
CRITICAL - 2026-03-08 14:47:44 --> [Caused by] mysqli_sql_exception: Unknown column 'announcements.user_id' in 'on clause'
in SYSTEMPATH\Database\MySQLi\Connection.php on line 327.
 1 SYSTEMPATH\Database\MySQLi\Connection.php(327): mysqli->query('SELECT `announcements`.`id`, `announcements`.`message`, `announcements`.`image_path`, `announcements`.`created_at`, `users`.`full_name` as `admin_name`, `users`.`profile_pic` as `admin_pic`
FROM `announcements`
LEFT JOIN `users` ON `users`.`id` = `announcements`.`user_id`
ORDER BY `announcements`.`created_at` DESC', 0)
 2 SYSTEMPATH\Database\BaseConnection.php(729): CodeIgniter\Database\MySQLi\Connection->execute('SELECT `announcements`.`id`, `announcements`.`message`, `announcements`.`image_path`, `announcements`.`created_at`, `users`.`full_name` as `admin_name`, `users`.`profile_pic` as `admin_pic`
FROM `announcements`
LEFT JOIN `users` ON `users`.`id` = `announcements`.`user_id`
ORDER BY `announcements`.`created_at` DESC')
 3 SYSTEMPATH\Database\BaseConnection.php(646): CodeIgniter\Database\BaseConnection->simpleQuery('SELECT `announcements`.`id`, `announcements`.`message`, `announcements`.`image_path`, `announcements`.`created_at`, `users`.`full_name` as `admin_name`, `users`.`profile_pic` as `admin_pic`
FROM `announcements`
LEFT JOIN `users` ON `users`.`id` = `announcements`.`user_id`
ORDER BY `announcements`.`created_at` DESC')
 4 SYSTEMPATH\Database\BaseBuilder.php(1649): CodeIgniter\Database\BaseConnection->query('SELECT `announcements`.`id`, `announcements`.`message`, `announcements`.`image_path`, `announcements`.`created_at`, `users`.`full_name` as `admin_name`, `users`.`profile_pic` as `admin_pic`
FROM `announcements`
LEFT JOIN `users` ON `users`.`id` = `announcements`.`user_id`
ORDER BY `announcements`.`created_at` DESC', [], false)
 5 APPPATH\Controllers\Student.php(21): CodeIgniter\Database\BaseBuilder->get()
 6 SYSTEMPATH\CodeIgniter.php(933): App\Controllers\Student->index()
 7 SYSTEMPATH\CodeIgniter.php(507): CodeIgniter\CodeIgniter->runController(Object(App\Controllers\Student))
 8 SYSTEMPATH\CodeIgniter.php(354): CodeIgniter\CodeIgniter->handleRequest(null, Object(Config\Cache), false)
 9 SYSTEMPATH\Boot.php(363): CodeIgniter\CodeIgniter->run()
10 SYSTEMPATH\Boot.php(68): CodeIgniter\Boot::runCodeIgniter(Object(CodeIgniter\CodeIgniter))
11 FCPATH\index.php(59): CodeIgniter\Boot::bootWeb(Object(Config\Paths))
ERROR - 2026-03-08 14:47:44 --> mysqli_sql_exception: Unknown column 'announcements.user_id' in 'on clause' in C:\xampp\htdocs\system\system\Database\MySQLi\Connection.php:327
Stack trace:
#0 C:\xampp\htdocs\system\system\Database\MySQLi\Connection.php(327): mysqli->query('SELECT `announc...', 0)
#1 C:\xampp\htdocs\system\system\Database\BaseConnection.php(729): CodeIgniter\Database\MySQLi\Connection->execute('SELECT `announc...')
#2 C:\xampp\htdocs\system\system\Database\BaseConnection.php(646): CodeIgniter\Database\BaseConnection->simpleQuery('SELECT `announc...')
#3 C:\xampp\htdocs\system\system\Database\BaseBuilder.php(1649): CodeIgniter\Database\BaseConnection->query('SELECT `announc...', Array, false)
#4 C:\xampp\htdocs\system\app\Controllers\Student.php(21): CodeIgniter\Database\BaseBuilder->get()
#5 C:\xampp\htdocs\system\system\CodeIgniter.php(933): App\Controllers\Student->index()
#6 C:\xampp\htdocs\system\system\CodeIgniter.php(507): CodeIgniter\CodeIgniter->runController(Object(App\Controllers\Student))
#7 C:\xampp\htdocs\system\system\CodeIgniter.php(354): CodeIgniter\CodeIgniter->handleRequest(NULL, Object(Config\Cache), false)
#8 C:\xampp\htdocs\system\system\Boot.php(363): CodeIgniter\CodeIgniter->run()
#9 C:\xampp\htdocs\system\system\Boot.php(68): CodeIgniter\Boot::runCodeIgniter(Object(CodeIgniter\CodeIgniter))
#10 C:\xampp\htdocs\system\public\index.php(59): CodeIgniter\Boot::bootWeb(Object(Config\Paths))
#11 {main}
CRITICAL - 2026-03-08 14:47:44 --> CodeIgniter\Database\Exceptions\DatabaseException: Unknown column 'announcements.user_id' in 'on clause'
[Method: GET, Route: student/dashboard]
in SYSTEMPATH\Database\BaseConnection.php on line 684.
 1 SYSTEMPATH\Database\BaseBuilder.php(1649): CodeIgniter\Database\BaseConnection->query('SELECT `announcements`.`id`, `announcements`.`message`, `announcements`.`image_path`, `announcements`.`created_at`, `users`.`full_name` as `admin_name`, `users`.`profile_pic` as `admin_pic`
FROM `announcements`
LEFT JOIN `users` ON `users`.`id` = `announcements`.`user_id`
ORDER BY `announcements`.`created_at` DESC', [], false)
 2 APPPATH\Controllers\Student.php(21): CodeIgniter\Database\BaseBuilder->get()
 3 SYSTEMPATH\CodeIgniter.php(933): App\Controllers\Student->index()
 4 SYSTEMPATH\CodeIgniter.php(507): CodeIgniter\CodeIgniter->runController(Object(App\Controllers\Student))
 5 SYSTEMPATH\CodeIgniter.php(354): CodeIgniter\CodeIgniter->handleRequest(null, Object(Config\Cache), false)
 6 SYSTEMPATH\Boot.php(363): CodeIgniter\CodeIgniter->run()
 7 SYSTEMPATH\Boot.php(68): CodeIgniter\Boot::runCodeIgniter(Object(CodeIgniter\CodeIgniter))
 8 FCPATH\index.php(59): CodeIgniter\Boot::bootWeb(Object(Config\Paths))
CRITICAL - 2026-03-08 14:47:44 --> [Caused by] CodeIgniter\Database\Exceptions\DatabaseException: Unknown column 'announcements.user_id' in 'on clause'
in SYSTEMPATH\Database\MySQLi\Connection.php on line 332.
 1 SYSTEMPATH\Database\BaseConnection.php(729): CodeIgniter\Database\MySQLi\Connection->execute('SELECT `announcements`.`id`, `announcements`.`message`, `announcements`.`image_path`, `announcements`.`created_at`, `users`.`full_name` as `admin_name`, `users`.`profile_pic` as `admin_pic`
FROM `announcements`
LEFT JOIN `users` ON `users`.`id` = `announcements`.`user_id`
ORDER BY `announcements`.`created_at` DESC')
 2 SYSTEMPATH\Database\BaseConnection.php(646): CodeIgniter\Database\BaseConnection->simpleQuery('SELECT `announcements`.`id`, `announcements`.`message`, `announcements`.`image_path`, `announcements`.`created_at`, `users`.`full_name` as `admin_name`, `users`.`profile_pic` as `admin_pic`
FROM `announcements`
LEFT JOIN `users` ON `users`.`id` = `announcements`.`user_id`
ORDER BY `announcements`.`created_at` DESC')
 3 SYSTEMPATH\Database\BaseBuilder.php(1649): CodeIgniter\Database\BaseConnection->query('SELECT `announcements`.`id`, `announcements`.`message`, `announcements`.`image_path`, `announcements`.`created_at`, `users`.`full_name` as `admin_name`, `users`.`profile_pic` as `admin_pic`
FROM `announcements`
LEFT JOIN `users` ON `users`.`id` = `announcements`.`user_id`
ORDER BY `announcements`.`created_at` DESC', [], false)
 4 APPPATH\Controllers\Student.php(21): CodeIgniter\Database\BaseBuilder->get()
 5 SYSTEMPATH\CodeIgniter.php(933): App\Controllers\Student->index()
 6 SYSTEMPATH\CodeIgniter.php(507): CodeIgniter\CodeIgniter->runController(Object(App\Controllers\Student))
 7 SYSTEMPATH\CodeIgniter.php(354): CodeIgniter\CodeIgniter->handleRequest(null, Object(Config\Cache), false)
 8 SYSTEMPATH\Boot.php(363): CodeIgniter\CodeIgniter->run()
 9 SYSTEMPATH\Boot.php(68): CodeIgniter\Boot::runCodeIgniter(Object(CodeIgniter\CodeIgniter))
10 FCPATH\index.php(59): CodeIgniter\Boot::bootWeb(Object(Config\Paths))
CRITICAL - 2026-03-08 14:47:44 --> [Caused by] mysqli_sql_exception: Unknown column 'announcements.user_id' in 'on clause'
in SYSTEMPATH\Database\MySQLi\Connection.php on line 327.
 1 SYSTEMPATH\Database\MySQLi\Connection.php(327): mysqli->query('SELECT `announcements`.`id`, `announcements`.`message`, `announcements`.`image_path`, `announcements`.`created_at`, `users`.`full_name` as `admin_name`, `users`.`profile_pic` as `admin_pic`
FROM `announcements`
LEFT JOIN `users` ON `users`.`id` = `announcements`.`user_id`
ORDER BY `announcements`.`created_at` DESC', 0)
 2 SYSTEMPATH\Database\BaseConnection.php(729): CodeIgniter\Database\MySQLi\Connection->execute('SELECT `announcements`.`id`, `announcements`.`message`, `announcements`.`image_path`, `announcements`.`created_at`, `users`.`full_name` as `admin_name`, `users`.`profile_pic` as `admin_pic`
FROM `announcements`
LEFT JOIN `users` ON `users`.`id` = `announcements`.`user_id`
ORDER BY `announcements`.`created_at` DESC')
 3 SYSTEMPATH\Database\BaseConnection.php(646): CodeIgniter\Database\BaseConnection->simpleQuery('SELECT `announcements`.`id`, `announcements`.`message`, `announcements`.`image_path`, `announcements`.`created_at`, `users`.`full_name` as `admin_name`, `users`.`profile_pic` as `admin_pic`
FROM `announcements`
LEFT JOIN `users` ON `users`.`id` = `announcements`.`user_id`
ORDER BY `announcements`.`created_at` DESC')
 4 SYSTEMPATH\Database\BaseBuilder.php(1649): CodeIgniter\Database\BaseConnection->query('SELECT `announcements`.`id`, `announcements`.`message`, `announcements`.`image_path`, `announcements`.`created_at`, `users`.`full_name` as `admin_name`, `users`.`profile_pic` as `admin_pic`
FROM `announcements`
LEFT JOIN `users` ON `users`.`id` = `announcements`.`user_id`
ORDER BY `announcements`.`created_at` DESC', [], false)
 5 APPPATH\Controllers\Student.php(21): CodeIgniter\Database\BaseBuilder->get()
 6 SYSTEMPATH\CodeIgniter.php(933): App\Controllers\Student->index()
 7 SYSTEMPATH\CodeIgniter.php(507): CodeIgniter\CodeIgniter->runController(Object(App\Controllers\Student))
 8 SYSTEMPATH\CodeIgniter.php(354): CodeIgniter\CodeIgniter->handleRequest(null, Object(Config\Cache), false)
 9 SYSTEMPATH\Boot.php(363): CodeIgniter\CodeIgniter->run()
10 SYSTEMPATH\Boot.php(68): CodeIgniter\Boot::runCodeIgniter(Object(CodeIgniter\CodeIgniter))
11 FCPATH\index.php(59): CodeIgniter\Boot::bootWeb(Object(Config\Paths))
ERROR - 2026-03-08 14:47:44 --> mysqli_sql_exception: Unknown column 'announcements.user_id' in 'on clause' in C:\xampp\htdocs\system\system\Database\MySQLi\Connection.php:327
Stack trace:
#0 C:\xampp\htdocs\system\system\Database\MySQLi\Connection.php(327): mysqli->query('SELECT `announc...', 0)
#1 C:\xampp\htdocs\system\system\Database\BaseConnection.php(729): CodeIgniter\Database\MySQLi\Connection->execute('SELECT `announc...')
#2 C:\xampp\htdocs\system\system\Database\BaseConnection.php(646): CodeIgniter\Database\BaseConnection->simpleQuery('SELECT `announc...')
#3 C:\xampp\htdocs\system\system\Database\BaseBuilder.php(1649): CodeIgniter\Database\BaseConnection->query('SELECT `announc...', Array, false)
#4 C:\xampp\htdocs\system\app\Controllers\Student.php(21): CodeIgniter\Database\BaseBuilder->get()
#5 C:\xampp\htdocs\system\system\CodeIgniter.php(933): App\Controllers\Student->index()
#6 C:\xampp\htdocs\system\system\CodeIgniter.php(507): CodeIgniter\CodeIgniter->runController(Object(App\Controllers\Student))
#7 C:\xampp\htdocs\system\system\CodeIgniter.php(354): CodeIgniter\CodeIgniter->handleRequest(NULL, Object(Config\Cache), false)
#8 C:\xampp\htdocs\system\system\Boot.php(363): CodeIgniter\CodeIgniter->run()
#9 C:\xampp\htdocs\system\system\Boot.php(68): CodeIgniter\Boot::runCodeIgniter(Object(CodeIgniter\CodeIgniter))
#10 C:\xampp\htdocs\system\public\index.php(59): CodeIgniter\Boot::bootWeb(Object(Config\Paths))
#11 {main}
CRITICAL - 2026-03-08 14:47:44 --> CodeIgniter\Database\Exceptions\DatabaseException: Unknown column 'announcements.user_id' in 'on clause'
[Method: GET, Route: student/dashboard]
in SYSTEMPATH\Database\BaseConnection.php on line 684.
 1 SYSTEMPATH\Database\BaseBuilder.php(1649): CodeIgniter\Database\BaseConnection->query('SELECT `announcements`.`id`, `announcements`.`message`, `announcements`.`image_path`, `announcements`.`created_at`, `users`.`full_name` as `admin_name`, `users`.`profile_pic` as `admin_pic`
FROM `announcements`
LEFT JOIN `users` ON `users`.`id` = `announcements`.`user_id`
ORDER BY `announcements`.`created_at` DESC', [], false)
 2 APPPATH\Controllers\Student.php(21): CodeIgniter\Database\BaseBuilder->get()
 3 SYSTEMPATH\CodeIgniter.php(933): App\Controllers\Student->index()
 4 SYSTEMPATH\CodeIgniter.php(507): CodeIgniter\CodeIgniter->runController(Object(App\Controllers\Student))
 5 SYSTEMPATH\CodeIgniter.php(354): CodeIgniter\CodeIgniter->handleRequest(null, Object(Config\Cache), false)
 6 SYSTEMPATH\Boot.php(363): CodeIgniter\CodeIgniter->run()
 7 SYSTEMPATH\Boot.php(68): CodeIgniter\Boot::runCodeIgniter(Object(CodeIgniter\CodeIgniter))
 8 FCPATH\index.php(59): CodeIgniter\Boot::bootWeb(Object(Config\Paths))
CRITICAL - 2026-03-08 14:47:44 --> [Caused by] CodeIgniter\Database\Exceptions\DatabaseException: Unknown column 'announcements.user_id' in 'on clause'
in SYSTEMPATH\Database\MySQLi\Connection.php on line 332.
 1 SYSTEMPATH\Database\BaseConnection.php(729): CodeIgniter\Database\MySQLi\Connection->execute('SELECT `announcements`.`id`, `announcements`.`message`, `announcements`.`image_path`, `announcements`.`created_at`, `users`.`full_name` as `admin_name`, `users`.`profile_pic` as `admin_pic`
FROM `announcements`
LEFT JOIN `users` ON `users`.`id` = `announcements`.`user_id`
ORDER BY `announcements`.`created_at` DESC')
 2 SYSTEMPATH\Database\BaseConnection.php(646): CodeIgniter\Database\BaseConnection->simpleQuery('SELECT `announcements`.`id`, `announcements`.`message`, `announcements`.`image_path`, `announcements`.`created_at`, `users`.`full_name` as `admin_name`, `users`.`profile_pic` as `admin_pic`
FROM `announcements`
LEFT JOIN `users` ON `users`.`id` = `announcements`.`user_id`
ORDER BY `announcements`.`created_at` DESC')
 3 SYSTEMPATH\Database\BaseBuilder.php(1649): CodeIgniter\Database\BaseConnection->query('SELECT `announcements`.`id`, `announcements`.`message`, `announcements`.`image_path`, `announcements`.`created_at`, `users`.`full_name` as `admin_name`, `users`.`profile_pic` as `admin_pic`
FROM `announcements`
LEFT JOIN `users` ON `users`.`id` = `announcements`.`user_id`
ORDER BY `announcements`.`created_at` DESC', [], false)
 4 APPPATH\Controllers\Student.php(21): CodeIgniter\Database\BaseBuilder->get()
 5 SYSTEMPATH\CodeIgniter.php(933): App\Controllers\Student->index()
 6 SYSTEMPATH\CodeIgniter.php(507): CodeIgniter\CodeIgniter->runController(Object(App\Controllers\Student))
 7 SYSTEMPATH\CodeIgniter.php(354): CodeIgniter\CodeIgniter->handleRequest(null, Object(Config\Cache), false)
 8 SYSTEMPATH\Boot.php(363): CodeIgniter\CodeIgniter->run()
 9 SYSTEMPATH\Boot.php(68): CodeIgniter\Boot::runCodeIgniter(Object(CodeIgniter\CodeIgniter))
10 FCPATH\index.php(59): CodeIgniter\Boot::bootWeb(Object(Config\Paths))
CRITICAL - 2026-03-08 14:47:44 --> [Caused by] mysqli_sql_exception: Unknown column 'announcements.user_id' in 'on clause'
in SYSTEMPATH\Database\MySQLi\Connection.php on line 327.
 1 SYSTEMPATH\Database\MySQLi\Connection.php(327): mysqli->query('SELECT `announcements`.`id`, `announcements`.`message`, `announcements`.`image_path`, `announcements`.`created_at`, `users`.`full_name` as `admin_name`, `users`.`profile_pic` as `admin_pic`
FROM `announcements`
LEFT JOIN `users` ON `users`.`id` = `announcements`.`user_id`
ORDER BY `announcements`.`created_at` DESC', 0)
 2 SYSTEMPATH\Database\BaseConnection.php(729): CodeIgniter\Database\MySQLi\Connection->execute('SELECT `announcements`.`id`, `announcements`.`message`, `announcements`.`image_path`, `announcements`.`created_at`, `users`.`full_name` as `admin_name`, `users`.`profile_pic` as `admin_pic`
FROM `announcements`
LEFT JOIN `users` ON `users`.`id` = `announcements`.`user_id`
ORDER BY `announcements`.`created_at` DESC')
 3 SYSTEMPATH\Database\BaseConnection.php(646): CodeIgniter\Database\BaseConnection->simpleQuery('SELECT `announcements`.`id`, `announcements`.`message`, `announcements`.`image_path`, `announcements`.`created_at`, `users`.`full_name` as `admin_name`, `users`.`profile_pic` as `admin_pic`
FROM `announcements`
LEFT JOIN `users` ON `users`.`id` = `announcements`.`user_id`
ORDER BY `announcements`.`created_at` DESC')
 4 SYSTEMPATH\Database\BaseBuilder.php(1649): CodeIgniter\Database\BaseConnection->query('SELECT `announcements`.`id`, `announcements`.`message`, `announcements`.`image_path`, `announcements`.`created_at`, `users`.`full_name` as `admin_name`, `users`.`profile_pic` as `admin_pic`
FROM `announcements`
LEFT JOIN `users` ON `users`.`id` = `announcements`.`user_id`
ORDER BY `announcements`.`created_at` DESC', [], false)
 5 APPPATH\Controllers\Student.php(21): CodeIgniter\Database\BaseBuilder->get()
 6 SYSTEMPATH\CodeIgniter.php(933): App\Controllers\Student->index()
 7 SYSTEMPATH\CodeIgniter.php(507): CodeIgniter\CodeIgniter->runController(Object(App\Controllers\Student))
 8 SYSTEMPATH\CodeIgniter.php(354): CodeIgniter\CodeIgniter->handleRequest(null, Object(Config\Cache), false)
 9 SYSTEMPATH\Boot.php(363): CodeIgniter\CodeIgniter->run()
10 SYSTEMPATH\Boot.php(68): CodeIgniter\Boot::runCodeIgniter(Object(CodeIgniter\CodeIgniter))
11 FCPATH\index.php(59): CodeIgniter\Boot::bootWeb(Object(Config\Paths))
ERROR - 2026-03-08 14:47:45 --> mysqli_sql_exception: Unknown column 'announcements.user_id' in 'on clause' in C:\xampp\htdocs\system\system\Database\MySQLi\Connection.php:327
Stack trace:
#0 C:\xampp\htdocs\system\system\Database\MySQLi\Connection.php(327): mysqli->query('SELECT `announc...', 0)
#1 C:\xampp\htdocs\system\system\Database\BaseConnection.php(729): CodeIgniter\Database\MySQLi\Connection->execute('SELECT `announc...')
#2 C:\xampp\htdocs\system\system\Database\BaseConnection.php(646): CodeIgniter\Database\BaseConnection->simpleQuery('SELECT `announc...')
#3 C:\xampp\htdocs\system\system\Database\BaseBuilder.php(1649): CodeIgniter\Database\BaseConnection->query('SELECT `announc...', Array, false)
#4 C:\xampp\htdocs\system\app\Controllers\Student.php(21): CodeIgniter\Database\BaseBuilder->get()
#5 C:\xampp\htdocs\system\system\CodeIgniter.php(933): App\Controllers\Student->index()
#6 C:\xampp\htdocs\system\system\CodeIgniter.php(507): CodeIgniter\CodeIgniter->runController(Object(App\Controllers\Student))
#7 C:\xampp\htdocs\system\system\CodeIgniter.php(354): CodeIgniter\CodeIgniter->handleRequest(NULL, Object(Config\Cache), false)
#8 C:\xampp\htdocs\system\system\Boot.php(363): CodeIgniter\CodeIgniter->run()
#9 C:\xampp\htdocs\system\system\Boot.php(68): CodeIgniter\Boot::runCodeIgniter(Object(CodeIgniter\CodeIgniter))
#10 C:\xampp\htdocs\system\public\index.php(59): CodeIgniter\Boot::bootWeb(Object(Config\Paths))
#11 {main}
CRITICAL - 2026-03-08 14:47:45 --> CodeIgniter\Database\Exceptions\DatabaseException: Unknown column 'announcements.user_id' in 'on clause'
[Method: GET, Route: student/dashboard]
in SYSTEMPATH\Database\BaseConnection.php on line 684.
 1 SYSTEMPATH\Database\BaseBuilder.php(1649): CodeIgniter\Database\BaseConnection->query('SELECT `announcements`.`id`, `announcements`.`message`, `announcements`.`image_path`, `announcements`.`created_at`, `users`.`full_name` as `admin_name`, `users`.`profile_pic` as `admin_pic`
FROM `announcements`
LEFT JOIN `users` ON `users`.`id` = `announcements`.`user_id`
ORDER BY `announcements`.`created_at` DESC', [], false)
 2 APPPATH\Controllers\Student.php(21): CodeIgniter\Database\BaseBuilder->get()
 3 SYSTEMPATH\CodeIgniter.php(933): App\Controllers\Student->index()
 4 SYSTEMPATH\CodeIgniter.php(507): CodeIgniter\CodeIgniter->runController(Object(App\Controllers\Student))
 5 SYSTEMPATH\CodeIgniter.php(354): CodeIgniter\CodeIgniter->handleRequest(null, Object(Config\Cache), false)
 6 SYSTEMPATH\Boot.php(363): CodeIgniter\CodeIgniter->run()
 7 SYSTEMPATH\Boot.php(68): CodeIgniter\Boot::runCodeIgniter(Object(CodeIgniter\CodeIgniter))
 8 FCPATH\index.php(59): CodeIgniter\Boot::bootWeb(Object(Config\Paths))
CRITICAL - 2026-03-08 14:47:45 --> [Caused by] CodeIgniter\Database\Exceptions\DatabaseException: Unknown column 'announcements.user_id' in 'on clause'
in SYSTEMPATH\Database\MySQLi\Connection.php on line 332.
 1 SYSTEMPATH\Database\BaseConnection.php(729): CodeIgniter\Database\MySQLi\Connection->execute('SELECT `announcements`.`id`, `announcements`.`message`, `announcements`.`image_path`, `announcements`.`created_at`, `users`.`full_name` as `admin_name`, `users`.`profile_pic` as `admin_pic`
FROM `announcements`
LEFT JOIN `users` ON `users`.`id` = `announcements`.`user_id`
ORDER BY `announcements`.`created_at` DESC')
 2 SYSTEMPATH\Database\BaseConnection.php(646): CodeIgniter\Database\BaseConnection->simpleQuery('SELECT `announcements`.`id`, `announcements`.`message`, `announcements`.`image_path`, `announcements`.`created_at`, `users`.`full_name` as `admin_name`, `users`.`profile_pic` as `admin_pic`
FROM `announcements`
LEFT JOIN `users` ON `users`.`id` = `announcements`.`user_id`
ORDER BY `announcements`.`created_at` DESC')
 3 SYSTEMPATH\Database\BaseBuilder.php(1649): CodeIgniter\Database\BaseConnection->query('SELECT `announcements`.`id`, `announcements`.`message`, `announcements`.`image_path`, `announcements`.`created_at`, `users`.`full_name` as `admin_name`, `users`.`profile_pic` as `admin_pic`
FROM `announcements`
LEFT JOIN `users` ON `users`.`id` = `announcements`.`user_id`
ORDER BY `announcements`.`created_at` DESC', [], false)
 4 APPPATH\Controllers\Student.php(21): CodeIgniter\Database\BaseBuilder->get()
 5 SYSTEMPATH\CodeIgniter.php(933): App\Controllers\Student->index()
 6 SYSTEMPATH\CodeIgniter.php(507): CodeIgniter\CodeIgniter->runController(Object(App\Controllers\Student))
 7 SYSTEMPATH\CodeIgniter.php(354): CodeIgniter\CodeIgniter->handleRequest(null, Object(Config\Cache), false)
 8 SYSTEMPATH\Boot.php(363): CodeIgniter\CodeIgniter->run()
 9 SYSTEMPATH\Boot.php(68): CodeIgniter\Boot::runCodeIgniter(Object(CodeIgniter\CodeIgniter))
10 FCPATH\index.php(59): CodeIgniter\Boot::bootWeb(Object(Config\Paths))
CRITICAL - 2026-03-08 14:47:45 --> [Caused by] mysqli_sql_exception: Unknown column 'announcements.user_id' in 'on clause'
in SYSTEMPATH\Database\MySQLi\Connection.php on line 327.
 1 SYSTEMPATH\Database\MySQLi\Connection.php(327): mysqli->query('SELECT `announcements`.`id`, `announcements`.`message`, `announcements`.`image_path`, `announcements`.`created_at`, `users`.`full_name` as `admin_name`, `users`.`profile_pic` as `admin_pic`
FROM `announcements`
LEFT JOIN `users` ON `users`.`id` = `announcements`.`user_id`
ORDER BY `announcements`.`created_at` DESC', 0)
 2 SYSTEMPATH\Database\BaseConnection.php(729): CodeIgniter\Database\MySQLi\Connection->execute('SELECT `announcements`.`id`, `announcements`.`message`, `announcements`.`image_path`, `announcements`.`created_at`, `users`.`full_name` as `admin_name`, `users`.`profile_pic` as `admin_pic`
FROM `announcements`
LEFT JOIN `users` ON `users`.`id` = `announcements`.`user_id`
ORDER BY `announcements`.`created_at` DESC')
 3 SYSTEMPATH\Database\BaseConnection.php(646): CodeIgniter\Database\BaseConnection->simpleQuery('SELECT `announcements`.`id`, `announcements`.`message`, `announcements`.`image_path`, `announcements`.`created_at`, `users`.`full_name` as `admin_name`, `users`.`profile_pic` as `admin_pic`
FROM `announcements`
LEFT JOIN `users` ON `users`.`id` = `announcements`.`user_id`
ORDER BY `announcements`.`created_at` DESC')
 4 SYSTEMPATH\Database\BaseBuilder.php(1649): CodeIgniter\Database\BaseConnection->query('SELECT `announcements`.`id`, `announcements`.`message`, `announcements`.`image_path`, `announcements`.`created_at`, `users`.`full_name` as `admin_name`, `users`.`profile_pic` as `admin_pic`
FROM `announcements`
LEFT JOIN `users` ON `users`.`id` = `announcements`.`user_id`
ORDER BY `announcements`.`created_at` DESC', [], false)
 5 APPPATH\Controllers\Student.php(21): CodeIgniter\Database\BaseBuilder->get()
 6 SYSTEMPATH\CodeIgniter.php(933): App\Controllers\Student->index()
 7 SYSTEMPATH\CodeIgniter.php(507): CodeIgniter\CodeIgniter->runController(Object(App\Controllers\Student))
 8 SYSTEMPATH\CodeIgniter.php(354): CodeIgniter\CodeIgniter->handleRequest(null, Object(Config\Cache), false)
 9 SYSTEMPATH\Boot.php(363): CodeIgniter\CodeIgniter->run()
10 SYSTEMPATH\Boot.php(68): CodeIgniter\Boot::runCodeIgniter(Object(CodeIgniter\CodeIgniter))
11 FCPATH\index.php(59): CodeIgniter\Boot::bootWeb(Object(Config\Paths))
ERROR - 2026-03-08 14:47:45 --> mysqli_sql_exception: Unknown column 'announcements.user_id' in 'on clause' in C:\xampp\htdocs\system\system\Database\MySQLi\Connection.php:327
Stack trace:
#0 C:\xampp\htdocs\system\system\Database\MySQLi\Connection.php(327): mysqli->query('SELECT `announc...', 0)
#1 C:\xampp\htdocs\system\system\Database\BaseConnection.php(729): CodeIgniter\Database\MySQLi\Connection->execute('SELECT `announc...')
#2 C:\xampp\htdocs\system\system\Database\BaseConnection.php(646): CodeIgniter\Database\BaseConnection->simpleQuery('SELECT `announc...')
#3 C:\xampp\htdocs\system\system\Database\BaseBuilder.php(1649): CodeIgniter\Database\BaseConnection->query('SELECT `announc...', Array, false)
#4 C:\xampp\htdocs\system\app\Controllers\Student.php(21): CodeIgniter\Database\BaseBuilder->get()
#5 C:\xampp\htdocs\system\system\CodeIgniter.php(933): App\Controllers\Student->index()
#6 C:\xampp\htdocs\system\system\CodeIgniter.php(507): CodeIgniter\CodeIgniter->runController(Object(App\Controllers\Student))
#7 C:\xampp\htdocs\system\system\CodeIgniter.php(354): CodeIgniter\CodeIgniter->handleRequest(NULL, Object(Config\Cache), false)
#8 C:\xampp\htdocs\system\system\Boot.php(363): CodeIgniter\CodeIgniter->run()
#9 C:\xampp\htdocs\system\system\Boot.php(68): CodeIgniter\Boot::runCodeIgniter(Object(CodeIgniter\CodeIgniter))
#10 C:\xampp\htdocs\system\public\index.php(59): CodeIgniter\Boot::bootWeb(Object(Config\Paths))
#11 {main}
CRITICAL - 2026-03-08 14:47:45 --> CodeIgniter\Database\Exceptions\DatabaseException: Unknown column 'announcements.user_id' in 'on clause'
[Method: GET, Route: student/dashboard]
in SYSTEMPATH\Database\BaseConnection.php on line 684.
 1 SYSTEMPATH\Database\BaseBuilder.php(1649): CodeIgniter\Database\BaseConnection->query('SELECT `announcements`.`id`, `announcements`.`message`, `announcements`.`image_path`, `announcements`.`created_at`, `users`.`full_name` as `admin_name`, `users`.`profile_pic` as `admin_pic`
FROM `announcements`
LEFT JOIN `users` ON `users`.`id` = `announcements`.`user_id`
ORDER BY `announcements`.`created_at` DESC', [], false)
 2 APPPATH\Controllers\Student.php(21): CodeIgniter\Database\BaseBuilder->get()
 3 SYSTEMPATH\CodeIgniter.php(933): App\Controllers\Student->index()
 4 SYSTEMPATH\CodeIgniter.php(507): CodeIgniter\CodeIgniter->runController(Object(App\Controllers\Student))
 5 SYSTEMPATH\CodeIgniter.php(354): CodeIgniter\CodeIgniter->handleRequest(null, Object(Config\Cache), false)
 6 SYSTEMPATH\Boot.php(363): CodeIgniter\CodeIgniter->run()
 7 SYSTEMPATH\Boot.php(68): CodeIgniter\Boot::runCodeIgniter(Object(CodeIgniter\CodeIgniter))
 8 FCPATH\index.php(59): CodeIgniter\Boot::bootWeb(Object(Config\Paths))
CRITICAL - 2026-03-08 14:47:45 --> [Caused by] CodeIgniter\Database\Exceptions\DatabaseException: Unknown column 'announcements.user_id' in 'on clause'
in SYSTEMPATH\Database\MySQLi\Connection.php on line 332.
 1 SYSTEMPATH\Database\BaseConnection.php(729): CodeIgniter\Database\MySQLi\Connection->execute('SELECT `announcements`.`id`, `announcements`.`message`, `announcements`.`image_path`, `announcements`.`created_at`, `users`.`full_name` as `admin_name`, `users`.`profile_pic` as `admin_pic`
FROM `announcements`
LEFT JOIN `users` ON `users`.`id` = `announcements`.`user_id`
ORDER BY `announcements`.`created_at` DESC')
 2 SYSTEMPATH\Database\BaseConnection.php(646): CodeIgniter\Database\BaseConnection->simpleQuery('SELECT `announcements`.`id`, `announcements`.`message`, `announcements`.`image_path`, `announcements`.`created_at`, `users`.`full_name` as `admin_name`, `users`.`profile_pic` as `admin_pic`
FROM `announcements`
LEFT JOIN `users` ON `users`.`id` = `announcements`.`user_id`
ORDER BY `announcements`.`created_at` DESC')
 3 SYSTEMPATH\Database\BaseBuilder.php(1649): CodeIgniter\Database\BaseConnection->query('SELECT `announcements`.`id`, `announcements`.`message`, `announcements`.`image_path`, `announcements`.`created_at`, `users`.`full_name` as `admin_name`, `users`.`profile_pic` as `admin_pic`
FROM `announcements`
LEFT JOIN `users` ON `users`.`id` = `announcements`.`user_id`
ORDER BY `announcements`.`created_at` DESC', [], false)
 4 APPPATH\Controllers\Student.php(21): CodeIgniter\Database\BaseBuilder->get()
 5 SYSTEMPATH\CodeIgniter.php(933): App\Controllers\Student->index()
 6 SYSTEMPATH\CodeIgniter.php(507): CodeIgniter\CodeIgniter->runController(Object(App\Controllers\Student))
 7 SYSTEMPATH\CodeIgniter.php(354): CodeIgniter\CodeIgniter->handleRequest(null, Object(Config\Cache), false)
 8 SYSTEMPATH\Boot.php(363): CodeIgniter\CodeIgniter->run()
 9 SYSTEMPATH\Boot.php(68): CodeIgniter\Boot::runCodeIgniter(Object(CodeIgniter\CodeIgniter))
10 FCPATH\index.php(59): CodeIgniter\Boot::bootWeb(Object(Config\Paths))
CRITICAL - 2026-03-08 14:47:45 --> [Caused by] mysqli_sql_exception: Unknown column 'announcements.user_id' in 'on clause'
in SYSTEMPATH\Database\MySQLi\Connection.php on line 327.
 1 SYSTEMPATH\Database\MySQLi\Connection.php(327): mysqli->query('SELECT `announcements`.`id`, `announcements`.`message`, `announcements`.`image_path`, `announcements`.`created_at`, `users`.`full_name` as `admin_name`, `users`.`profile_pic` as `admin_pic`
FROM `announcements`
LEFT JOIN `users` ON `users`.`id` = `announcements`.`user_id`
ORDER BY `announcements`.`created_at` DESC', 0)
 2 SYSTEMPATH\Database\BaseConnection.php(729): CodeIgniter\Database\MySQLi\Connection->execute('SELECT `announcements`.`id`, `announcements`.`message`, `announcements`.`image_path`, `announcements`.`created_at`, `users`.`full_name` as `admin_name`, `users`.`profile_pic` as `admin_pic`
FROM `announcements`
LEFT JOIN `users` ON `users`.`id` = `announcements`.`user_id`
ORDER BY `announcements`.`created_at` DESC')
 3 SYSTEMPATH\Database\BaseConnection.php(646): CodeIgniter\Database\BaseConnection->simpleQuery('SELECT `announcements`.`id`, `announcements`.`message`, `announcements`.`image_path`, `announcements`.`created_at`, `users`.`full_name` as `admin_name`, `users`.`profile_pic` as `admin_pic`
FROM `announcements`
LEFT JOIN `users` ON `users`.`id` = `announcements`.`user_id`
ORDER BY `announcements`.`created_at` DESC')
 4 SYSTEMPATH\Database\BaseBuilder.php(1649): CodeIgniter\Database\BaseConnection->query('SELECT `announcements`.`id`, `announcements`.`message`, `announcements`.`image_path`, `announcements`.`created_at`, `users`.`full_name` as `admin_name`, `users`.`profile_pic` as `admin_pic`
FROM `announcements`
LEFT JOIN `users` ON `users`.`id` = `announcements`.`user_id`
ORDER BY `announcements`.`created_at` DESC', [], false)
 5 APPPATH\Controllers\Student.php(21): CodeIgniter\Database\BaseBuilder->get()
 6 SYSTEMPATH\CodeIgniter.php(933): App\Controllers\Student->index()
 7 SYSTEMPATH\CodeIgniter.php(507): CodeIgniter\CodeIgniter->runController(Object(App\Controllers\Student))
 8 SYSTEMPATH\CodeIgniter.php(354): CodeIgniter\CodeIgniter->handleRequest(null, Object(Config\Cache), false)
 9 SYSTEMPATH\Boot.php(363): CodeIgniter\CodeIgniter->run()
10 SYSTEMPATH\Boot.php(68): CodeIgniter\Boot::runCodeIgniter(Object(CodeIgniter\CodeIgniter))
11 FCPATH\index.php(59): CodeIgniter\Boot::bootWeb(Object(Config\Paths))
ERROR - 2026-03-08 14:47:45 --> mysqli_sql_exception: Unknown column 'announcements.user_id' in 'on clause' in C:\xampp\htdocs\system\system\Database\MySQLi\Connection.php:327
Stack trace:
#0 C:\xampp\htdocs\system\system\Database\MySQLi\Connection.php(327): mysqli->query('SELECT `announc...', 0)
#1 C:\xampp\htdocs\system\system\Database\BaseConnection.php(729): CodeIgniter\Database\MySQLi\Connection->execute('SELECT `announc...')
#2 C:\xampp\htdocs\system\system\Database\BaseConnection.php(646): CodeIgniter\Database\BaseConnection->simpleQuery('SELECT `announc...')
#3 C:\xampp\htdocs\system\system\Database\BaseBuilder.php(1649): CodeIgniter\Database\BaseConnection->query('SELECT `announc...', Array, false)
#4 C:\xampp\htdocs\system\app\Controllers\Student.php(21): CodeIgniter\Database\BaseBuilder->get()
#5 C:\xampp\htdocs\system\system\CodeIgniter.php(933): App\Controllers\Student->index()
#6 C:\xampp\htdocs\system\system\CodeIgniter.php(507): CodeIgniter\CodeIgniter->runController(Object(App\Controllers\Student))
#7 C:\xampp\htdocs\system\system\CodeIgniter.php(354): CodeIgniter\CodeIgniter->handleRequest(NULL, Object(Config\Cache), false)
#8 C:\xampp\htdocs\system\system\Boot.php(363): CodeIgniter\CodeIgniter->run()
#9 C:\xampp\htdocs\system\system\Boot.php(68): CodeIgniter\Boot::runCodeIgniter(Object(CodeIgniter\CodeIgniter))
#10 C:\xampp\htdocs\system\public\index.php(59): CodeIgniter\Boot::bootWeb(Object(Config\Paths))
#11 {main}
CRITICAL - 2026-03-08 14:47:45 --> CodeIgniter\Database\Exceptions\DatabaseException: Unknown column 'announcements.user_id' in 'on clause'
[Method: GET, Route: student/dashboard]
in SYSTEMPATH\Database\BaseConnection.php on line 684.
 1 SYSTEMPATH\Database\BaseBuilder.php(1649): CodeIgniter\Database\BaseConnection->query('SELECT `announcements`.`id`, `announcements`.`message`, `announcements`.`image_path`, `announcements`.`created_at`, `users`.`full_name` as `admin_name`, `users`.`profile_pic` as `admin_pic`
FROM `announcements`
LEFT JOIN `users` ON `users`.`id` = `announcements`.`user_id`
ORDER BY `announcements`.`created_at` DESC', [], false)
 2 APPPATH\Controllers\Student.php(21): CodeIgniter\Database\BaseBuilder->get()
 3 SYSTEMPATH\CodeIgniter.php(933): App\Controllers\Student->index()
 4 SYSTEMPATH\CodeIgniter.php(507): CodeIgniter\CodeIgniter->runController(Object(App\Controllers\Student))
 5 SYSTEMPATH\CodeIgniter.php(354): CodeIgniter\CodeIgniter->handleRequest(null, Object(Config\Cache), false)
 6 SYSTEMPATH\Boot.php(363): CodeIgniter\CodeIgniter->run()
 7 SYSTEMPATH\Boot.php(68): CodeIgniter\Boot::runCodeIgniter(Object(CodeIgniter\CodeIgniter))
 8 FCPATH\index.php(59): CodeIgniter\Boot::bootWeb(Object(Config\Paths))
CRITICAL - 2026-03-08 14:47:45 --> [Caused by] CodeIgniter\Database\Exceptions\DatabaseException: Unknown column 'announcements.user_id' in 'on clause'
in SYSTEMPATH\Database\MySQLi\Connection.php on line 332.
 1 SYSTEMPATH\Database\BaseConnection.php(729): CodeIgniter\Database\MySQLi\Connection->execute('SELECT `announcements`.`id`, `announcements`.`message`, `announcements`.`image_path`, `announcements`.`created_at`, `users`.`full_name` as `admin_name`, `users`.`profile_pic` as `admin_pic`
FROM `announcements`
LEFT JOIN `users` ON `users`.`id` = `announcements`.`user_id`
ORDER BY `announcements`.`created_at` DESC')
 2 SYSTEMPATH\Database\BaseConnection.php(646): CodeIgniter\Database\BaseConnection->simpleQuery('SELECT `announcements`.`id`, `announcements`.`message`, `announcements`.`image_path`, `announcements`.`created_at`, `users`.`full_name` as `admin_name`, `users`.`profile_pic` as `admin_pic`
FROM `announcements`
LEFT JOIN `users` ON `users`.`id` = `announcements`.`user_id`
ORDER BY `announcements`.`created_at` DESC')
 3 SYSTEMPATH\Database\BaseBuilder.php(1649): CodeIgniter\Database\BaseConnection->query('SELECT `announcements`.`id`, `announcements`.`message`, `announcements`.`image_path`, `announcements`.`created_at`, `users`.`full_name` as `admin_name`, `users`.`profile_pic` as `admin_pic`
FROM `announcements`
LEFT JOIN `users` ON `users`.`id` = `announcements`.`user_id`
ORDER BY `announcements`.`created_at` DESC', [], false)
 4 APPPATH\Controllers\Student.php(21): CodeIgniter\Database\BaseBuilder->get()
 5 SYSTEMPATH\CodeIgniter.php(933): App\Controllers\Student->index()
 6 SYSTEMPATH\CodeIgniter.php(507): CodeIgniter\CodeIgniter->runController(Object(App\Controllers\Student))
 7 SYSTEMPATH\CodeIgniter.php(354): CodeIgniter\CodeIgniter->handleRequest(null, Object(Config\Cache), false)
 8 SYSTEMPATH\Boot.php(363): CodeIgniter\CodeIgniter->run()
 9 SYSTEMPATH\Boot.php(68): CodeIgniter\Boot::runCodeIgniter(Object(CodeIgniter\CodeIgniter))
10 FCPATH\index.php(59): CodeIgniter\Boot::bootWeb(Object(Config\Paths))
CRITICAL - 2026-03-08 14:47:45 --> [Caused by] mysqli_sql_exception: Unknown column 'announcements.user_id' in 'on clause'
in SYSTEMPATH\Database\MySQLi\Connection.php on line 327.
 1 SYSTEMPATH\Database\MySQLi\Connection.php(327): mysqli->query('SELECT `announcements`.`id`, `announcements`.`message`, `announcements`.`image_path`, `announcements`.`created_at`, `users`.`full_name` as `admin_name`, `users`.`profile_pic` as `admin_pic`
FROM `announcements`
LEFT JOIN `users` ON `users`.`id` = `announcements`.`user_id`
ORDER BY `announcements`.`created_at` DESC', 0)
 2 SYSTEMPATH\Database\BaseConnection.php(729): CodeIgniter\Database\MySQLi\Connection->execute('SELECT `announcements`.`id`, `announcements`.`message`, `announcements`.`image_path`, `announcements`.`created_at`, `users`.`full_name` as `admin_name`, `users`.`profile_pic` as `admin_pic`
FROM `announcements`
LEFT JOIN `users` ON `users`.`id` = `announcements`.`user_id`
ORDER BY `announcements`.`created_at` DESC')
 3 SYSTEMPATH\Database\BaseConnection.php(646): CodeIgniter\Database\BaseConnection->simpleQuery('SELECT `announcements`.`id`, `announcements`.`message`, `announcements`.`image_path`, `announcements`.`created_at`, `users`.`full_name` as `admin_name`, `users`.`profile_pic` as `admin_pic`
FROM `announcements`
LEFT JOIN `users` ON `users`.`id` = `announcements`.`user_id`
ORDER BY `announcements`.`created_at` DESC')
 4 SYSTEMPATH\Database\BaseBuilder.php(1649): CodeIgniter\Database\BaseConnection->query('SELECT `announcements`.`id`, `announcements`.`message`, `announcements`.`image_path`, `announcements`.`created_at`, `users`.`full_name` as `admin_name`, `users`.`profile_pic` as `admin_pic`
FROM `announcements`
LEFT JOIN `users` ON `users`.`id` = `announcements`.`user_id`
ORDER BY `announcements`.`created_at` DESC', [], false)
 5 APPPATH\Controllers\Student.php(21): CodeIgniter\Database\BaseBuilder->get()
 6 SYSTEMPATH\CodeIgniter.php(933): App\Controllers\Student->index()
 7 SYSTEMPATH\CodeIgniter.php(507): CodeIgniter\CodeIgniter->runController(Object(App\Controllers\Student))
 8 SYSTEMPATH\CodeIgniter.php(354): CodeIgniter\CodeIgniter->handleRequest(null, Object(Config\Cache), false)
 9 SYSTEMPATH\Boot.php(363): CodeIgniter\CodeIgniter->run()
10 SYSTEMPATH\Boot.php(68): CodeIgniter\Boot::runCodeIgniter(Object(CodeIgniter\CodeIgniter))
11 FCPATH\index.php(59): CodeIgniter\Boot::bootWeb(Object(Config\Paths))
ERROR - 2026-03-08 14:47:45 --> mysqli_sql_exception: Unknown column 'announcements.user_id' in 'on clause' in C:\xampp\htdocs\system\system\Database\MySQLi\Connection.php:327
Stack trace:
#0 C:\xampp\htdocs\system\system\Database\MySQLi\Connection.php(327): mysqli->query('SELECT `announc...', 0)
#1 C:\xampp\htdocs\system\system\Database\BaseConnection.php(729): CodeIgniter\Database\MySQLi\Connection->execute('SELECT `announc...')
#2 C:\xampp\htdocs\system\system\Database\BaseConnection.php(646): CodeIgniter\Database\BaseConnection->simpleQuery('SELECT `announc...')
#3 C:\xampp\htdocs\system\system\Database\BaseBuilder.php(1649): CodeIgniter\Database\BaseConnection->query('SELECT `announc...', Array, false)
#4 C:\xampp\htdocs\system\app\Controllers\Student.php(21): CodeIgniter\Database\BaseBuilder->get()
#5 C:\xampp\htdocs\system\system\CodeIgniter.php(933): App\Controllers\Student->index()
#6 C:\xampp\htdocs\system\system\CodeIgniter.php(507): CodeIgniter\CodeIgniter->runController(Object(App\Controllers\Student))
#7 C:\xampp\htdocs\system\system\CodeIgniter.php(354): CodeIgniter\CodeIgniter->handleRequest(NULL, Object(Config\Cache), false)
#8 C:\xampp\htdocs\system\system\Boot.php(363): CodeIgniter\CodeIgniter->run()
#9 C:\xampp\htdocs\system\system\Boot.php(68): CodeIgniter\Boot::runCodeIgniter(Object(CodeIgniter\CodeIgniter))
#10 C:\xampp\htdocs\system\public\index.php(59): CodeIgniter\Boot::bootWeb(Object(Config\Paths))
#11 {main}
CRITICAL - 2026-03-08 14:47:45 --> CodeIgniter\Database\Exceptions\DatabaseException: Unknown column 'announcements.user_id' in 'on clause'
[Method: GET, Route: student/dashboard]
in SYSTEMPATH\Database\BaseConnection.php on line 684.
 1 SYSTEMPATH\Database\BaseBuilder.php(1649): CodeIgniter\Database\BaseConnection->query('SELECT `announcements`.`id`, `announcements`.`message`, `announcements`.`image_path`, `announcements`.`created_at`, `users`.`full_name` as `admin_name`, `users`.`profile_pic` as `admin_pic`
FROM `announcements`
LEFT JOIN `users` ON `users`.`id` = `announcements`.`user_id`
ORDER BY `announcements`.`created_at` DESC', [], false)
 2 APPPATH\Controllers\Student.php(21): CodeIgniter\Database\BaseBuilder->get()
 3 SYSTEMPATH\CodeIgniter.php(933): App\Controllers\Student->index()
 4 SYSTEMPATH\CodeIgniter.php(507): CodeIgniter\CodeIgniter->runController(Object(App\Controllers\Student))
 5 SYSTEMPATH\CodeIgniter.php(354): CodeIgniter\CodeIgniter->handleRequest(null, Object(Config\Cache), false)
 6 SYSTEMPATH\Boot.php(363): CodeIgniter\CodeIgniter->run()
 7 SYSTEMPATH\Boot.php(68): CodeIgniter\Boot::runCodeIgniter(Object(CodeIgniter\CodeIgniter))
 8 FCPATH\index.php(59): CodeIgniter\Boot::bootWeb(Object(Config\Paths))
CRITICAL - 2026-03-08 14:47:45 --> [Caused by] CodeIgniter\Database\Exceptions\DatabaseException: Unknown column 'announcements.user_id' in 'on clause'
in SYSTEMPATH\Database\MySQLi\Connection.php on line 332.
 1 SYSTEMPATH\Database\BaseConnection.php(729): CodeIgniter\Database\MySQLi\Connection->execute('SELECT `announcements`.`id`, `announcements`.`message`, `announcements`.`image_path`, `announcements`.`created_at`, `users`.`full_name` as `admin_name`, `users`.`profile_pic` as `admin_pic`
FROM `announcements`
LEFT JOIN `users` ON `users`.`id` = `announcements`.`user_id`
ORDER BY `announcements`.`created_at` DESC')
 2 SYSTEMPATH\Database\BaseConnection.php(646): CodeIgniter\Database\BaseConnection->simpleQuery('SELECT `announcements`.`id`, `announcements`.`message`, `announcements`.`image_path`, `announcements`.`created_at`, `users`.`full_name` as `admin_name`, `users`.`profile_pic` as `admin_pic`
FROM `announcements`
LEFT JOIN `users` ON `users`.`id` = `announcements`.`user_id`
ORDER BY `announcements`.`created_at` DESC')
 3 SYSTEMPATH\Database\BaseBuilder.php(1649): CodeIgniter\Database\BaseConnection->query('SELECT `announcements`.`id`, `announcements`.`message`, `announcements`.`image_path`, `announcements`.`created_at`, `users`.`full_name` as `admin_name`, `users`.`profile_pic` as `admin_pic`
FROM `announcements`
LEFT JOIN `users` ON `users`.`id` = `announcements`.`user_id`
ORDER BY `announcements`.`created_at` DESC', [], false)
 4 APPPATH\Controllers\Student.php(21): CodeIgniter\Database\BaseBuilder->get()
 5 SYSTEMPATH\CodeIgniter.php(933): App\Controllers\Student->index()
 6 SYSTEMPATH\CodeIgniter.php(507): CodeIgniter\CodeIgniter->runController(Object(App\Controllers\Student))
 7 SYSTEMPATH\CodeIgniter.php(354): CodeIgniter\CodeIgniter->handleRequest(null, Object(Config\Cache), false)
 8 SYSTEMPATH\Boot.php(363): CodeIgniter\CodeIgniter->run()
 9 SYSTEMPATH\Boot.php(68): CodeIgniter\Boot::runCodeIgniter(Object(CodeIgniter\CodeIgniter))
10 FCPATH\index.php(59): CodeIgniter\Boot::bootWeb(Object(Config\Paths))
CRITICAL - 2026-03-08 14:47:45 --> [Caused by] mysqli_sql_exception: Unknown column 'announcements.user_id' in 'on clause'
in SYSTEMPATH\Database\MySQLi\Connection.php on line 327.
 1 SYSTEMPATH\Database\MySQLi\Connection.php(327): mysqli->query('SELECT `announcements`.`id`, `announcements`.`message`, `announcements`.`image_path`, `announcements`.`created_at`, `users`.`full_name` as `admin_name`, `users`.`profile_pic` as `admin_pic`
FROM `announcements`
LEFT JOIN `users` ON `users`.`id` = `announcements`.`user_id`
ORDER BY `announcements`.`created_at` DESC', 0)
 2 SYSTEMPATH\Database\BaseConnection.php(729): CodeIgniter\Database\MySQLi\Connection->execute('SELECT `announcements`.`id`, `announcements`.`message`, `announcements`.`image_path`, `announcements`.`created_at`, `users`.`full_name` as `admin_name`, `users`.`profile_pic` as `admin_pic`
FROM `announcements`
LEFT JOIN `users` ON `users`.`id` = `announcements`.`user_id`
ORDER BY `announcements`.`created_at` DESC')
 3 SYSTEMPATH\Database\BaseConnection.php(646): CodeIgniter\Database\BaseConnection->simpleQuery('SELECT `announcements`.`id`, `announcements`.`message`, `announcements`.`image_path`, `announcements`.`created_at`, `users`.`full_name` as `admin_name`, `users`.`profile_pic` as `admin_pic`
FROM `announcements`
LEFT JOIN `users` ON `users`.`id` = `announcements`.`user_id`
ORDER BY `announcements`.`created_at` DESC')
 4 SYSTEMPATH\Database\BaseBuilder.php(1649): CodeIgniter\Database\BaseConnection->query('SELECT `announcements`.`id`, `announcements`.`message`, `announcements`.`image_path`, `announcements`.`created_at`, `users`.`full_name` as `admin_name`, `users`.`profile_pic` as `admin_pic`
FROM `announcements`
LEFT JOIN `users` ON `users`.`id` = `announcements`.`user_id`
ORDER BY `announcements`.`created_at` DESC', [], false)
 5 APPPATH\Controllers\Student.php(21): CodeIgniter\Database\BaseBuilder->get()
 6 SYSTEMPATH\CodeIgniter.php(933): App\Controllers\Student->index()
 7 SYSTEMPATH\CodeIgniter.php(507): CodeIgniter\CodeIgniter->runController(Object(App\Controllers\Student))
 8 SYSTEMPATH\CodeIgniter.php(354): CodeIgniter\CodeIgniter->handleRequest(null, Object(Config\Cache), false)
 9 SYSTEMPATH\Boot.php(363): CodeIgniter\CodeIgniter->run()
10 SYSTEMPATH\Boot.php(68): CodeIgniter\Boot::runCodeIgniter(Object(CodeIgniter\CodeIgniter))
11 FCPATH\index.php(59): CodeIgniter\Boot::bootWeb(Object(Config\Paths))
ERROR - 2026-03-08 14:47:45 --> mysqli_sql_exception: Unknown column 'announcements.user_id' in 'on clause' in C:\xampp\htdocs\system\system\Database\MySQLi\Connection.php:327
Stack trace:
#0 C:\xampp\htdocs\system\system\Database\MySQLi\Connection.php(327): mysqli->query('SELECT `announc...', 0)
#1 C:\xampp\htdocs\system\system\Database\BaseConnection.php(729): CodeIgniter\Database\MySQLi\Connection->execute('SELECT `announc...')
#2 C:\xampp\htdocs\system\system\Database\BaseConnection.php(646): CodeIgniter\Database\BaseConnection->simpleQuery('SELECT `announc...')
#3 C:\xampp\htdocs\system\system\Database\BaseBuilder.php(1649): CodeIgniter\Database\BaseConnection->query('SELECT `announc...', Array, false)
#4 C:\xampp\htdocs\system\app\Controllers\Student.php(21): CodeIgniter\Database\BaseBuilder->get()
#5 C:\xampp\htdocs\system\system\CodeIgniter.php(933): App\Controllers\Student->index()
#6 C:\xampp\htdocs\system\system\CodeIgniter.php(507): CodeIgniter\CodeIgniter->runController(Object(App\Controllers\Student))
#7 C:\xampp\htdocs\system\system\CodeIgniter.php(354): CodeIgniter\CodeIgniter->handleRequest(NULL, Object(Config\Cache), false)
#8 C:\xampp\htdocs\system\system\Boot.php(363): CodeIgniter\CodeIgniter->run()
#9 C:\xampp\htdocs\system\system\Boot.php(68): CodeIgniter\Boot::runCodeIgniter(Object(CodeIgniter\CodeIgniter))
#10 C:\xampp\htdocs\system\public\index.php(59): CodeIgniter\Boot::bootWeb(Object(Config\Paths))
#11 {main}
CRITICAL - 2026-03-08 14:47:45 --> CodeIgniter\Database\Exceptions\DatabaseException: Unknown column 'announcements.user_id' in 'on clause'
[Method: GET, Route: student/dashboard]
in SYSTEMPATH\Database\BaseConnection.php on line 684.
 1 SYSTEMPATH\Database\BaseBuilder.php(1649): CodeIgniter\Database\BaseConnection->query('SELECT `announcements`.`id`, `announcements`.`message`, `announcements`.`image_path`, `announcements`.`created_at`, `users`.`full_name` as `admin_name`, `users`.`profile_pic` as `admin_pic`
FROM `announcements`
LEFT JOIN `users` ON `users`.`id` = `announcements`.`user_id`
ORDER BY `announcements`.`created_at` DESC', [], false)
 2 APPPATH\Controllers\Student.php(21): CodeIgniter\Database\BaseBuilder->get()
 3 SYSTEMPATH\CodeIgniter.php(933): App\Controllers\Student->index()
 4 SYSTEMPATH\CodeIgniter.php(507): CodeIgniter\CodeIgniter->runController(Object(App\Controllers\Student))
 5 SYSTEMPATH\CodeIgniter.php(354): CodeIgniter\CodeIgniter->handleRequest(null, Object(Config\Cache), false)
 6 SYSTEMPATH\Boot.php(363): CodeIgniter\CodeIgniter->run()
 7 SYSTEMPATH\Boot.php(68): CodeIgniter\Boot::runCodeIgniter(Object(CodeIgniter\CodeIgniter))
 8 FCPATH\index.php(59): CodeIgniter\Boot::bootWeb(Object(Config\Paths))
CRITICAL - 2026-03-08 14:47:45 --> [Caused by] CodeIgniter\Database\Exceptions\DatabaseException: Unknown column 'announcements.user_id' in 'on clause'
in SYSTEMPATH\Database\MySQLi\Connection.php on line 332.
 1 SYSTEMPATH\Database\BaseConnection.php(729): CodeIgniter\Database\MySQLi\Connection->execute('SELECT `announcements`.`id`, `announcements`.`message`, `announcements`.`image_path`, `announcements`.`created_at`, `users`.`full_name` as `admin_name`, `users`.`profile_pic` as `admin_pic`
FROM `announcements`
LEFT JOIN `users` ON `users`.`id` = `announcements`.`user_id`
ORDER BY `announcements`.`created_at` DESC')
 2 SYSTEMPATH\Database\BaseConnection.php(646): CodeIgniter\Database\BaseConnection->simpleQuery('SELECT `announcements`.`id`, `announcements`.`message`, `announcements`.`image_path`, `announcements`.`created_at`, `users`.`full_name` as `admin_name`, `users`.`profile_pic` as `admin_pic`
FROM `announcements`
LEFT JOIN `users` ON `users`.`id` = `announcements`.`user_id`
ORDER BY `announcements`.`created_at` DESC')
 3 SYSTEMPATH\Database\BaseBuilder.php(1649): CodeIgniter\Database\BaseConnection->query('SELECT `announcements`.`id`, `announcements`.`message`, `announcements`.`image_path`, `announcements`.`created_at`, `users`.`full_name` as `admin_name`, `users`.`profile_pic` as `admin_pic`
FROM `announcements`
LEFT JOIN `users` ON `users`.`id` = `announcements`.`user_id`
ORDER BY `announcements`.`created_at` DESC', [], false)
 4 APPPATH\Controllers\Student.php(21): CodeIgniter\Database\BaseBuilder->get()
 5 SYSTEMPATH\CodeIgniter.php(933): App\Controllers\Student->index()
 6 SYSTEMPATH\CodeIgniter.php(507): CodeIgniter\CodeIgniter->runController(Object(App\Controllers\Student))
 7 SYSTEMPATH\CodeIgniter.php(354): CodeIgniter\CodeIgniter->handleRequest(null, Object(Config\Cache), false)
 8 SYSTEMPATH\Boot.php(363): CodeIgniter\CodeIgniter->run()
 9 SYSTEMPATH\Boot.php(68): CodeIgniter\Boot::runCodeIgniter(Object(CodeIgniter\CodeIgniter))
10 FCPATH\index.php(59): CodeIgniter\Boot::bootWeb(Object(Config\Paths))
CRITICAL - 2026-03-08 14:47:45 --> [Caused by] mysqli_sql_exception: Unknown column 'announcements.user_id' in 'on clause'
in SYSTEMPATH\Database\MySQLi\Connection.php on line 327.
 1 SYSTEMPATH\Database\MySQLi\Connection.php(327): mysqli->query('SELECT `announcements`.`id`, `announcements`.`message`, `announcements`.`image_path`, `announcements`.`created_at`, `users`.`full_name` as `admin_name`, `users`.`profile_pic` as `admin_pic`
FROM `announcements`
LEFT JOIN `users` ON `users`.`id` = `announcements`.`user_id`
ORDER BY `announcements`.`created_at` DESC', 0)
 2 SYSTEMPATH\Database\BaseConnection.php(729): CodeIgniter\Database\MySQLi\Connection->execute('SELECT `announcements`.`id`, `announcements`.`message`, `announcements`.`image_path`, `announcements`.`created_at`, `users`.`full_name` as `admin_name`, `users`.`profile_pic` as `admin_pic`
FROM `announcements`
LEFT JOIN `users` ON `users`.`id` = `announcements`.`user_id`
ORDER BY `announcements`.`created_at` DESC')
 3 SYSTEMPATH\Database\BaseConnection.php(646): CodeIgniter\Database\BaseConnection->simpleQuery('SELECT `announcements`.`id`, `announcements`.`message`, `announcements`.`image_path`, `announcements`.`created_at`, `users`.`full_name` as `admin_name`, `users`.`profile_pic` as `admin_pic`
FROM `announcements`
LEFT JOIN `users` ON `users`.`id` = `announcements`.`user_id`
ORDER BY `announcements`.`created_at` DESC')
 4 SYSTEMPATH\Database\BaseBuilder.php(1649): CodeIgniter\Database\BaseConnection->query('SELECT `announcements`.`id`, `announcements`.`message`, `announcements`.`image_path`, `announcements`.`created_at`, `users`.`full_name` as `admin_name`, `users`.`profile_pic` as `admin_pic`
FROM `announcements`
LEFT JOIN `users` ON `users`.`id` = `announcements`.`user_id`
ORDER BY `announcements`.`created_at` DESC', [], false)
 5 APPPATH\Controllers\Student.php(21): CodeIgniter\Database\BaseBuilder->get()
 6 SYSTEMPATH\CodeIgniter.php(933): App\Controllers\Student->index()
 7 SYSTEMPATH\CodeIgniter.php(507): CodeIgniter\CodeIgniter->runController(Object(App\Controllers\Student))
 8 SYSTEMPATH\CodeIgniter.php(354): CodeIgniter\CodeIgniter->handleRequest(null, Object(Config\Cache), false)
 9 SYSTEMPATH\Boot.php(363): CodeIgniter\CodeIgniter->run()
10 SYSTEMPATH\Boot.php(68): CodeIgniter\Boot::runCodeIgniter(Object(CodeIgniter\CodeIgniter))
11 FCPATH\index.php(59): CodeIgniter\Boot::bootWeb(Object(Config\Paths))
ERROR - 2026-03-08 14:47:45 --> mysqli_sql_exception: Unknown column 'announcements.user_id' in 'on clause' in C:\xampp\htdocs\system\system\Database\MySQLi\Connection.php:327
Stack trace:
#0 C:\xampp\htdocs\system\system\Database\MySQLi\Connection.php(327): mysqli->query('SELECT `announc...', 0)
#1 C:\xampp\htdocs\system\system\Database\BaseConnection.php(729): CodeIgniter\Database\MySQLi\Connection->execute('SELECT `announc...')
#2 C:\xampp\htdocs\system\system\Database\BaseConnection.php(646): CodeIgniter\Database\BaseConnection->simpleQuery('SELECT `announc...')
#3 C:\xampp\htdocs\system\system\Database\BaseBuilder.php(1649): CodeIgniter\Database\BaseConnection->query('SELECT `announc...', Array, false)
#4 C:\xampp\htdocs\system\app\Controllers\Student.php(21): CodeIgniter\Database\BaseBuilder->get()
#5 C:\xampp\htdocs\system\system\CodeIgniter.php(933): App\Controllers\Student->index()
#6 C:\xampp\htdocs\system\system\CodeIgniter.php(507): CodeIgniter\CodeIgniter->runController(Object(App\Controllers\Student))
#7 C:\xampp\htdocs\system\system\CodeIgniter.php(354): CodeIgniter\CodeIgniter->handleRequest(NULL, Object(Config\Cache), false)
#8 C:\xampp\htdocs\system\system\Boot.php(363): CodeIgniter\CodeIgniter->run()
#9 C:\xampp\htdocs\system\system\Boot.php(68): CodeIgniter\Boot::runCodeIgniter(Object(CodeIgniter\CodeIgniter))
#10 C:\xampp\htdocs\system\public\index.php(59): CodeIgniter\Boot::bootWeb(Object(Config\Paths))
#11 {main}
CRITICAL - 2026-03-08 14:47:45 --> CodeIgniter\Database\Exceptions\DatabaseException: Unknown column 'announcements.user_id' in 'on clause'
[Method: GET, Route: student/dashboard]
in SYSTEMPATH\Database\BaseConnection.php on line 684.
 1 SYSTEMPATH\Database\BaseBuilder.php(1649): CodeIgniter\Database\BaseConnection->query('SELECT `announcements`.`id`, `announcements`.`message`, `announcements`.`image_path`, `announcements`.`created_at`, `users`.`full_name` as `admin_name`, `users`.`profile_pic` as `admin_pic`
FROM `announcements`
LEFT JOIN `users` ON `users`.`id` = `announcements`.`user_id`
ORDER BY `announcements`.`created_at` DESC', [], false)
 2 APPPATH\Controllers\Student.php(21): CodeIgniter\Database\BaseBuilder->get()
 3 SYSTEMPATH\CodeIgniter.php(933): App\Controllers\Student->index()
 4 SYSTEMPATH\CodeIgniter.php(507): CodeIgniter\CodeIgniter->runController(Object(App\Controllers\Student))
 5 SYSTEMPATH\CodeIgniter.php(354): CodeIgniter\CodeIgniter->handleRequest(null, Object(Config\Cache), false)
 6 SYSTEMPATH\Boot.php(363): CodeIgniter\CodeIgniter->run()
 7 SYSTEMPATH\Boot.php(68): CodeIgniter\Boot::runCodeIgniter(Object(CodeIgniter\CodeIgniter))
 8 FCPATH\index.php(59): CodeIgniter\Boot::bootWeb(Object(Config\Paths))
CRITICAL - 2026-03-08 14:47:45 --> [Caused by] CodeIgniter\Database\Exceptions\DatabaseException: Unknown column 'announcements.user_id' in 'on clause'
in SYSTEMPATH\Database\MySQLi\Connection.php on line 332.
 1 SYSTEMPATH\Database\BaseConnection.php(729): CodeIgniter\Database\MySQLi\Connection->execute('SELECT `announcements`.`id`, `announcements`.`message`, `announcements`.`image_path`, `announcements`.`created_at`, `users`.`full_name` as `admin_name`, `users`.`profile_pic` as `admin_pic`
FROM `announcements`
LEFT JOIN `users` ON `users`.`id` = `announcements`.`user_id`
ORDER BY `announcements`.`created_at` DESC')
 2 SYSTEMPATH\Database\BaseConnection.php(646): CodeIgniter\Database\BaseConnection->simpleQuery('SELECT `announcements`.`id`, `announcements`.`message`, `announcements`.`image_path`, `announcements`.`created_at`, `users`.`full_name` as `admin_name`, `users`.`profile_pic` as `admin_pic`
FROM `announcements`
LEFT JOIN `users` ON `users`.`id` = `announcements`.`user_id`
ORDER BY `announcements`.`created_at` DESC')
 3 SYSTEMPATH\Database\BaseBuilder.php(1649): CodeIgniter\Database\BaseConnection->query('SELECT `announcements`.`id`, `announcements`.`message`, `announcements`.`image_path`, `announcements`.`created_at`, `users`.`full_name` as `admin_name`, `users`.`profile_pic` as `admin_pic`
FROM `announcements`
LEFT JOIN `users` ON `users`.`id` = `announcements`.`user_id`
ORDER BY `announcements`.`created_at` DESC', [], false)
 4 APPPATH\Controllers\Student.php(21): CodeIgniter\Database\BaseBuilder->get()
 5 SYSTEMPATH\CodeIgniter.php(933): App\Controllers\Student->index()
 6 SYSTEMPATH\CodeIgniter.php(507): CodeIgniter\CodeIgniter->runController(Object(App\Controllers\Student))
 7 SYSTEMPATH\CodeIgniter.php(354): CodeIgniter\CodeIgniter->handleRequest(null, Object(Config\Cache), false)
 8 SYSTEMPATH\Boot.php(363): CodeIgniter\CodeIgniter->run()
 9 SYSTEMPATH\Boot.php(68): CodeIgniter\Boot::runCodeIgniter(Object(CodeIgniter\CodeIgniter))
10 FCPATH\index.php(59): CodeIgniter\Boot::bootWeb(Object(Config\Paths))
CRITICAL - 2026-03-08 14:47:45 --> [Caused by] mysqli_sql_exception: Unknown column 'announcements.user_id' in 'on clause'
in SYSTEMPATH\Database\MySQLi\Connection.php on line 327.
 1 SYSTEMPATH\Database\MySQLi\Connection.php(327): mysqli->query('SELECT `announcements`.`id`, `announcements`.`message`, `announcements`.`image_path`, `announcements`.`created_at`, `users`.`full_name` as `admin_name`, `users`.`profile_pic` as `admin_pic`
FROM `announcements`
LEFT JOIN `users` ON `users`.`id` = `announcements`.`user_id`
ORDER BY `announcements`.`created_at` DESC', 0)
 2 SYSTEMPATH\Database\BaseConnection.php(729): CodeIgniter\Database\MySQLi\Connection->execute('SELECT `announcements`.`id`, `announcements`.`message`, `announcements`.`image_path`, `announcements`.`created_at`, `users`.`full_name` as `admin_name`, `users`.`profile_pic` as `admin_pic`
FROM `announcements`
LEFT JOIN `users` ON `users`.`id` = `announcements`.`user_id`
ORDER BY `announcements`.`created_at` DESC')
 3 SYSTEMPATH\Database\BaseConnection.php(646): CodeIgniter\Database\BaseConnection->simpleQuery('SELECT `announcements`.`id`, `announcements`.`message`, `announcements`.`image_path`, `announcements`.`created_at`, `users`.`full_name` as `admin_name`, `users`.`profile_pic` as `admin_pic`
FROM `announcements`
LEFT JOIN `users` ON `users`.`id` = `announcements`.`user_id`
ORDER BY `announcements`.`created_at` DESC')
 4 SYSTEMPATH\Database\BaseBuilder.php(1649): CodeIgniter\Database\BaseConnection->query('SELECT `announcements`.`id`, `announcements`.`message`, `announcements`.`image_path`, `announcements`.`created_at`, `users`.`full_name` as `admin_name`, `users`.`profile_pic` as `admin_pic`
FROM `announcements`
LEFT JOIN `users` ON `users`.`id` = `announcements`.`user_id`
ORDER BY `announcements`.`created_at` DESC', [], false)
 5 APPPATH\Controllers\Student.php(21): CodeIgniter\Database\BaseBuilder->get()
 6 SYSTEMPATH\CodeIgniter.php(933): App\Controllers\Student->index()
 7 SYSTEMPATH\CodeIgniter.php(507): CodeIgniter\CodeIgniter->runController(Object(App\Controllers\Student))
 8 SYSTEMPATH\CodeIgniter.php(354): CodeIgniter\CodeIgniter->handleRequest(null, Object(Config\Cache), false)
 9 SYSTEMPATH\Boot.php(363): CodeIgniter\CodeIgniter->run()
10 SYSTEMPATH\Boot.php(68): CodeIgniter\Boot::runCodeIgniter(Object(CodeIgniter\CodeIgniter))
11 FCPATH\index.php(59): CodeIgniter\Boot::bootWeb(Object(Config\Paths))
ERROR - 2026-03-08 14:47:46 --> mysqli_sql_exception: Unknown column 'announcements.user_id' in 'on clause' in C:\xampp\htdocs\system\system\Database\MySQLi\Connection.php:327
Stack trace:
#0 C:\xampp\htdocs\system\system\Database\MySQLi\Connection.php(327): mysqli->query('SELECT `announc...', 0)
#1 C:\xampp\htdocs\system\system\Database\BaseConnection.php(729): CodeIgniter\Database\MySQLi\Connection->execute('SELECT `announc...')
#2 C:\xampp\htdocs\system\system\Database\BaseConnection.php(646): CodeIgniter\Database\BaseConnection->simpleQuery('SELECT `announc...')
#3 C:\xampp\htdocs\system\system\Database\BaseBuilder.php(1649): CodeIgniter\Database\BaseConnection->query('SELECT `announc...', Array, false)
#4 C:\xampp\htdocs\system\app\Controllers\Student.php(21): CodeIgniter\Database\BaseBuilder->get()
#5 C:\xampp\htdocs\system\system\CodeIgniter.php(933): App\Controllers\Student->index()
#6 C:\xampp\htdocs\system\system\CodeIgniter.php(507): CodeIgniter\CodeIgniter->runController(Object(App\Controllers\Student))
#7 C:\xampp\htdocs\system\system\CodeIgniter.php(354): CodeIgniter\CodeIgniter->handleRequest(NULL, Object(Config\Cache), false)
#8 C:\xampp\htdocs\system\system\Boot.php(363): CodeIgniter\CodeIgniter->run()
#9 C:\xampp\htdocs\system\system\Boot.php(68): CodeIgniter\Boot::runCodeIgniter(Object(CodeIgniter\CodeIgniter))
#10 C:\xampp\htdocs\system\public\index.php(59): CodeIgniter\Boot::bootWeb(Object(Config\Paths))
#11 {main}
CRITICAL - 2026-03-08 14:47:46 --> CodeIgniter\Database\Exceptions\DatabaseException: Unknown column 'announcements.user_id' in 'on clause'
[Method: GET, Route: student/dashboard]
in SYSTEMPATH\Database\BaseConnection.php on line 684.
 1 SYSTEMPATH\Database\BaseBuilder.php(1649): CodeIgniter\Database\BaseConnection->query('SELECT `announcements`.`id`, `announcements`.`message`, `announcements`.`image_path`, `announcements`.`created_at`, `users`.`full_name` as `admin_name`, `users`.`profile_pic` as `admin_pic`
FROM `announcements`
LEFT JOIN `users` ON `users`.`id` = `announcements`.`user_id`
ORDER BY `announcements`.`created_at` DESC', [], false)
 2 APPPATH\Controllers\Student.php(21): CodeIgniter\Database\BaseBuilder->get()
 3 SYSTEMPATH\CodeIgniter.php(933): App\Controllers\Student->index()
 4 SYSTEMPATH\CodeIgniter.php(507): CodeIgniter\CodeIgniter->runController(Object(App\Controllers\Student))
 5 SYSTEMPATH\CodeIgniter.php(354): CodeIgniter\CodeIgniter->handleRequest(null, Object(Config\Cache), false)
 6 SYSTEMPATH\Boot.php(363): CodeIgniter\CodeIgniter->run()
 7 SYSTEMPATH\Boot.php(68): CodeIgniter\Boot::runCodeIgniter(Object(CodeIgniter\CodeIgniter))
 8 FCPATH\index.php(59): CodeIgniter\Boot::bootWeb(Object(Config\Paths))
CRITICAL - 2026-03-08 14:47:46 --> [Caused by] CodeIgniter\Database\Exceptions\DatabaseException: Unknown column 'announcements.user_id' in 'on clause'
in SYSTEMPATH\Database\MySQLi\Connection.php on line 332.
 1 SYSTEMPATH\Database\BaseConnection.php(729): CodeIgniter\Database\MySQLi\Connection->execute('SELECT `announcements`.`id`, `announcements`.`message`, `announcements`.`image_path`, `announcements`.`created_at`, `users`.`full_name` as `admin_name`, `users`.`profile_pic` as `admin_pic`
FROM `announcements`
LEFT JOIN `users` ON `users`.`id` = `announcements`.`user_id`
ORDER BY `announcements`.`created_at` DESC')
 2 SYSTEMPATH\Database\BaseConnection.php(646): CodeIgniter\Database\BaseConnection->simpleQuery('SELECT `announcements`.`id`, `announcements`.`message`, `announcements`.`image_path`, `announcements`.`created_at`, `users`.`full_name` as `admin_name`, `users`.`profile_pic` as `admin_pic`
FROM `announcements`
LEFT JOIN `users` ON `users`.`id` = `announcements`.`user_id`
ORDER BY `announcements`.`created_at` DESC')
 3 SYSTEMPATH\Database\BaseBuilder.php(1649): CodeIgniter\Database\BaseConnection->query('SELECT `announcements`.`id`, `announcements`.`message`, `announcements`.`image_path`, `announcements`.`created_at`, `users`.`full_name` as `admin_name`, `users`.`profile_pic` as `admin_pic`
FROM `announcements`
LEFT JOIN `users` ON `users`.`id` = `announcements`.`user_id`
ORDER BY `announcements`.`created_at` DESC', [], false)
 4 APPPATH\Controllers\Student.php(21): CodeIgniter\Database\BaseBuilder->get()
 5 SYSTEMPATH\CodeIgniter.php(933): App\Controllers\Student->index()
 6 SYSTEMPATH\CodeIgniter.php(507): CodeIgniter\CodeIgniter->runController(Object(App\Controllers\Student))
 7 SYSTEMPATH\CodeIgniter.php(354): CodeIgniter\CodeIgniter->handleRequest(null, Object(Config\Cache), false)
 8 SYSTEMPATH\Boot.php(363): CodeIgniter\CodeIgniter->run()
 9 SYSTEMPATH\Boot.php(68): CodeIgniter\Boot::runCodeIgniter(Object(CodeIgniter\CodeIgniter))
10 FCPATH\index.php(59): CodeIgniter\Boot::bootWeb(Object(Config\Paths))
CRITICAL - 2026-03-08 14:47:46 --> [Caused by] mysqli_sql_exception: Unknown column 'announcements.user_id' in 'on clause'
in SYSTEMPATH\Database\MySQLi\Connection.php on line 327.
 1 SYSTEMPATH\Database\MySQLi\Connection.php(327): mysqli->query('SELECT `announcements`.`id`, `announcements`.`message`, `announcements`.`image_path`, `announcements`.`created_at`, `users`.`full_name` as `admin_name`, `users`.`profile_pic` as `admin_pic`
FROM `announcements`
LEFT JOIN `users` ON `users`.`id` = `announcements`.`user_id`
ORDER BY `announcements`.`created_at` DESC', 0)
 2 SYSTEMPATH\Database\BaseConnection.php(729): CodeIgniter\Database\MySQLi\Connection->execute('SELECT `announcements`.`id`, `announcements`.`message`, `announcements`.`image_path`, `announcements`.`created_at`, `users`.`full_name` as `admin_name`, `users`.`profile_pic` as `admin_pic`
FROM `announcements`
LEFT JOIN `users` ON `users`.`id` = `announcements`.`user_id`
ORDER BY `announcements`.`created_at` DESC')
 3 SYSTEMPATH\Database\BaseConnection.php(646): CodeIgniter\Database\BaseConnection->simpleQuery('SELECT `announcements`.`id`, `announcements`.`message`, `announcements`.`image_path`, `announcements`.`created_at`, `users`.`full_name` as `admin_name`, `users`.`profile_pic` as `admin_pic`
FROM `announcements`
LEFT JOIN `users` ON `users`.`id` = `announcements`.`user_id`
ORDER BY `announcements`.`created_at` DESC')
 4 SYSTEMPATH\Database\BaseBuilder.php(1649): CodeIgniter\Database\BaseConnection->query('SELECT `announcements`.`id`, `announcements`.`message`, `announcements`.`image_path`, `announcements`.`created_at`, `users`.`full_name` as `admin_name`, `users`.`profile_pic` as `admin_pic`
FROM `announcements`
LEFT JOIN `users` ON `users`.`id` = `announcements`.`user_id`
ORDER BY `announcements`.`created_at` DESC', [], false)
 5 APPPATH\Controllers\Student.php(21): CodeIgniter\Database\BaseBuilder->get()
 6 SYSTEMPATH\CodeIgniter.php(933): App\Controllers\Student->index()
 7 SYSTEMPATH\CodeIgniter.php(507): CodeIgniter\CodeIgniter->runController(Object(App\Controllers\Student))
 8 SYSTEMPATH\CodeIgniter.php(354): CodeIgniter\CodeIgniter->handleRequest(null, Object(Config\Cache), false)
 9 SYSTEMPATH\Boot.php(363): CodeIgniter\CodeIgniter->run()
10 SYSTEMPATH\Boot.php(68): CodeIgniter\Boot::runCodeIgniter(Object(CodeIgniter\CodeIgniter))
11 FCPATH\index.php(59): CodeIgniter\Boot::bootWeb(Object(Config\Paths))
ERROR - 2026-03-08 14:47:46 --> mysqli_sql_exception: Unknown column 'announcements.user_id' in 'on clause' in C:\xampp\htdocs\system\system\Database\MySQLi\Connection.php:327
Stack trace:
#0 C:\xampp\htdocs\system\system\Database\MySQLi\Connection.php(327): mysqli->query('SELECT `announc...', 0)
#1 C:\xampp\htdocs\system\system\Database\BaseConnection.php(729): CodeIgniter\Database\MySQLi\Connection->execute('SELECT `announc...')
#2 C:\xampp\htdocs\system\system\Database\BaseConnection.php(646): CodeIgniter\Database\BaseConnection->simpleQuery('SELECT `announc...')
#3 C:\xampp\htdocs\system\system\Database\BaseBuilder.php(1649): CodeIgniter\Database\BaseConnection->query('SELECT `announc...', Array, false)
#4 C:\xampp\htdocs\system\app\Controllers\Student.php(21): CodeIgniter\Database\BaseBuilder->get()
#5 C:\xampp\htdocs\system\system\CodeIgniter.php(933): App\Controllers\Student->index()
#6 C:\xampp\htdocs\system\system\CodeIgniter.php(507): CodeIgniter\CodeIgniter->runController(Object(App\Controllers\Student))
#7 C:\xampp\htdocs\system\system\CodeIgniter.php(354): CodeIgniter\CodeIgniter->handleRequest(NULL, Object(Config\Cache), false)
#8 C:\xampp\htdocs\system\system\Boot.php(363): CodeIgniter\CodeIgniter->run()
#9 C:\xampp\htdocs\system\system\Boot.php(68): CodeIgniter\Boot::runCodeIgniter(Object(CodeIgniter\CodeIgniter))
#10 C:\xampp\htdocs\system\public\index.php(59): CodeIgniter\Boot::bootWeb(Object(Config\Paths))
#11 {main}
CRITICAL - 2026-03-08 14:47:46 --> CodeIgniter\Database\Exceptions\DatabaseException: Unknown column 'announcements.user_id' in 'on clause'
[Method: GET, Route: student/dashboard]
in SYSTEMPATH\Database\BaseConnection.php on line 684.
 1 SYSTEMPATH\Database\BaseBuilder.php(1649): CodeIgniter\Database\BaseConnection->query('SELECT `announcements`.`id`, `announcements`.`message`, `announcements`.`image_path`, `announcements`.`created_at`, `users`.`full_name` as `admin_name`, `users`.`profile_pic` as `admin_pic`
FROM `announcements`
LEFT JOIN `users` ON `users`.`id` = `announcements`.`user_id`
ORDER BY `announcements`.`created_at` DESC', [], false)
 2 APPPATH\Controllers\Student.php(21): CodeIgniter\Database\BaseBuilder->get()
 3 SYSTEMPATH\CodeIgniter.php(933): App\Controllers\Student->index()
 4 SYSTEMPATH\CodeIgniter.php(507): CodeIgniter\CodeIgniter->runController(Object(App\Controllers\Student))
 5 SYSTEMPATH\CodeIgniter.php(354): CodeIgniter\CodeIgniter->handleRequest(null, Object(Config\Cache), false)
 6 SYSTEMPATH\Boot.php(363): CodeIgniter\CodeIgniter->run()
 7 SYSTEMPATH\Boot.php(68): CodeIgniter\Boot::runCodeIgniter(Object(CodeIgniter\CodeIgniter))
 8 FCPATH\index.php(59): CodeIgniter\Boot::bootWeb(Object(Config\Paths))
CRITICAL - 2026-03-08 14:47:46 --> [Caused by] CodeIgniter\Database\Exceptions\DatabaseException: Unknown column 'announcements.user_id' in 'on clause'
in SYSTEMPATH\Database\MySQLi\Connection.php on line 332.
 1 SYSTEMPATH\Database\BaseConnection.php(729): CodeIgniter\Database\MySQLi\Connection->execute('SELECT `announcements`.`id`, `announcements`.`message`, `announcements`.`image_path`, `announcements`.`created_at`, `users`.`full_name` as `admin_name`, `users`.`profile_pic` as `admin_pic`
FROM `announcements`
LEFT JOIN `users` ON `users`.`id` = `announcements`.`user_id`
ORDER BY `announcements`.`created_at` DESC')
 2 SYSTEMPATH\Database\BaseConnection.php(646): CodeIgniter\Database\BaseConnection->simpleQuery('SELECT `announcements`.`id`, `announcements`.`message`, `announcements`.`image_path`, `announcements`.`created_at`, `users`.`full_name` as `admin_name`, `users`.`profile_pic` as `admin_pic`
FROM `announcements`
LEFT JOIN `users` ON `users`.`id` = `announcements`.`user_id`
ORDER BY `announcements`.`created_at` DESC')
 3 SYSTEMPATH\Database\BaseBuilder.php(1649): CodeIgniter\Database\BaseConnection->query('SELECT `announcements`.`id`, `announcements`.`message`, `announcements`.`image_path`, `announcements`.`created_at`, `users`.`full_name` as `admin_name`, `users`.`profile_pic` as `admin_pic`
FROM `announcements`
LEFT JOIN `users` ON `users`.`id` = `announcements`.`user_id`
ORDER BY `announcements`.`created_at` DESC', [], false)
 4 APPPATH\Controllers\Student.php(21): CodeIgniter\Database\BaseBuilder->get()
 5 SYSTEMPATH\CodeIgniter.php(933): App\Controllers\Student->index()
 6 SYSTEMPATH\CodeIgniter.php(507): CodeIgniter\CodeIgniter->runController(Object(App\Controllers\Student))
 7 SYSTEMPATH\CodeIgniter.php(354): CodeIgniter\CodeIgniter->handleRequest(null, Object(Config\Cache), false)
 8 SYSTEMPATH\Boot.php(363): CodeIgniter\CodeIgniter->run()
 9 SYSTEMPATH\Boot.php(68): CodeIgniter\Boot::runCodeIgniter(Object(CodeIgniter\CodeIgniter))
10 FCPATH\index.php(59): CodeIgniter\Boot::bootWeb(Object(Config\Paths))
CRITICAL - 2026-03-08 14:47:46 --> [Caused by] mysqli_sql_exception: Unknown column 'announcements.user_id' in 'on clause'
in SYSTEMPATH\Database\MySQLi\Connection.php on line 327.
 1 SYSTEMPATH\Database\MySQLi\Connection.php(327): mysqli->query('SELECT `announcements`.`id`, `announcements`.`message`, `announcements`.`image_path`, `announcements`.`created_at`, `users`.`full_name` as `admin_name`, `users`.`profile_pic` as `admin_pic`
FROM `announcements`
LEFT JOIN `users` ON `users`.`id` = `announcements`.`user_id`
ORDER BY `announcements`.`created_at` DESC', 0)
 2 SYSTEMPATH\Database\BaseConnection.php(729): CodeIgniter\Database\MySQLi\Connection->execute('SELECT `announcements`.`id`, `announcements`.`message`, `announcements`.`image_path`, `announcements`.`created_at`, `users`.`full_name` as `admin_name`, `users`.`profile_pic` as `admin_pic`
FROM `announcements`
LEFT JOIN `users` ON `users`.`id` = `announcements`.`user_id`
ORDER BY `announcements`.`created_at` DESC')
 3 SYSTEMPATH\Database\BaseConnection.php(646): CodeIgniter\Database\BaseConnection->simpleQuery('SELECT `announcements`.`id`, `announcements`.`message`, `announcements`.`image_path`, `announcements`.`created_at`, `users`.`full_name` as `admin_name`, `users`.`profile_pic` as `admin_pic`
FROM `announcements`
LEFT JOIN `users` ON `users`.`id` = `announcements`.`user_id`
ORDER BY `announcements`.`created_at` DESC')
 4 SYSTEMPATH\Database\BaseBuilder.php(1649): CodeIgniter\Database\BaseConnection->query('SELECT `announcements`.`id`, `announcements`.`message`, `announcements`.`image_path`, `announcements`.`created_at`, `users`.`full_name` as `admin_name`, `users`.`profile_pic` as `admin_pic`
FROM `announcements`
LEFT JOIN `users` ON `users`.`id` = `announcements`.`user_id`
ORDER BY `announcements`.`created_at` DESC', [], false)
 5 APPPATH\Controllers\Student.php(21): CodeIgniter\Database\BaseBuilder->get()
 6 SYSTEMPATH\CodeIgniter.php(933): App\Controllers\Student->index()
 7 SYSTEMPATH\CodeIgniter.php(507): CodeIgniter\CodeIgniter->runController(Object(App\Controllers\Student))
 8 SYSTEMPATH\CodeIgniter.php(354): CodeIgniter\CodeIgniter->handleRequest(null, Object(Config\Cache), false)
 9 SYSTEMPATH\Boot.php(363): CodeIgniter\CodeIgniter->run()
10 SYSTEMPATH\Boot.php(68): CodeIgniter\Boot::runCodeIgniter(Object(CodeIgniter\CodeIgniter))
11 FCPATH\index.php(59): CodeIgniter\Boot::bootWeb(Object(Config\Paths))
ERROR - 2026-03-08 14:47:46 --> mysqli_sql_exception: Unknown column 'announcements.user_id' in 'on clause' in C:\xampp\htdocs\system\system\Database\MySQLi\Connection.php:327
Stack trace:
#0 C:\xampp\htdocs\system\system\Database\MySQLi\Connection.php(327): mysqli->query('SELECT `announc...', 0)
#1 C:\xampp\htdocs\system\system\Database\BaseConnection.php(729): CodeIgniter\Database\MySQLi\Connection->execute('SELECT `announc...')
#2 C:\xampp\htdocs\system\system\Database\BaseConnection.php(646): CodeIgniter\Database\BaseConnection->simpleQuery('SELECT `announc...')
#3 C:\xampp\htdocs\system\system\Database\BaseBuilder.php(1649): CodeIgniter\Database\BaseConnection->query('SELECT `announc...', Array, false)
#4 C:\xampp\htdocs\system\app\Controllers\Student.php(21): CodeIgniter\Database\BaseBuilder->get()
#5 C:\xampp\htdocs\system\system\CodeIgniter.php(933): App\Controllers\Student->index()
#6 C:\xampp\htdocs\system\system\CodeIgniter.php(507): CodeIgniter\CodeIgniter->runController(Object(App\Controllers\Student))
#7 C:\xampp\htdocs\system\system\CodeIgniter.php(354): CodeIgniter\CodeIgniter->handleRequest(NULL, Object(Config\Cache), false)
#8 C:\xampp\htdocs\system\system\Boot.php(363): CodeIgniter\CodeIgniter->run()
#9 C:\xampp\htdocs\system\system\Boot.php(68): CodeIgniter\Boot::runCodeIgniter(Object(CodeIgniter\CodeIgniter))
#10 C:\xampp\htdocs\system\public\index.php(59): CodeIgniter\Boot::bootWeb(Object(Config\Paths))
#11 {main}
CRITICAL - 2026-03-08 14:47:46 --> CodeIgniter\Database\Exceptions\DatabaseException: Unknown column 'announcements.user_id' in 'on clause'
[Method: GET, Route: student/dashboard]
in SYSTEMPATH\Database\BaseConnection.php on line 684.
 1 SYSTEMPATH\Database\BaseBuilder.php(1649): CodeIgniter\Database\BaseConnection->query('SELECT `announcements`.`id`, `announcements`.`message`, `announcements`.`image_path`, `announcements`.`created_at`, `users`.`full_name` as `admin_name`, `users`.`profile_pic` as `admin_pic`
FROM `announcements`
LEFT JOIN `users` ON `users`.`id` = `announcements`.`user_id`
ORDER BY `announcements`.`created_at` DESC', [], false)
 2 APPPATH\Controllers\Student.php(21): CodeIgniter\Database\BaseBuilder->get()
 3 SYSTEMPATH\CodeIgniter.php(933): App\Controllers\Student->index()
 4 SYSTEMPATH\CodeIgniter.php(507): CodeIgniter\CodeIgniter->runController(Object(App\Controllers\Student))
 5 SYSTEMPATH\CodeIgniter.php(354): CodeIgniter\CodeIgniter->handleRequest(null, Object(Config\Cache), false)
 6 SYSTEMPATH\Boot.php(363): CodeIgniter\CodeIgniter->run()
 7 SYSTEMPATH\Boot.php(68): CodeIgniter\Boot::runCodeIgniter(Object(CodeIgniter\CodeIgniter))
 8 FCPATH\index.php(59): CodeIgniter\Boot::bootWeb(Object(Config\Paths))
CRITICAL - 2026-03-08 14:47:46 --> [Caused by] CodeIgniter\Database\Exceptions\DatabaseException: Unknown column 'announcements.user_id' in 'on clause'
in SYSTEMPATH\Database\MySQLi\Connection.php on line 332.
 1 SYSTEMPATH\Database\BaseConnection.php(729): CodeIgniter\Database\MySQLi\Connection->execute('SELECT `announcements`.`id`, `announcements`.`message`, `announcements`.`image_path`, `announcements`.`created_at`, `users`.`full_name` as `admin_name`, `users`.`profile_pic` as `admin_pic`
FROM `announcements`
LEFT JOIN `users` ON `users`.`id` = `announcements`.`user_id`
ORDER BY `announcements`.`created_at` DESC')
 2 SYSTEMPATH\Database\BaseConnection.php(646): CodeIgniter\Database\BaseConnection->simpleQuery('SELECT `announcements`.`id`, `announcements`.`message`, `announcements`.`image_path`, `announcements`.`created_at`, `users`.`full_name` as `admin_name`, `users`.`profile_pic` as `admin_pic`
FROM `announcements`
LEFT JOIN `users` ON `users`.`id` = `announcements`.`user_id`
ORDER BY `announcements`.`created_at` DESC')
 3 SYSTEMPATH\Database\BaseBuilder.php(1649): CodeIgniter\Database\BaseConnection->query('SELECT `announcements`.`id`, `announcements`.`message`, `announcements`.`image_path`, `announcements`.`created_at`, `users`.`full_name` as `admin_name`, `users`.`profile_pic` as `admin_pic`
FROM `announcements`
LEFT JOIN `users` ON `users`.`id` = `announcements`.`user_id`
ORDER BY `announcements`.`created_at` DESC', [], false)
 4 APPPATH\Controllers\Student.php(21): CodeIgniter\Database\BaseBuilder->get()
 5 SYSTEMPATH\CodeIgniter.php(933): App\Controllers\Student->index()
 6 SYSTEMPATH\CodeIgniter.php(507): CodeIgniter\CodeIgniter->runController(Object(App\Controllers\Student))
 7 SYSTEMPATH\CodeIgniter.php(354): CodeIgniter\CodeIgniter->handleRequest(null, Object(Config\Cache), false)
 8 SYSTEMPATH\Boot.php(363): CodeIgniter\CodeIgniter->run()
 9 SYSTEMPATH\Boot.php(68): CodeIgniter\Boot::runCodeIgniter(Object(CodeIgniter\CodeIgniter))
10 FCPATH\index.php(59): CodeIgniter\Boot::bootWeb(Object(Config\Paths))
CRITICAL - 2026-03-08 14:47:46 --> [Caused by] mysqli_sql_exception: Unknown column 'announcements.user_id' in 'on clause'
in SYSTEMPATH\Database\MySQLi\Connection.php on line 327.
 1 SYSTEMPATH\Database\MySQLi\Connection.php(327): mysqli->query('SELECT `announcements`.`id`, `announcements`.`message`, `announcements`.`image_path`, `announcements`.`created_at`, `users`.`full_name` as `admin_name`, `users`.`profile_pic` as `admin_pic`
FROM `announcements`
LEFT JOIN `users` ON `users`.`id` = `announcements`.`user_id`
ORDER BY `announcements`.`created_at` DESC', 0)
 2 SYSTEMPATH\Database\BaseConnection.php(729): CodeIgniter\Database\MySQLi\Connection->execute('SELECT `announcements`.`id`, `announcements`.`message`, `announcements`.`image_path`, `announcements`.`created_at`, `users`.`full_name` as `admin_name`, `users`.`profile_pic` as `admin_pic`
FROM `announcements`
LEFT JOIN `users` ON `users`.`id` = `announcements`.`user_id`
ORDER BY `announcements`.`created_at` DESC')
 3 SYSTEMPATH\Database\BaseConnection.php(646): CodeIgniter\Database\BaseConnection->simpleQuery('SELECT `announcements`.`id`, `announcements`.`message`, `announcements`.`image_path`, `announcements`.`created_at`, `users`.`full_name` as `admin_name`, `users`.`profile_pic` as `admin_pic`
FROM `announcements`
LEFT JOIN `users` ON `users`.`id` = `announcements`.`user_id`
ORDER BY `announcements`.`created_at` DESC')
 4 SYSTEMPATH\Database\BaseBuilder.php(1649): CodeIgniter\Database\BaseConnection->query('SELECT `announcements`.`id`, `announcements`.`message`, `announcements`.`image_path`, `announcements`.`created_at`, `users`.`full_name` as `admin_name`, `users`.`profile_pic` as `admin_pic`
FROM `announcements`
LEFT JOIN `users` ON `users`.`id` = `announcements`.`user_id`
ORDER BY `announcements`.`created_at` DESC', [], false)
 5 APPPATH\Controllers\Student.php(21): CodeIgniter\Database\BaseBuilder->get()
 6 SYSTEMPATH\CodeIgniter.php(933): App\Controllers\Student->index()
 7 SYSTEMPATH\CodeIgniter.php(507): CodeIgniter\CodeIgniter->runController(Object(App\Controllers\Student))
 8 SYSTEMPATH\CodeIgniter.php(354): CodeIgniter\CodeIgniter->handleRequest(null, Object(Config\Cache), false)
 9 SYSTEMPATH\Boot.php(363): CodeIgniter\CodeIgniter->run()
10 SYSTEMPATH\Boot.php(68): CodeIgniter\Boot::runCodeIgniter(Object(CodeIgniter\CodeIgniter))
11 FCPATH\index.php(59): CodeIgniter\Boot::bootWeb(Object(Config\Paths))
ERROR - 2026-03-08 14:47:46 --> mysqli_sql_exception: Unknown column 'announcements.user_id' in 'on clause' in C:\xampp\htdocs\system\system\Database\MySQLi\Connection.php:327
Stack trace:
#0 C:\xampp\htdocs\system\system\Database\MySQLi\Connection.php(327): mysqli->query('SELECT `announc...', 0)
#1 C:\xampp\htdocs\system\system\Database\BaseConnection.php(729): CodeIgniter\Database\MySQLi\Connection->execute('SELECT `announc...')
#2 C:\xampp\htdocs\system\system\Database\BaseConnection.php(646): CodeIgniter\Database\BaseConnection->simpleQuery('SELECT `announc...')
#3 C:\xampp\htdocs\system\system\Database\BaseBuilder.php(1649): CodeIgniter\Database\BaseConnection->query('SELECT `announc...', Array, false)
#4 C:\xampp\htdocs\system\app\Controllers\Student.php(21): CodeIgniter\Database\BaseBuilder->get()
#5 C:\xampp\htdocs\system\system\CodeIgniter.php(933): App\Controllers\Student->index()
#6 C:\xampp\htdocs\system\system\CodeIgniter.php(507): CodeIgniter\CodeIgniter->runController(Object(App\Controllers\Student))
#7 C:\xampp\htdocs\system\system\CodeIgniter.php(354): CodeIgniter\CodeIgniter->handleRequest(NULL, Object(Config\Cache), false)
#8 C:\xampp\htdocs\system\system\Boot.php(363): CodeIgniter\CodeIgniter->run()
#9 C:\xampp\htdocs\system\system\Boot.php(68): CodeIgniter\Boot::runCodeIgniter(Object(CodeIgniter\CodeIgniter))
#10 C:\xampp\htdocs\system\public\index.php(59): CodeIgniter\Boot::bootWeb(Object(Config\Paths))
#11 {main}
CRITICAL - 2026-03-08 14:47:46 --> CodeIgniter\Database\Exceptions\DatabaseException: Unknown column 'announcements.user_id' in 'on clause'
[Method: GET, Route: student/dashboard]
in SYSTEMPATH\Database\BaseConnection.php on line 684.
 1 SYSTEMPATH\Database\BaseBuilder.php(1649): CodeIgniter\Database\BaseConnection->query('SELECT `announcements`.`id`, `announcements`.`message`, `announcements`.`image_path`, `announcements`.`created_at`, `users`.`full_name` as `admin_name`, `users`.`profile_pic` as `admin_pic`
FROM `announcements`
LEFT JOIN `users` ON `users`.`id` = `announcements`.`user_id`
ORDER BY `announcements`.`created_at` DESC', [], false)
 2 APPPATH\Controllers\Student.php(21): CodeIgniter\Database\BaseBuilder->get()
 3 SYSTEMPATH\CodeIgniter.php(933): App\Controllers\Student->index()
 4 SYSTEMPATH\CodeIgniter.php(507): CodeIgniter\CodeIgniter->runController(Object(App\Controllers\Student))
 5 SYSTEMPATH\CodeIgniter.php(354): CodeIgniter\CodeIgniter->handleRequest(null, Object(Config\Cache), false)
 6 SYSTEMPATH\Boot.php(363): CodeIgniter\CodeIgniter->run()
 7 SYSTEMPATH\Boot.php(68): CodeIgniter\Boot::runCodeIgniter(Object(CodeIgniter\CodeIgniter))
 8 FCPATH\index.php(59): CodeIgniter\Boot::bootWeb(Object(Config\Paths))
CRITICAL - 2026-03-08 14:47:46 --> [Caused by] CodeIgniter\Database\Exceptions\DatabaseException: Unknown column 'announcements.user_id' in 'on clause'
in SYSTEMPATH\Database\MySQLi\Connection.php on line 332.
 1 SYSTEMPATH\Database\BaseConnection.php(729): CodeIgniter\Database\MySQLi\Connection->execute('SELECT `announcements`.`id`, `announcements`.`message`, `announcements`.`image_path`, `announcements`.`created_at`, `users`.`full_name` as `admin_name`, `users`.`profile_pic` as `admin_pic`
FROM `announcements`
LEFT JOIN `users` ON `users`.`id` = `announcements`.`user_id`
ORDER BY `announcements`.`created_at` DESC')
 2 SYSTEMPATH\Database\BaseConnection.php(646): CodeIgniter\Database\BaseConnection->simpleQuery('SELECT `announcements`.`id`, `announcements`.`message`, `announcements`.`image_path`, `announcements`.`created_at`, `users`.`full_name` as `admin_name`, `users`.`profile_pic` as `admin_pic`
FROM `announcements`
LEFT JOIN `users` ON `users`.`id` = `announcements`.`user_id`
ORDER BY `announcements`.`created_at` DESC')
 3 SYSTEMPATH\Database\BaseBuilder.php(1649): CodeIgniter\Database\BaseConnection->query('SELECT `announcements`.`id`, `announcements`.`message`, `announcements`.`image_path`, `announcements`.`created_at`, `users`.`full_name` as `admin_name`, `users`.`profile_pic` as `admin_pic`
FROM `announcements`
LEFT JOIN `users` ON `users`.`id` = `announcements`.`user_id`
ORDER BY `announcements`.`created_at` DESC', [], false)
 4 APPPATH\Controllers\Student.php(21): CodeIgniter\Database\BaseBuilder->get()
 5 SYSTEMPATH\CodeIgniter.php(933): App\Controllers\Student->index()
 6 SYSTEMPATH\CodeIgniter.php(507): CodeIgniter\CodeIgniter->runController(Object(App\Controllers\Student))
 7 SYSTEMPATH\CodeIgniter.php(354): CodeIgniter\CodeIgniter->handleRequest(null, Object(Config\Cache), false)
 8 SYSTEMPATH\Boot.php(363): CodeIgniter\CodeIgniter->run()
 9 SYSTEMPATH\Boot.php(68): CodeIgniter\Boot::runCodeIgniter(Object(CodeIgniter\CodeIgniter))
10 FCPATH\index.php(59): CodeIgniter\Boot::bootWeb(Object(Config\Paths))
CRITICAL - 2026-03-08 14:47:46 --> [Caused by] mysqli_sql_exception: Unknown column 'announcements.user_id' in 'on clause'
in SYSTEMPATH\Database\MySQLi\Connection.php on line 327.
 1 SYSTEMPATH\Database\MySQLi\Connection.php(327): mysqli->query('SELECT `announcements`.`id`, `announcements`.`message`, `announcements`.`image_path`, `announcements`.`created_at`, `users`.`full_name` as `admin_name`, `users`.`profile_pic` as `admin_pic`
FROM `announcements`
LEFT JOIN `users` ON `users`.`id` = `announcements`.`user_id`
ORDER BY `announcements`.`created_at` DESC', 0)
 2 SYSTEMPATH\Database\BaseConnection.php(729): CodeIgniter\Database\MySQLi\Connection->execute('SELECT `announcements`.`id`, `announcements`.`message`, `announcements`.`image_path`, `announcements`.`created_at`, `users`.`full_name` as `admin_name`, `users`.`profile_pic` as `admin_pic`
FROM `announcements`
LEFT JOIN `users` ON `users`.`id` = `announcements`.`user_id`
ORDER BY `announcements`.`created_at` DESC')
 3 SYSTEMPATH\Database\BaseConnection.php(646): CodeIgniter\Database\BaseConnection->simpleQuery('SELECT `announcements`.`id`, `announcements`.`message`, `announcements`.`image_path`, `announcements`.`created_at`, `users`.`full_name` as `admin_name`, `users`.`profile_pic` as `admin_pic`
FROM `announcements`
LEFT JOIN `users` ON `users`.`id` = `announcements`.`user_id`
ORDER BY `announcements`.`created_at` DESC')
 4 SYSTEMPATH\Database\BaseBuilder.php(1649): CodeIgniter\Database\BaseConnection->query('SELECT `announcements`.`id`, `announcements`.`message`, `announcements`.`image_path`, `announcements`.`created_at`, `users`.`full_name` as `admin_name`, `users`.`profile_pic` as `admin_pic`
FROM `announcements`
LEFT JOIN `users` ON `users`.`id` = `announcements`.`user_id`
ORDER BY `announcements`.`created_at` DESC', [], false)
 5 APPPATH\Controllers\Student.php(21): CodeIgniter\Database\BaseBuilder->get()
 6 SYSTEMPATH\CodeIgniter.php(933): App\Controllers\Student->index()
 7 SYSTEMPATH\CodeIgniter.php(507): CodeIgniter\CodeIgniter->runController(Object(App\Controllers\Student))
 8 SYSTEMPATH\CodeIgniter.php(354): CodeIgniter\CodeIgniter->handleRequest(null, Object(Config\Cache), false)
 9 SYSTEMPATH\Boot.php(363): CodeIgniter\CodeIgniter->run()
10 SYSTEMPATH\Boot.php(68): CodeIgniter\Boot::runCodeIgniter(Object(CodeIgniter\CodeIgniter))
11 FCPATH\index.php(59): CodeIgniter\Boot::bootWeb(Object(Config\Paths))
ERROR - 2026-03-08 14:48:12 --> mysqli_sql_exception: Unknown column 'announcements.user_id' in 'on clause' in C:\xampp\htdocs\system\system\Database\MySQLi\Connection.php:327
Stack trace:
#0 C:\xampp\htdocs\system\system\Database\MySQLi\Connection.php(327): mysqli->query('SELECT `announc...', 0)
#1 C:\xampp\htdocs\system\system\Database\BaseConnection.php(729): CodeIgniter\Database\MySQLi\Connection->execute('SELECT `announc...')
#2 C:\xampp\htdocs\system\system\Database\BaseConnection.php(646): CodeIgniter\Database\BaseConnection->simpleQuery('SELECT `announc...')
#3 C:\xampp\htdocs\system\system\Database\BaseBuilder.php(1649): CodeIgniter\Database\BaseConnection->query('SELECT `announc...', Array, false)
#4 C:\xampp\htdocs\system\app\Controllers\Student.php(21): CodeIgniter\Database\BaseBuilder->get()
#5 C:\xampp\htdocs\system\system\CodeIgniter.php(933): App\Controllers\Student->index()
#6 C:\xampp\htdocs\system\system\CodeIgniter.php(507): CodeIgniter\CodeIgniter->runController(Object(App\Controllers\Student))
#7 C:\xampp\htdocs\system\system\CodeIgniter.php(354): CodeIgniter\CodeIgniter->handleRequest(NULL, Object(Config\Cache), false)
#8 C:\xampp\htdocs\system\system\Boot.php(363): CodeIgniter\CodeIgniter->run()
#9 C:\xampp\htdocs\system\system\Boot.php(68): CodeIgniter\Boot::runCodeIgniter(Object(CodeIgniter\CodeIgniter))
#10 C:\xampp\htdocs\system\public\index.php(59): CodeIgniter\Boot::bootWeb(Object(Config\Paths))
#11 {main}
CRITICAL - 2026-03-08 14:48:12 --> CodeIgniter\Database\Exceptions\DatabaseException: Unknown column 'announcements.user_id' in 'on clause'
[Method: GET, Route: student/dashboard]
in SYSTEMPATH\Database\BaseConnection.php on line 684.
 1 SYSTEMPATH\Database\BaseBuilder.php(1649): CodeIgniter\Database\BaseConnection->query('SELECT `announcements`.`id`, `announcements`.`message`, `announcements`.`image_path`, `announcements`.`created_at`, `users`.`full_name` as `admin_name`, `users`.`profile_pic` as `admin_pic`
FROM `announcements`
LEFT JOIN `users` ON `users`.`id` = `announcements`.`user_id`
ORDER BY `announcements`.`created_at` DESC', [], false)
 2 APPPATH\Controllers\Student.php(21): CodeIgniter\Database\BaseBuilder->get()
 3 SYSTEMPATH\CodeIgniter.php(933): App\Controllers\Student->index()
 4 SYSTEMPATH\CodeIgniter.php(507): CodeIgniter\CodeIgniter->runController(Object(App\Controllers\Student))
 5 SYSTEMPATH\CodeIgniter.php(354): CodeIgniter\CodeIgniter->handleRequest(null, Object(Config\Cache), false)
 6 SYSTEMPATH\Boot.php(363): CodeIgniter\CodeIgniter->run()
 7 SYSTEMPATH\Boot.php(68): CodeIgniter\Boot::runCodeIgniter(Object(CodeIgniter\CodeIgniter))
 8 FCPATH\index.php(59): CodeIgniter\Boot::bootWeb(Object(Config\Paths))
CRITICAL - 2026-03-08 14:48:12 --> [Caused by] CodeIgniter\Database\Exceptions\DatabaseException: Unknown column 'announcements.user_id' in 'on clause'
in SYSTEMPATH\Database\MySQLi\Connection.php on line 332.
 1 SYSTEMPATH\Database\BaseConnection.php(729): CodeIgniter\Database\MySQLi\Connection->execute('SELECT `announcements`.`id`, `announcements`.`message`, `announcements`.`image_path`, `announcements`.`created_at`, `users`.`full_name` as `admin_name`, `users`.`profile_pic` as `admin_pic`
FROM `announcements`
LEFT JOIN `users` ON `users`.`id` = `announcements`.`user_id`
ORDER BY `announcements`.`created_at` DESC')
 2 SYSTEMPATH\Database\BaseConnection.php(646): CodeIgniter\Database\BaseConnection->simpleQuery('SELECT `announcements`.`id`, `announcements`.`message`, `announcements`.`image_path`, `announcements`.`created_at`, `users`.`full_name` as `admin_name`, `users`.`profile_pic` as `admin_pic`
FROM `announcements`
LEFT JOIN `users` ON `users`.`id` = `announcements`.`user_id`
ORDER BY `announcements`.`created_at` DESC')
 3 SYSTEMPATH\Database\BaseBuilder.php(1649): CodeIgniter\Database\BaseConnection->query('SELECT `announcements`.`id`, `announcements`.`message`, `announcements`.`image_path`, `announcements`.`created_at`, `users`.`full_name` as `admin_name`, `users`.`profile_pic` as `admin_pic`
FROM `announcements`
LEFT JOIN `users` ON `users`.`id` = `announcements`.`user_id`
ORDER BY `announcements`.`created_at` DESC', [], false)
 4 APPPATH\Controllers\Student.php(21): CodeIgniter\Database\BaseBuilder->get()
 5 SYSTEMPATH\CodeIgniter.php(933): App\Controllers\Student->index()
 6 SYSTEMPATH\CodeIgniter.php(507): CodeIgniter\CodeIgniter->runController(Object(App\Controllers\Student))
 7 SYSTEMPATH\CodeIgniter.php(354): CodeIgniter\CodeIgniter->handleRequest(null, Object(Config\Cache), false)
 8 SYSTEMPATH\Boot.php(363): CodeIgniter\CodeIgniter->run()
 9 SYSTEMPATH\Boot.php(68): CodeIgniter\Boot::runCodeIgniter(Object(CodeIgniter\CodeIgniter))
10 FCPATH\index.php(59): CodeIgniter\Boot::bootWeb(Object(Config\Paths))
CRITICAL - 2026-03-08 14:48:12 --> [Caused by] mysqli_sql_exception: Unknown column 'announcements.user_id' in 'on clause'
in SYSTEMPATH\Database\MySQLi\Connection.php on line 327.
 1 SYSTEMPATH\Database\MySQLi\Connection.php(327): mysqli->query('SELECT `announcements`.`id`, `announcements`.`message`, `announcements`.`image_path`, `announcements`.`created_at`, `users`.`full_name` as `admin_name`, `users`.`profile_pic` as `admin_pic`
FROM `announcements`
LEFT JOIN `users` ON `users`.`id` = `announcements`.`user_id`
ORDER BY `announcements`.`created_at` DESC', 0)
 2 SYSTEMPATH\Database\BaseConnection.php(729): CodeIgniter\Database\MySQLi\Connection->execute('SELECT `announcements`.`id`, `announcements`.`message`, `announcements`.`image_path`, `announcements`.`created_at`, `users`.`full_name` as `admin_name`, `users`.`profile_pic` as `admin_pic`
FROM `announcements`
LEFT JOIN `users` ON `users`.`id` = `announcements`.`user_id`
ORDER BY `announcements`.`created_at` DESC')
 3 SYSTEMPATH\Database\BaseConnection.php(646): CodeIgniter\Database\BaseConnection->simpleQuery('SELECT `announcements`.`id`, `announcements`.`message`, `announcements`.`image_path`, `announcements`.`created_at`, `users`.`full_name` as `admin_name`, `users`.`profile_pic` as `admin_pic`
FROM `announcements`
LEFT JOIN `users` ON `users`.`id` = `announcements`.`user_id`
ORDER BY `announcements`.`created_at` DESC')
 4 SYSTEMPATH\Database\BaseBuilder.php(1649): CodeIgniter\Database\BaseConnection->query('SELECT `announcements`.`id`, `announcements`.`message`, `announcements`.`image_path`, `announcements`.`created_at`, `users`.`full_name` as `admin_name`, `users`.`profile_pic` as `admin_pic`
FROM `announcements`
LEFT JOIN `users` ON `users`.`id` = `announcements`.`user_id`
ORDER BY `announcements`.`created_at` DESC', [], false)
 5 APPPATH\Controllers\Student.php(21): CodeIgniter\Database\BaseBuilder->get()
 6 SYSTEMPATH\CodeIgniter.php(933): App\Controllers\Student->index()
 7 SYSTEMPATH\CodeIgniter.php(507): CodeIgniter\CodeIgniter->runController(Object(App\Controllers\Student))
 8 SYSTEMPATH\CodeIgniter.php(354): CodeIgniter\CodeIgniter->handleRequest(null, Object(Config\Cache), false)
 9 SYSTEMPATH\Boot.php(363): CodeIgniter\CodeIgniter->run()
10 SYSTEMPATH\Boot.php(68): CodeIgniter\Boot::runCodeIgniter(Object(CodeIgniter\CodeIgniter))
11 FCPATH\index.php(59): CodeIgniter\Boot::bootWeb(Object(Config\Paths))
ERROR - 2026-03-08 14:48:12 --> mysqli_sql_exception: Unknown column 'announcements.user_id' in 'on clause' in C:\xampp\htdocs\system\system\Database\MySQLi\Connection.php:327
Stack trace:
#0 C:\xampp\htdocs\system\system\Database\MySQLi\Connection.php(327): mysqli->query('SELECT `announc...', 0)
#1 C:\xampp\htdocs\system\system\Database\BaseConnection.php(729): CodeIgniter\Database\MySQLi\Connection->execute('SELECT `announc...')
#2 C:\xampp\htdocs\system\system\Database\BaseConnection.php(646): CodeIgniter\Database\BaseConnection->simpleQuery('SELECT `announc...')
#3 C:\xampp\htdocs\system\system\Database\BaseBuilder.php(1649): CodeIgniter\Database\BaseConnection->query('SELECT `announc...', Array, false)
#4 C:\xampp\htdocs\system\app\Controllers\Student.php(21): CodeIgniter\Database\BaseBuilder->get()
#5 C:\xampp\htdocs\system\system\CodeIgniter.php(933): App\Controllers\Student->index()
#6 C:\xampp\htdocs\system\system\CodeIgniter.php(507): CodeIgniter\CodeIgniter->runController(Object(App\Controllers\Student))
#7 C:\xampp\htdocs\system\system\CodeIgniter.php(354): CodeIgniter\CodeIgniter->handleRequest(NULL, Object(Config\Cache), false)
#8 C:\xampp\htdocs\system\system\Boot.php(363): CodeIgniter\CodeIgniter->run()
#9 C:\xampp\htdocs\system\system\Boot.php(68): CodeIgniter\Boot::runCodeIgniter(Object(CodeIgniter\CodeIgniter))
#10 C:\xampp\htdocs\system\public\index.php(59): CodeIgniter\Boot::bootWeb(Object(Config\Paths))
#11 {main}
CRITICAL - 2026-03-08 14:48:12 --> CodeIgniter\Database\Exceptions\DatabaseException: Unknown column 'announcements.user_id' in 'on clause'
[Method: GET, Route: student/dashboard]
in SYSTEMPATH\Database\BaseConnection.php on line 684.
 1 SYSTEMPATH\Database\BaseBuilder.php(1649): CodeIgniter\Database\BaseConnection->query('SELECT `announcements`.`id`, `announcements`.`message`, `announcements`.`image_path`, `announcements`.`created_at`, `users`.`full_name` as `admin_name`, `users`.`profile_pic` as `admin_pic`
FROM `announcements`
LEFT JOIN `users` ON `users`.`id` = `announcements`.`user_id`
ORDER BY `announcements`.`created_at` DESC', [], false)
 2 APPPATH\Controllers\Student.php(21): CodeIgniter\Database\BaseBuilder->get()
 3 SYSTEMPATH\CodeIgniter.php(933): App\Controllers\Student->index()
 4 SYSTEMPATH\CodeIgniter.php(507): CodeIgniter\CodeIgniter->runController(Object(App\Controllers\Student))
 5 SYSTEMPATH\CodeIgniter.php(354): CodeIgniter\CodeIgniter->handleRequest(null, Object(Config\Cache), false)
 6 SYSTEMPATH\Boot.php(363): CodeIgniter\CodeIgniter->run()
 7 SYSTEMPATH\Boot.php(68): CodeIgniter\Boot::runCodeIgniter(Object(CodeIgniter\CodeIgniter))
 8 FCPATH\index.php(59): CodeIgniter\Boot::bootWeb(Object(Config\Paths))
CRITICAL - 2026-03-08 14:48:12 --> [Caused by] CodeIgniter\Database\Exceptions\DatabaseException: Unknown column 'announcements.user_id' in 'on clause'
in SYSTEMPATH\Database\MySQLi\Connection.php on line 332.
 1 SYSTEMPATH\Database\BaseConnection.php(729): CodeIgniter\Database\MySQLi\Connection->execute('SELECT `announcements`.`id`, `announcements`.`message`, `announcements`.`image_path`, `announcements`.`created_at`, `users`.`full_name` as `admin_name`, `users`.`profile_pic` as `admin_pic`
FROM `announcements`
LEFT JOIN `users` ON `users`.`id` = `announcements`.`user_id`
ORDER BY `announcements`.`created_at` DESC')
 2 SYSTEMPATH\Database\BaseConnection.php(646): CodeIgniter\Database\BaseConnection->simpleQuery('SELECT `announcements`.`id`, `announcements`.`message`, `announcements`.`image_path`, `announcements`.`created_at`, `users`.`full_name` as `admin_name`, `users`.`profile_pic` as `admin_pic`
FROM `announcements`
LEFT JOIN `users` ON `users`.`id` = `announcements`.`user_id`
ORDER BY `announcements`.`created_at` DESC')
 3 SYSTEMPATH\Database\BaseBuilder.php(1649): CodeIgniter\Database\BaseConnection->query('SELECT `announcements`.`id`, `announcements`.`message`, `announcements`.`image_path`, `announcements`.`created_at`, `users`.`full_name` as `admin_name`, `users`.`profile_pic` as `admin_pic`
FROM `announcements`
LEFT JOIN `users` ON `users`.`id` = `announcements`.`user_id`
ORDER BY `announcements`.`created_at` DESC', [], false)
 4 APPPATH\Controllers\Student.php(21): CodeIgniter\Database\BaseBuilder->get()
 5 SYSTEMPATH\CodeIgniter.php(933): App\Controllers\Student->index()
 6 SYSTEMPATH\CodeIgniter.php(507): CodeIgniter\CodeIgniter->runController(Object(App\Controllers\Student))
 7 SYSTEMPATH\CodeIgniter.php(354): CodeIgniter\CodeIgniter->handleRequest(null, Object(Config\Cache), false)
 8 SYSTEMPATH\Boot.php(363): CodeIgniter\CodeIgniter->run()
 9 SYSTEMPATH\Boot.php(68): CodeIgniter\Boot::runCodeIgniter(Object(CodeIgniter\CodeIgniter))
10 FCPATH\index.php(59): CodeIgniter\Boot::bootWeb(Object(Config\Paths))
CRITICAL - 2026-03-08 14:48:12 --> [Caused by] mysqli_sql_exception: Unknown column 'announcements.user_id' in 'on clause'
in SYSTEMPATH\Database\MySQLi\Connection.php on line 327.
 1 SYSTEMPATH\Database\MySQLi\Connection.php(327): mysqli->query('SELECT `announcements`.`id`, `announcements`.`message`, `announcements`.`image_path`, `announcements`.`created_at`, `users`.`full_name` as `admin_name`, `users`.`profile_pic` as `admin_pic`
FROM `announcements`
LEFT JOIN `users` ON `users`.`id` = `announcements`.`user_id`
ORDER BY `announcements`.`created_at` DESC', 0)
 2 SYSTEMPATH\Database\BaseConnection.php(729): CodeIgniter\Database\MySQLi\Connection->execute('SELECT `announcements`.`id`, `announcements`.`message`, `announcements`.`image_path`, `announcements`.`created_at`, `users`.`full_name` as `admin_name`, `users`.`profile_pic` as `admin_pic`
FROM `announcements`
LEFT JOIN `users` ON `users`.`id` = `announcements`.`user_id`
ORDER BY `announcements`.`created_at` DESC')
 3 SYSTEMPATH\Database\BaseConnection.php(646): CodeIgniter\Database\BaseConnection->simpleQuery('SELECT `announcements`.`id`, `announcements`.`message`, `announcements`.`image_path`, `announcements`.`created_at`, `users`.`full_name` as `admin_name`, `users`.`profile_pic` as `admin_pic`
FROM `announcements`
LEFT JOIN `users` ON `users`.`id` = `announcements`.`user_id`
ORDER BY `announcements`.`created_at` DESC')
 4 SYSTEMPATH\Database\BaseBuilder.php(1649): CodeIgniter\Database\BaseConnection->query('SELECT `announcements`.`id`, `announcements`.`message`, `announcements`.`image_path`, `announcements`.`created_at`, `users`.`full_name` as `admin_name`, `users`.`profile_pic` as `admin_pic`
FROM `announcements`
LEFT JOIN `users` ON `users`.`id` = `announcements`.`user_id`
ORDER BY `announcements`.`created_at` DESC', [], false)
 5 APPPATH\Controllers\Student.php(21): CodeIgniter\Database\BaseBuilder->get()
 6 SYSTEMPATH\CodeIgniter.php(933): App\Controllers\Student->index()
 7 SYSTEMPATH\CodeIgniter.php(507): CodeIgniter\CodeIgniter->runController(Object(App\Controllers\Student))
 8 SYSTEMPATH\CodeIgniter.php(354): CodeIgniter\CodeIgniter->handleRequest(null, Object(Config\Cache), false)
 9 SYSTEMPATH\Boot.php(363): CodeIgniter\CodeIgniter->run()
10 SYSTEMPATH\Boot.php(68): CodeIgniter\Boot::runCodeIgniter(Object(CodeIgniter\CodeIgniter))
11 FCPATH\index.php(59): CodeIgniter\Boot::bootWeb(Object(Config\Paths))
ERROR - 2026-03-08 14:48:12 --> mysqli_sql_exception: Unknown column 'announcements.user_id' in 'on clause' in C:\xampp\htdocs\system\system\Database\MySQLi\Connection.php:327
Stack trace:
#0 C:\xampp\htdocs\system\system\Database\MySQLi\Connection.php(327): mysqli->query('SELECT `announc...', 0)
#1 C:\xampp\htdocs\system\system\Database\BaseConnection.php(729): CodeIgniter\Database\MySQLi\Connection->execute('SELECT `announc...')
#2 C:\xampp\htdocs\system\system\Database\BaseConnection.php(646): CodeIgniter\Database\BaseConnection->simpleQuery('SELECT `announc...')
#3 C:\xampp\htdocs\system\system\Database\BaseBuilder.php(1649): CodeIgniter\Database\BaseConnection->query('SELECT `announc...', Array, false)
#4 C:\xampp\htdocs\system\app\Controllers\Student.php(21): CodeIgniter\Database\BaseBuilder->get()
#5 C:\xampp\htdocs\system\system\CodeIgniter.php(933): App\Controllers\Student->index()
#6 C:\xampp\htdocs\system\system\CodeIgniter.php(507): CodeIgniter\CodeIgniter->runController(Object(App\Controllers\Student))
#7 C:\xampp\htdocs\system\system\CodeIgniter.php(354): CodeIgniter\CodeIgniter->handleRequest(NULL, Object(Config\Cache), false)
#8 C:\xampp\htdocs\system\system\Boot.php(363): CodeIgniter\CodeIgniter->run()
#9 C:\xampp\htdocs\system\system\Boot.php(68): CodeIgniter\Boot::runCodeIgniter(Object(CodeIgniter\CodeIgniter))
#10 C:\xampp\htdocs\system\public\index.php(59): CodeIgniter\Boot::bootWeb(Object(Config\Paths))
#11 {main}
CRITICAL - 2026-03-08 14:48:12 --> CodeIgniter\Database\Exceptions\DatabaseException: Unknown column 'announcements.user_id' in 'on clause'
[Method: GET, Route: student/dashboard]
in SYSTEMPATH\Database\BaseConnection.php on line 684.
 1 SYSTEMPATH\Database\BaseBuilder.php(1649): CodeIgniter\Database\BaseConnection->query('SELECT `announcements`.`id`, `announcements`.`message`, `announcements`.`image_path`, `announcements`.`created_at`, `users`.`full_name` as `admin_name`, `users`.`profile_pic` as `admin_pic`
FROM `announcements`
LEFT JOIN `users` ON `users`.`id` = `announcements`.`user_id`
ORDER BY `announcements`.`created_at` DESC', [], false)
 2 APPPATH\Controllers\Student.php(21): CodeIgniter\Database\BaseBuilder->get()
 3 SYSTEMPATH\CodeIgniter.php(933): App\Controllers\Student->index()
 4 SYSTEMPATH\CodeIgniter.php(507): CodeIgniter\CodeIgniter->runController(Object(App\Controllers\Student))
 5 SYSTEMPATH\CodeIgniter.php(354): CodeIgniter\CodeIgniter->handleRequest(null, Object(Config\Cache), false)
 6 SYSTEMPATH\Boot.php(363): CodeIgniter\CodeIgniter->run()
 7 SYSTEMPATH\Boot.php(68): CodeIgniter\Boot::runCodeIgniter(Object(CodeIgniter\CodeIgniter))
 8 FCPATH\index.php(59): CodeIgniter\Boot::bootWeb(Object(Config\Paths))
CRITICAL - 2026-03-08 14:48:12 --> [Caused by] CodeIgniter\Database\Exceptions\DatabaseException: Unknown column 'announcements.user_id' in 'on clause'
in SYSTEMPATH\Database\MySQLi\Connection.php on line 332.
 1 SYSTEMPATH\Database\BaseConnection.php(729): CodeIgniter\Database\MySQLi\Connection->execute('SELECT `announcements`.`id`, `announcements`.`message`, `announcements`.`image_path`, `announcements`.`created_at`, `users`.`full_name` as `admin_name`, `users`.`profile_pic` as `admin_pic`
FROM `announcements`
LEFT JOIN `users` ON `users`.`id` = `announcements`.`user_id`
ORDER BY `announcements`.`created_at` DESC')
 2 SYSTEMPATH\Database\BaseConnection.php(646): CodeIgniter\Database\BaseConnection->simpleQuery('SELECT `announcements`.`id`, `announcements`.`message`, `announcements`.`image_path`, `announcements`.`created_at`, `users`.`full_name` as `admin_name`, `users`.`profile_pic` as `admin_pic`
FROM `announcements`
LEFT JOIN `users` ON `users`.`id` = `announcements`.`user_id`
ORDER BY `announcements`.`created_at` DESC')
 3 SYSTEMPATH\Database\BaseBuilder.php(1649): CodeIgniter\Database\BaseConnection->query('SELECT `announcements`.`id`, `announcements`.`message`, `announcements`.`image_path`, `announcements`.`created_at`, `users`.`full_name` as `admin_name`, `users`.`profile_pic` as `admin_pic`
FROM `announcements`
LEFT JOIN `users` ON `users`.`id` = `announcements`.`user_id`
ORDER BY `announcements`.`created_at` DESC', [], false)
 4 APPPATH\Controllers\Student.php(21): CodeIgniter\Database\BaseBuilder->get()
 5 SYSTEMPATH\CodeIgniter.php(933): App\Controllers\Student->index()
 6 SYSTEMPATH\CodeIgniter.php(507): CodeIgniter\CodeIgniter->runController(Object(App\Controllers\Student))
 7 SYSTEMPATH\CodeIgniter.php(354): CodeIgniter\CodeIgniter->handleRequest(null, Object(Config\Cache), false)
 8 SYSTEMPATH\Boot.php(363): CodeIgniter\CodeIgniter->run()
 9 SYSTEMPATH\Boot.php(68): CodeIgniter\Boot::runCodeIgniter(Object(CodeIgniter\CodeIgniter))
10 FCPATH\index.php(59): CodeIgniter\Boot::bootWeb(Object(Config\Paths))
CRITICAL - 2026-03-08 14:48:12 --> [Caused by] mysqli_sql_exception: Unknown column 'announcements.user_id' in 'on clause'
in SYSTEMPATH\Database\MySQLi\Connection.php on line 327.
 1 SYSTEMPATH\Database\MySQLi\Connection.php(327): mysqli->query('SELECT `announcements`.`id`, `announcements`.`message`, `announcements`.`image_path`, `announcements`.`created_at`, `users`.`full_name` as `admin_name`, `users`.`profile_pic` as `admin_pic`
FROM `announcements`
LEFT JOIN `users` ON `users`.`id` = `announcements`.`user_id`
ORDER BY `announcements`.`created_at` DESC', 0)
 2 SYSTEMPATH\Database\BaseConnection.php(729): CodeIgniter\Database\MySQLi\Connection->execute('SELECT `announcements`.`id`, `announcements`.`message`, `announcements`.`image_path`, `announcements`.`created_at`, `users`.`full_name` as `admin_name`, `users`.`profile_pic` as `admin_pic`
FROM `announcements`
LEFT JOIN `users` ON `users`.`id` = `announcements`.`user_id`
ORDER BY `announcements`.`created_at` DESC')
 3 SYSTEMPATH\Database\BaseConnection.php(646): CodeIgniter\Database\BaseConnection->simpleQuery('SELECT `announcements`.`id`, `announcements`.`message`, `announcements`.`image_path`, `announcements`.`created_at`, `users`.`full_name` as `admin_name`, `users`.`profile_pic` as `admin_pic`
FROM `announcements`
LEFT JOIN `users` ON `users`.`id` = `announcements`.`user_id`
ORDER BY `announcements`.`created_at` DESC')
 4 SYSTEMPATH\Database\BaseBuilder.php(1649): CodeIgniter\Database\BaseConnection->query('SELECT `announcements`.`id`, `announcements`.`message`, `announcements`.`image_path`, `announcements`.`created_at`, `users`.`full_name` as `admin_name`, `users`.`profile_pic` as `admin_pic`
FROM `announcements`
LEFT JOIN `users` ON `users`.`id` = `announcements`.`user_id`
ORDER BY `announcements`.`created_at` DESC', [], false)
 5 APPPATH\Controllers\Student.php(21): CodeIgniter\Database\BaseBuilder->get()
 6 SYSTEMPATH\CodeIgniter.php(933): App\Controllers\Student->index()
 7 SYSTEMPATH\CodeIgniter.php(507): CodeIgniter\CodeIgniter->runController(Object(App\Controllers\Student))
 8 SYSTEMPATH\CodeIgniter.php(354): CodeIgniter\CodeIgniter->handleRequest(null, Object(Config\Cache), false)
 9 SYSTEMPATH\Boot.php(363): CodeIgniter\CodeIgniter->run()
10 SYSTEMPATH\Boot.php(68): CodeIgniter\Boot::runCodeIgniter(Object(CodeIgniter\CodeIgniter))
11 FCPATH\index.php(59): CodeIgniter\Boot::bootWeb(Object(Config\Paths))
ERROR - 2026-03-08 14:48:13 --> mysqli_sql_exception: Unknown column 'announcements.user_id' in 'on clause' in C:\xampp\htdocs\system\system\Database\MySQLi\Connection.php:327
Stack trace:
#0 C:\xampp\htdocs\system\system\Database\MySQLi\Connection.php(327): mysqli->query('SELECT `announc...', 0)
#1 C:\xampp\htdocs\system\system\Database\BaseConnection.php(729): CodeIgniter\Database\MySQLi\Connection->execute('SELECT `announc...')
#2 C:\xampp\htdocs\system\system\Database\BaseConnection.php(646): CodeIgniter\Database\BaseConnection->simpleQuery('SELECT `announc...')
#3 C:\xampp\htdocs\system\system\Database\BaseBuilder.php(1649): CodeIgniter\Database\BaseConnection->query('SELECT `announc...', Array, false)
#4 C:\xampp\htdocs\system\app\Controllers\Student.php(21): CodeIgniter\Database\BaseBuilder->get()
#5 C:\xampp\htdocs\system\system\CodeIgniter.php(933): App\Controllers\Student->index()
#6 C:\xampp\htdocs\system\system\CodeIgniter.php(507): CodeIgniter\CodeIgniter->runController(Object(App\Controllers\Student))
#7 C:\xampp\htdocs\system\system\CodeIgniter.php(354): CodeIgniter\CodeIgniter->handleRequest(NULL, Object(Config\Cache), false)
#8 C:\xampp\htdocs\system\system\Boot.php(363): CodeIgniter\CodeIgniter->run()
#9 C:\xampp\htdocs\system\system\Boot.php(68): CodeIgniter\Boot::runCodeIgniter(Object(CodeIgniter\CodeIgniter))
#10 C:\xampp\htdocs\system\public\index.php(59): CodeIgniter\Boot::bootWeb(Object(Config\Paths))
#11 {main}
CRITICAL - 2026-03-08 14:48:13 --> CodeIgniter\Database\Exceptions\DatabaseException: Unknown column 'announcements.user_id' in 'on clause'
[Method: GET, Route: student/dashboard]
in SYSTEMPATH\Database\BaseConnection.php on line 684.
 1 SYSTEMPATH\Database\BaseBuilder.php(1649): CodeIgniter\Database\BaseConnection->query('SELECT `announcements`.`id`, `announcements`.`message`, `announcements`.`image_path`, `announcements`.`created_at`, `users`.`full_name` as `admin_name`, `users`.`profile_pic` as `admin_pic`
FROM `announcements`
LEFT JOIN `users` ON `users`.`id` = `announcements`.`user_id`
ORDER BY `announcements`.`created_at` DESC', [], false)
 2 APPPATH\Controllers\Student.php(21): CodeIgniter\Database\BaseBuilder->get()
 3 SYSTEMPATH\CodeIgniter.php(933): App\Controllers\Student->index()
 4 SYSTEMPATH\CodeIgniter.php(507): CodeIgniter\CodeIgniter->runController(Object(App\Controllers\Student))
 5 SYSTEMPATH\CodeIgniter.php(354): CodeIgniter\CodeIgniter->handleRequest(null, Object(Config\Cache), false)
 6 SYSTEMPATH\Boot.php(363): CodeIgniter\CodeIgniter->run()
 7 SYSTEMPATH\Boot.php(68): CodeIgniter\Boot::runCodeIgniter(Object(CodeIgniter\CodeIgniter))
 8 FCPATH\index.php(59): CodeIgniter\Boot::bootWeb(Object(Config\Paths))
CRITICAL - 2026-03-08 14:48:13 --> [Caused by] CodeIgniter\Database\Exceptions\DatabaseException: Unknown column 'announcements.user_id' in 'on clause'
in SYSTEMPATH\Database\MySQLi\Connection.php on line 332.
 1 SYSTEMPATH\Database\BaseConnection.php(729): CodeIgniter\Database\MySQLi\Connection->execute('SELECT `announcements`.`id`, `announcements`.`message`, `announcements`.`image_path`, `announcements`.`created_at`, `users`.`full_name` as `admin_name`, `users`.`profile_pic` as `admin_pic`
FROM `announcements`
LEFT JOIN `users` ON `users`.`id` = `announcements`.`user_id`
ORDER BY `announcements`.`created_at` DESC')
 2 SYSTEMPATH\Database\BaseConnection.php(646): CodeIgniter\Database\BaseConnection->simpleQuery('SELECT `announcements`.`id`, `announcements`.`message`, `announcements`.`image_path`, `announcements`.`created_at`, `users`.`full_name` as `admin_name`, `users`.`profile_pic` as `admin_pic`
FROM `announcements`
LEFT JOIN `users` ON `users`.`id` = `announcements`.`user_id`
ORDER BY `announcements`.`created_at` DESC')
 3 SYSTEMPATH\Database\BaseBuilder.php(1649): CodeIgniter\Database\BaseConnection->query('SELECT `announcements`.`id`, `announcements`.`message`, `announcements`.`image_path`, `announcements`.`created_at`, `users`.`full_name` as `admin_name`, `users`.`profile_pic` as `admin_pic`
FROM `announcements`
LEFT JOIN `users` ON `users`.`id` = `announcements`.`user_id`
ORDER BY `announcements`.`created_at` DESC', [], false)
 4 APPPATH\Controllers\Student.php(21): CodeIgniter\Database\BaseBuilder->get()
 5 SYSTEMPATH\CodeIgniter.php(933): App\Controllers\Student->index()
 6 SYSTEMPATH\CodeIgniter.php(507): CodeIgniter\CodeIgniter->runController(Object(App\Controllers\Student))
 7 SYSTEMPATH\CodeIgniter.php(354): CodeIgniter\CodeIgniter->handleRequest(null, Object(Config\Cache), false)
 8 SYSTEMPATH\Boot.php(363): CodeIgniter\CodeIgniter->run()
 9 SYSTEMPATH\Boot.php(68): CodeIgniter\Boot::runCodeIgniter(Object(CodeIgniter\CodeIgniter))
10 FCPATH\index.php(59): CodeIgniter\Boot::bootWeb(Object(Config\Paths))
CRITICAL - 2026-03-08 14:48:13 --> [Caused by] mysqli_sql_exception: Unknown column 'announcements.user_id' in 'on clause'
in SYSTEMPATH\Database\MySQLi\Connection.php on line 327.
 1 SYSTEMPATH\Database\MySQLi\Connection.php(327): mysqli->query('SELECT `announcements`.`id`, `announcements`.`message`, `announcements`.`image_path`, `announcements`.`created_at`, `users`.`full_name` as `admin_name`, `users`.`profile_pic` as `admin_pic`
FROM `announcements`
LEFT JOIN `users` ON `users`.`id` = `announcements`.`user_id`
ORDER BY `announcements`.`created_at` DESC', 0)
 2 SYSTEMPATH\Database\BaseConnection.php(729): CodeIgniter\Database\MySQLi\Connection->execute('SELECT `announcements`.`id`, `announcements`.`message`, `announcements`.`image_path`, `announcements`.`created_at`, `users`.`full_name` as `admin_name`, `users`.`profile_pic` as `admin_pic`
FROM `announcements`
LEFT JOIN `users` ON `users`.`id` = `announcements`.`user_id`
ORDER BY `announcements`.`created_at` DESC')
 3 SYSTEMPATH\Database\BaseConnection.php(646): CodeIgniter\Database\BaseConnection->simpleQuery('SELECT `announcements`.`id`, `announcements`.`message`, `announcements`.`image_path`, `announcements`.`created_at`, `users`.`full_name` as `admin_name`, `users`.`profile_pic` as `admin_pic`
FROM `announcements`
LEFT JOIN `users` ON `users`.`id` = `announcements`.`user_id`
ORDER BY `announcements`.`created_at` DESC')
 4 SYSTEMPATH\Database\BaseBuilder.php(1649): CodeIgniter\Database\BaseConnection->query('SELECT `announcements`.`id`, `announcements`.`message`, `announcements`.`image_path`, `announcements`.`created_at`, `users`.`full_name` as `admin_name`, `users`.`profile_pic` as `admin_pic`
FROM `announcements`
LEFT JOIN `users` ON `users`.`id` = `announcements`.`user_id`
ORDER BY `announcements`.`created_at` DESC', [], false)
 5 APPPATH\Controllers\Student.php(21): CodeIgniter\Database\BaseBuilder->get()
 6 SYSTEMPATH\CodeIgniter.php(933): App\Controllers\Student->index()
 7 SYSTEMPATH\CodeIgniter.php(507): CodeIgniter\CodeIgniter->runController(Object(App\Controllers\Student))
 8 SYSTEMPATH\CodeIgniter.php(354): CodeIgniter\CodeIgniter->handleRequest(null, Object(Config\Cache), false)
 9 SYSTEMPATH\Boot.php(363): CodeIgniter\CodeIgniter->run()
10 SYSTEMPATH\Boot.php(68): CodeIgniter\Boot::runCodeIgniter(Object(CodeIgniter\CodeIgniter))
11 FCPATH\index.php(59): CodeIgniter\Boot::bootWeb(Object(Config\Paths))
ERROR - 2026-03-08 14:48:13 --> mysqli_sql_exception: Unknown column 'announcements.user_id' in 'on clause' in C:\xampp\htdocs\system\system\Database\MySQLi\Connection.php:327
Stack trace:
#0 C:\xampp\htdocs\system\system\Database\MySQLi\Connection.php(327): mysqli->query('SELECT `announc...', 0)
#1 C:\xampp\htdocs\system\system\Database\BaseConnection.php(729): CodeIgniter\Database\MySQLi\Connection->execute('SELECT `announc...')
#2 C:\xampp\htdocs\system\system\Database\BaseConnection.php(646): CodeIgniter\Database\BaseConnection->simpleQuery('SELECT `announc...')
#3 C:\xampp\htdocs\system\system\Database\BaseBuilder.php(1649): CodeIgniter\Database\BaseConnection->query('SELECT `announc...', Array, false)
#4 C:\xampp\htdocs\system\app\Controllers\Student.php(21): CodeIgniter\Database\BaseBuilder->get()
#5 C:\xampp\htdocs\system\system\CodeIgniter.php(933): App\Controllers\Student->index()
#6 C:\xampp\htdocs\system\system\CodeIgniter.php(507): CodeIgniter\CodeIgniter->runController(Object(App\Controllers\Student))
#7 C:\xampp\htdocs\system\system\CodeIgniter.php(354): CodeIgniter\CodeIgniter->handleRequest(NULL, Object(Config\Cache), false)
#8 C:\xampp\htdocs\system\system\Boot.php(363): CodeIgniter\CodeIgniter->run()
#9 C:\xampp\htdocs\system\system\Boot.php(68): CodeIgniter\Boot::runCodeIgniter(Object(CodeIgniter\CodeIgniter))
#10 C:\xampp\htdocs\system\public\index.php(59): CodeIgniter\Boot::bootWeb(Object(Config\Paths))
#11 {main}
CRITICAL - 2026-03-08 14:48:13 --> CodeIgniter\Database\Exceptions\DatabaseException: Unknown column 'announcements.user_id' in 'on clause'
[Method: GET, Route: student/dashboard]
in SYSTEMPATH\Database\BaseConnection.php on line 684.
 1 SYSTEMPATH\Database\BaseBuilder.php(1649): CodeIgniter\Database\BaseConnection->query('SELECT `announcements`.`id`, `announcements`.`message`, `announcements`.`image_path`, `announcements`.`created_at`, `users`.`full_name` as `admin_name`, `users`.`profile_pic` as `admin_pic`
FROM `announcements`
LEFT JOIN `users` ON `users`.`id` = `announcements`.`user_id`
ORDER BY `announcements`.`created_at` DESC', [], false)
 2 APPPATH\Controllers\Student.php(21): CodeIgniter\Database\BaseBuilder->get()
 3 SYSTEMPATH\CodeIgniter.php(933): App\Controllers\Student->index()
 4 SYSTEMPATH\CodeIgniter.php(507): CodeIgniter\CodeIgniter->runController(Object(App\Controllers\Student))
 5 SYSTEMPATH\CodeIgniter.php(354): CodeIgniter\CodeIgniter->handleRequest(null, Object(Config\Cache), false)
 6 SYSTEMPATH\Boot.php(363): CodeIgniter\CodeIgniter->run()
 7 SYSTEMPATH\Boot.php(68): CodeIgniter\Boot::runCodeIgniter(Object(CodeIgniter\CodeIgniter))
 8 FCPATH\index.php(59): CodeIgniter\Boot::bootWeb(Object(Config\Paths))
CRITICAL - 2026-03-08 14:48:13 --> [Caused by] CodeIgniter\Database\Exceptions\DatabaseException: Unknown column 'announcements.user_id' in 'on clause'
in SYSTEMPATH\Database\MySQLi\Connection.php on line 332.
 1 SYSTEMPATH\Database\BaseConnection.php(729): CodeIgniter\Database\MySQLi\Connection->execute('SELECT `announcements`.`id`, `announcements`.`message`, `announcements`.`image_path`, `announcements`.`created_at`, `users`.`full_name` as `admin_name`, `users`.`profile_pic` as `admin_pic`
FROM `announcements`
LEFT JOIN `users` ON `users`.`id` = `announcements`.`user_id`
ORDER BY `announcements`.`created_at` DESC')
 2 SYSTEMPATH\Database\BaseConnection.php(646): CodeIgniter\Database\BaseConnection->simpleQuery('SELECT `announcements`.`id`, `announcements`.`message`, `announcements`.`image_path`, `announcements`.`created_at`, `users`.`full_name` as `admin_name`, `users`.`profile_pic` as `admin_pic`
FROM `announcements`
LEFT JOIN `users` ON `users`.`id` = `announcements`.`user_id`
ORDER BY `announcements`.`created_at` DESC')
 3 SYSTEMPATH\Database\BaseBuilder.php(1649): CodeIgniter\Database\BaseConnection->query('SELECT `announcements`.`id`, `announcements`.`message`, `announcements`.`image_path`, `announcements`.`created_at`, `users`.`full_name` as `admin_name`, `users`.`profile_pic` as `admin_pic`
FROM `announcements`
LEFT JOIN `users` ON `users`.`id` = `announcements`.`user_id`
ORDER BY `announcements`.`created_at` DESC', [], false)
 4 APPPATH\Controllers\Student.php(21): CodeIgniter\Database\BaseBuilder->get()
 5 SYSTEMPATH\CodeIgniter.php(933): App\Controllers\Student->index()
 6 SYSTEMPATH\CodeIgniter.php(507): CodeIgniter\CodeIgniter->runController(Object(App\Controllers\Student))
 7 SYSTEMPATH\CodeIgniter.php(354): CodeIgniter\CodeIgniter->handleRequest(null, Object(Config\Cache), false)
 8 SYSTEMPATH\Boot.php(363): CodeIgniter\CodeIgniter->run()
 9 SYSTEMPATH\Boot.php(68): CodeIgniter\Boot::runCodeIgniter(Object(CodeIgniter\CodeIgniter))
10 FCPATH\index.php(59): CodeIgniter\Boot::bootWeb(Object(Config\Paths))
CRITICAL - 2026-03-08 14:48:13 --> [Caused by] mysqli_sql_exception: Unknown column 'announcements.user_id' in 'on clause'
in SYSTEMPATH\Database\MySQLi\Connection.php on line 327.
 1 SYSTEMPATH\Database\MySQLi\Connection.php(327): mysqli->query('SELECT `announcements`.`id`, `announcements`.`message`, `announcements`.`image_path`, `announcements`.`created_at`, `users`.`full_name` as `admin_name`, `users`.`profile_pic` as `admin_pic`
FROM `announcements`
LEFT JOIN `users` ON `users`.`id` = `announcements`.`user_id`
ORDER BY `announcements`.`created_at` DESC', 0)
 2 SYSTEMPATH\Database\BaseConnection.php(729): CodeIgniter\Database\MySQLi\Connection->execute('SELECT `announcements`.`id`, `announcements`.`message`, `announcements`.`image_path`, `announcements`.`created_at`, `users`.`full_name` as `admin_name`, `users`.`profile_pic` as `admin_pic`
FROM `announcements`
LEFT JOIN `users` ON `users`.`id` = `announcements`.`user_id`
ORDER BY `announcements`.`created_at` DESC')
 3 SYSTEMPATH\Database\BaseConnection.php(646): CodeIgniter\Database\BaseConnection->simpleQuery('SELECT `announcements`.`id`, `announcements`.`message`, `announcements`.`image_path`, `announcements`.`created_at`, `users`.`full_name` as `admin_name`, `users`.`profile_pic` as `admin_pic`
FROM `announcements`
LEFT JOIN `users` ON `users`.`id` = `announcements`.`user_id`
ORDER BY `announcements`.`created_at` DESC')
 4 SYSTEMPATH\Database\BaseBuilder.php(1649): CodeIgniter\Database\BaseConnection->query('SELECT `announcements`.`id`, `announcements`.`message`, `announcements`.`image_path`, `announcements`.`created_at`, `users`.`full_name` as `admin_name`, `users`.`profile_pic` as `admin_pic`
FROM `announcements`
LEFT JOIN `users` ON `users`.`id` = `announcements`.`user_id`
ORDER BY `announcements`.`created_at` DESC', [], false)
 5 APPPATH\Controllers\Student.php(21): CodeIgniter\Database\BaseBuilder->get()
 6 SYSTEMPATH\CodeIgniter.php(933): App\Controllers\Student->index()
 7 SYSTEMPATH\CodeIgniter.php(507): CodeIgniter\CodeIgniter->runController(Object(App\Controllers\Student))
 8 SYSTEMPATH\CodeIgniter.php(354): CodeIgniter\CodeIgniter->handleRequest(null, Object(Config\Cache), false)
 9 SYSTEMPATH\Boot.php(363): CodeIgniter\CodeIgniter->run()
10 SYSTEMPATH\Boot.php(68): CodeIgniter\Boot::runCodeIgniter(Object(CodeIgniter\CodeIgniter))
11 FCPATH\index.php(59): CodeIgniter\Boot::bootWeb(Object(Config\Paths))
ERROR - 2026-03-08 14:48:13 --> mysqli_sql_exception: Unknown column 'announcements.user_id' in 'on clause' in C:\xampp\htdocs\system\system\Database\MySQLi\Connection.php:327
Stack trace:
#0 C:\xampp\htdocs\system\system\Database\MySQLi\Connection.php(327): mysqli->query('SELECT `announc...', 0)
#1 C:\xampp\htdocs\system\system\Database\BaseConnection.php(729): CodeIgniter\Database\MySQLi\Connection->execute('SELECT `announc...')
#2 C:\xampp\htdocs\system\system\Database\BaseConnection.php(646): CodeIgniter\Database\BaseConnection->simpleQuery('SELECT `announc...')
#3 C:\xampp\htdocs\system\system\Database\BaseBuilder.php(1649): CodeIgniter\Database\BaseConnection->query('SELECT `announc...', Array, false)
#4 C:\xampp\htdocs\system\app\Controllers\Student.php(21): CodeIgniter\Database\BaseBuilder->get()
#5 C:\xampp\htdocs\system\system\CodeIgniter.php(933): App\Controllers\Student->index()
#6 C:\xampp\htdocs\system\system\CodeIgniter.php(507): CodeIgniter\CodeIgniter->runController(Object(App\Controllers\Student))
#7 C:\xampp\htdocs\system\system\CodeIgniter.php(354): CodeIgniter\CodeIgniter->handleRequest(NULL, Object(Config\Cache), false)
#8 C:\xampp\htdocs\system\system\Boot.php(363): CodeIgniter\CodeIgniter->run()
#9 C:\xampp\htdocs\system\system\Boot.php(68): CodeIgniter\Boot::runCodeIgniter(Object(CodeIgniter\CodeIgniter))
#10 C:\xampp\htdocs\system\public\index.php(59): CodeIgniter\Boot::bootWeb(Object(Config\Paths))
#11 {main}
CRITICAL - 2026-03-08 14:48:13 --> CodeIgniter\Database\Exceptions\DatabaseException: Unknown column 'announcements.user_id' in 'on clause'
[Method: GET, Route: student/dashboard]
in SYSTEMPATH\Database\BaseConnection.php on line 684.
 1 SYSTEMPATH\Database\BaseBuilder.php(1649): CodeIgniter\Database\BaseConnection->query('SELECT `announcements`.`id`, `announcements`.`message`, `announcements`.`image_path`, `announcements`.`created_at`, `users`.`full_name` as `admin_name`, `users`.`profile_pic` as `admin_pic`
FROM `announcements`
LEFT JOIN `users` ON `users`.`id` = `announcements`.`user_id`
ORDER BY `announcements`.`created_at` DESC', [], false)
 2 APPPATH\Controllers\Student.php(21): CodeIgniter\Database\BaseBuilder->get()
 3 SYSTEMPATH\CodeIgniter.php(933): App\Controllers\Student->index()
 4 SYSTEMPATH\CodeIgniter.php(507): CodeIgniter\CodeIgniter->runController(Object(App\Controllers\Student))
 5 SYSTEMPATH\CodeIgniter.php(354): CodeIgniter\CodeIgniter->handleRequest(null, Object(Config\Cache), false)
 6 SYSTEMPATH\Boot.php(363): CodeIgniter\CodeIgniter->run()
 7 SYSTEMPATH\Boot.php(68): CodeIgniter\Boot::runCodeIgniter(Object(CodeIgniter\CodeIgniter))
 8 FCPATH\index.php(59): CodeIgniter\Boot::bootWeb(Object(Config\Paths))
CRITICAL - 2026-03-08 14:48:13 --> [Caused by] CodeIgniter\Database\Exceptions\DatabaseException: Unknown column 'announcements.user_id' in 'on clause'
in SYSTEMPATH\Database\MySQLi\Connection.php on line 332.
 1 SYSTEMPATH\Database\BaseConnection.php(729): CodeIgniter\Database\MySQLi\Connection->execute('SELECT `announcements`.`id`, `announcements`.`message`, `announcements`.`image_path`, `announcements`.`created_at`, `users`.`full_name` as `admin_name`, `users`.`profile_pic` as `admin_pic`
FROM `announcements`
LEFT JOIN `users` ON `users`.`id` = `announcements`.`user_id`
ORDER BY `announcements`.`created_at` DESC')
 2 SYSTEMPATH\Database\BaseConnection.php(646): CodeIgniter\Database\BaseConnection->simpleQuery('SELECT `announcements`.`id`, `announcements`.`message`, `announcements`.`image_path`, `announcements`.`created_at`, `users`.`full_name` as `admin_name`, `users`.`profile_pic` as `admin_pic`
FROM `announcements`
LEFT JOIN `users` ON `users`.`id` = `announcements`.`user_id`
ORDER BY `announcements`.`created_at` DESC')
 3 SYSTEMPATH\Database\BaseBuilder.php(1649): CodeIgniter\Database\BaseConnection->query('SELECT `announcements`.`id`, `announcements`.`message`, `announcements`.`image_path`, `announcements`.`created_at`, `users`.`full_name` as `admin_name`, `users`.`profile_pic` as `admin_pic`
FROM `announcements`
LEFT JOIN `users` ON `users`.`id` = `announcements`.`user_id`
ORDER BY `announcements`.`created_at` DESC', [], false)
 4 APPPATH\Controllers\Student.php(21): CodeIgniter\Database\BaseBuilder->get()
 5 SYSTEMPATH\CodeIgniter.php(933): App\Controllers\Student->index()
 6 SYSTEMPATH\CodeIgniter.php(507): CodeIgniter\CodeIgniter->runController(Object(App\Controllers\Student))
 7 SYSTEMPATH\CodeIgniter.php(354): CodeIgniter\CodeIgniter->handleRequest(null, Object(Config\Cache), false)
 8 SYSTEMPATH\Boot.php(363): CodeIgniter\CodeIgniter->run()
 9 SYSTEMPATH\Boot.php(68): CodeIgniter\Boot::runCodeIgniter(Object(CodeIgniter\CodeIgniter))
10 FCPATH\index.php(59): CodeIgniter\Boot::bootWeb(Object(Config\Paths))
CRITICAL - 2026-03-08 14:48:13 --> [Caused by] mysqli_sql_exception: Unknown column 'announcements.user_id' in 'on clause'
in SYSTEMPATH\Database\MySQLi\Connection.php on line 327.
 1 SYSTEMPATH\Database\MySQLi\Connection.php(327): mysqli->query('SELECT `announcements`.`id`, `announcements`.`message`, `announcements`.`image_path`, `announcements`.`created_at`, `users`.`full_name` as `admin_name`, `users`.`profile_pic` as `admin_pic`
FROM `announcements`
LEFT JOIN `users` ON `users`.`id` = `announcements`.`user_id`
ORDER BY `announcements`.`created_at` DESC', 0)
 2 SYSTEMPATH\Database\BaseConnection.php(729): CodeIgniter\Database\MySQLi\Connection->execute('SELECT `announcements`.`id`, `announcements`.`message`, `announcements`.`image_path`, `announcements`.`created_at`, `users`.`full_name` as `admin_name`, `users`.`profile_pic` as `admin_pic`
FROM `announcements`
LEFT JOIN `users` ON `users`.`id` = `announcements`.`user_id`
ORDER BY `announcements`.`created_at` DESC')
 3 SYSTEMPATH\Database\BaseConnection.php(646): CodeIgniter\Database\BaseConnection->simpleQuery('SELECT `announcements`.`id`, `announcements`.`message`, `announcements`.`image_path`, `announcements`.`created_at`, `users`.`full_name` as `admin_name`, `users`.`profile_pic` as `admin_pic`
FROM `announcements`
LEFT JOIN `users` ON `users`.`id` = `announcements`.`user_id`
ORDER BY `announcements`.`created_at` DESC')
 4 SYSTEMPATH\Database\BaseBuilder.php(1649): CodeIgniter\Database\BaseConnection->query('SELECT `announcements`.`id`, `announcements`.`message`, `announcements`.`image_path`, `announcements`.`created_at`, `users`.`full_name` as `admin_name`, `users`.`profile_pic` as `admin_pic`
FROM `announcements`
LEFT JOIN `users` ON `users`.`id` = `announcements`.`user_id`
ORDER BY `announcements`.`created_at` DESC', [], false)
 5 APPPATH\Controllers\Student.php(21): CodeIgniter\Database\BaseBuilder->get()
 6 SYSTEMPATH\CodeIgniter.php(933): App\Controllers\Student->index()
 7 SYSTEMPATH\CodeIgniter.php(507): CodeIgniter\CodeIgniter->runController(Object(App\Controllers\Student))
 8 SYSTEMPATH\CodeIgniter.php(354): CodeIgniter\CodeIgniter->handleRequest(null, Object(Config\Cache), false)
 9 SYSTEMPATH\Boot.php(363): CodeIgniter\CodeIgniter->run()
10 SYSTEMPATH\Boot.php(68): CodeIgniter\Boot::runCodeIgniter(Object(CodeIgniter\CodeIgniter))
11 FCPATH\index.php(59): CodeIgniter\Boot::bootWeb(Object(Config\Paths))
ERROR - 2026-03-08 14:48:13 --> mysqli_sql_exception: Unknown column 'announcements.user_id' in 'on clause' in C:\xampp\htdocs\system\system\Database\MySQLi\Connection.php:327
Stack trace:
#0 C:\xampp\htdocs\system\system\Database\MySQLi\Connection.php(327): mysqli->query('SELECT `announc...', 0)
#1 C:\xampp\htdocs\system\system\Database\BaseConnection.php(729): CodeIgniter\Database\MySQLi\Connection->execute('SELECT `announc...')
#2 C:\xampp\htdocs\system\system\Database\BaseConnection.php(646): CodeIgniter\Database\BaseConnection->simpleQuery('SELECT `announc...')
#3 C:\xampp\htdocs\system\system\Database\BaseBuilder.php(1649): CodeIgniter\Database\BaseConnection->query('SELECT `announc...', Array, false)
#4 C:\xampp\htdocs\system\app\Controllers\Student.php(21): CodeIgniter\Database\BaseBuilder->get()
#5 C:\xampp\htdocs\system\system\CodeIgniter.php(933): App\Controllers\Student->index()
#6 C:\xampp\htdocs\system\system\CodeIgniter.php(507): CodeIgniter\CodeIgniter->runController(Object(App\Controllers\Student))
#7 C:\xampp\htdocs\system\system\CodeIgniter.php(354): CodeIgniter\CodeIgniter->handleRequest(NULL, Object(Config\Cache), false)
#8 C:\xampp\htdocs\system\system\Boot.php(363): CodeIgniter\CodeIgniter->run()
#9 C:\xampp\htdocs\system\system\Boot.php(68): CodeIgniter\Boot::runCodeIgniter(Object(CodeIgniter\CodeIgniter))
#10 C:\xampp\htdocs\system\public\index.php(59): CodeIgniter\Boot::bootWeb(Object(Config\Paths))
#11 {main}
CRITICAL - 2026-03-08 14:48:13 --> CodeIgniter\Database\Exceptions\DatabaseException: Unknown column 'announcements.user_id' in 'on clause'
[Method: GET, Route: student/dashboard]
in SYSTEMPATH\Database\BaseConnection.php on line 684.
 1 SYSTEMPATH\Database\BaseBuilder.php(1649): CodeIgniter\Database\BaseConnection->query('SELECT `announcements`.`id`, `announcements`.`message`, `announcements`.`image_path`, `announcements`.`created_at`, `users`.`full_name` as `admin_name`, `users`.`profile_pic` as `admin_pic`
FROM `announcements`
LEFT JOIN `users` ON `users`.`id` = `announcements`.`user_id`
ORDER BY `announcements`.`created_at` DESC', [], false)
 2 APPPATH\Controllers\Student.php(21): CodeIgniter\Database\BaseBuilder->get()
 3 SYSTEMPATH\CodeIgniter.php(933): App\Controllers\Student->index()
 4 SYSTEMPATH\CodeIgniter.php(507): CodeIgniter\CodeIgniter->runController(Object(App\Controllers\Student))
 5 SYSTEMPATH\CodeIgniter.php(354): CodeIgniter\CodeIgniter->handleRequest(null, Object(Config\Cache), false)
 6 SYSTEMPATH\Boot.php(363): CodeIgniter\CodeIgniter->run()
 7 SYSTEMPATH\Boot.php(68): CodeIgniter\Boot::runCodeIgniter(Object(CodeIgniter\CodeIgniter))
 8 FCPATH\index.php(59): CodeIgniter\Boot::bootWeb(Object(Config\Paths))
CRITICAL - 2026-03-08 14:48:13 --> [Caused by] CodeIgniter\Database\Exceptions\DatabaseException: Unknown column 'announcements.user_id' in 'on clause'
in SYSTEMPATH\Database\MySQLi\Connection.php on line 332.
 1 SYSTEMPATH\Database\BaseConnection.php(729): CodeIgniter\Database\MySQLi\Connection->execute('SELECT `announcements`.`id`, `announcements`.`message`, `announcements`.`image_path`, `announcements`.`created_at`, `users`.`full_name` as `admin_name`, `users`.`profile_pic` as `admin_pic`
FROM `announcements`
LEFT JOIN `users` ON `users`.`id` = `announcements`.`user_id`
ORDER BY `announcements`.`created_at` DESC')
 2 SYSTEMPATH\Database\BaseConnection.php(646): CodeIgniter\Database\BaseConnection->simpleQuery('SELECT `announcements`.`id`, `announcements`.`message`, `announcements`.`image_path`, `announcements`.`created_at`, `users`.`full_name` as `admin_name`, `users`.`profile_pic` as `admin_pic`
FROM `announcements`
LEFT JOIN `users` ON `users`.`id` = `announcements`.`user_id`
ORDER BY `announcements`.`created_at` DESC')
 3 SYSTEMPATH\Database\BaseBuilder.php(1649): CodeIgniter\Database\BaseConnection->query('SELECT `announcements`.`id`, `announcements`.`message`, `announcements`.`image_path`, `announcements`.`created_at`, `users`.`full_name` as `admin_name`, `users`.`profile_pic` as `admin_pic`
FROM `announcements`
LEFT JOIN `users` ON `users`.`id` = `announcements`.`user_id`
ORDER BY `announcements`.`created_at` DESC', [], false)
 4 APPPATH\Controllers\Student.php(21): CodeIgniter\Database\BaseBuilder->get()
 5 SYSTEMPATH\CodeIgniter.php(933): App\Controllers\Student->index()
 6 SYSTEMPATH\CodeIgniter.php(507): CodeIgniter\CodeIgniter->runController(Object(App\Controllers\Student))
 7 SYSTEMPATH\CodeIgniter.php(354): CodeIgniter\CodeIgniter->handleRequest(null, Object(Config\Cache), false)
 8 SYSTEMPATH\Boot.php(363): CodeIgniter\CodeIgniter->run()
 9 SYSTEMPATH\Boot.php(68): CodeIgniter\Boot::runCodeIgniter(Object(CodeIgniter\CodeIgniter))
10 FCPATH\index.php(59): CodeIgniter\Boot::bootWeb(Object(Config\Paths))
CRITICAL - 2026-03-08 14:48:13 --> [Caused by] mysqli_sql_exception: Unknown column 'announcements.user_id' in 'on clause'
in SYSTEMPATH\Database\MySQLi\Connection.php on line 327.
 1 SYSTEMPATH\Database\MySQLi\Connection.php(327): mysqli->query('SELECT `announcements`.`id`, `announcements`.`message`, `announcements`.`image_path`, `announcements`.`created_at`, `users`.`full_name` as `admin_name`, `users`.`profile_pic` as `admin_pic`
FROM `announcements`
LEFT JOIN `users` ON `users`.`id` = `announcements`.`user_id`
ORDER BY `announcements`.`created_at` DESC', 0)
 2 SYSTEMPATH\Database\BaseConnection.php(729): CodeIgniter\Database\MySQLi\Connection->execute('SELECT `announcements`.`id`, `announcements`.`message`, `announcements`.`image_path`, `announcements`.`created_at`, `users`.`full_name` as `admin_name`, `users`.`profile_pic` as `admin_pic`
FROM `announcements`
LEFT JOIN `users` ON `users`.`id` = `announcements`.`user_id`
ORDER BY `announcements`.`created_at` DESC')
 3 SYSTEMPATH\Database\BaseConnection.php(646): CodeIgniter\Database\BaseConnection->simpleQuery('SELECT `announcements`.`id`, `announcements`.`message`, `announcements`.`image_path`, `announcements`.`created_at`, `users`.`full_name` as `admin_name`, `users`.`profile_pic` as `admin_pic`
FROM `announcements`
LEFT JOIN `users` ON `users`.`id` = `announcements`.`user_id`
ORDER BY `announcements`.`created_at` DESC')
 4 SYSTEMPATH\Database\BaseBuilder.php(1649): CodeIgniter\Database\BaseConnection->query('SELECT `announcements`.`id`, `announcements`.`message`, `announcements`.`image_path`, `announcements`.`created_at`, `users`.`full_name` as `admin_name`, `users`.`profile_pic` as `admin_pic`
FROM `announcements`
LEFT JOIN `users` ON `users`.`id` = `announcements`.`user_id`
ORDER BY `announcements`.`created_at` DESC', [], false)
 5 APPPATH\Controllers\Student.php(21): CodeIgniter\Database\BaseBuilder->get()
 6 SYSTEMPATH\CodeIgniter.php(933): App\Controllers\Student->index()
 7 SYSTEMPATH\CodeIgniter.php(507): CodeIgniter\CodeIgniter->runController(Object(App\Controllers\Student))
 8 SYSTEMPATH\CodeIgniter.php(354): CodeIgniter\CodeIgniter->handleRequest(null, Object(Config\Cache), false)
 9 SYSTEMPATH\Boot.php(363): CodeIgniter\CodeIgniter->run()
10 SYSTEMPATH\Boot.php(68): CodeIgniter\Boot::runCodeIgniter(Object(CodeIgniter\CodeIgniter))
11 FCPATH\index.php(59): CodeIgniter\Boot::bootWeb(Object(Config\Paths))
ERROR - 2026-03-08 15:11:02 --> mysqli_sql_exception: Unknown column 'title' in 'field list' in C:\xampp\htdocs\system\system\Database\MySQLi\Connection.php:327
Stack trace:
#0 C:\xampp\htdocs\system\system\Database\MySQLi\Connection.php(327): mysqli->query('INSERT INTO `an...', 0)
#1 C:\xampp\htdocs\system\system\Database\BaseConnection.php(729): CodeIgniter\Database\MySQLi\Connection->execute('INSERT INTO `an...')
#2 C:\xampp\htdocs\system\system\Database\BaseConnection.php(646): CodeIgniter\Database\BaseConnection->simpleQuery('INSERT INTO `an...')
#3 C:\xampp\htdocs\system\system\Database\BaseBuilder.php(2345): CodeIgniter\Database\BaseConnection->query('INSERT INTO `an...', Array, false)
#4 C:\xampp\htdocs\system\app\Controllers\Admin.php(221): CodeIgniter\Database\BaseBuilder->insert(Array)
#5 C:\xampp\htdocs\system\system\CodeIgniter.php(933): App\Controllers\Admin->save_announcement()
#6 C:\xampp\htdocs\system\system\CodeIgniter.php(507): CodeIgniter\CodeIgniter->runController(Object(App\Controllers\Admin))
#7 C:\xampp\htdocs\system\system\CodeIgniter.php(354): CodeIgniter\CodeIgniter->handleRequest(NULL, Object(Config\Cache), false)
#8 C:\xampp\htdocs\system\system\Boot.php(363): CodeIgniter\CodeIgniter->run()
#9 C:\xampp\htdocs\system\system\Boot.php(68): CodeIgniter\Boot::runCodeIgniter(Object(CodeIgniter\CodeIgniter))
#10 C:\xampp\htdocs\system\public\index.php(59): CodeIgniter\Boot::bootWeb(Object(Config\Paths))
#11 {main}
CRITICAL - 2026-03-08 15:11:02 --> CodeIgniter\Database\Exceptions\DatabaseException: Unknown column 'title' in 'field list'
[Method: POST, Route: admin/save_announcement]
in SYSTEMPATH\Database\BaseConnection.php on line 684.
 1 SYSTEMPATH\Database\BaseBuilder.php(2345): CodeIgniter\Database\BaseConnection->query('INSERT INTO `announcements` (`user_id`, `title`, `content`, `created_at`) VALUES (:user_id:, :title:, :content:, :created_at:)', [...], false)
 2 APPPATH\Controllers\Admin.php(221): CodeIgniter\Database\BaseBuilder->insert([...])
 3 SYSTEMPATH\CodeIgniter.php(933): App\Controllers\Admin->save_announcement()
 4 SYSTEMPATH\CodeIgniter.php(507): CodeIgniter\CodeIgniter->runController(Object(App\Controllers\Admin))
 5 SYSTEMPATH\CodeIgniter.php(354): CodeIgniter\CodeIgniter->handleRequest(null, Object(Config\Cache), false)
 6 SYSTEMPATH\Boot.php(363): CodeIgniter\CodeIgniter->run()
 7 SYSTEMPATH\Boot.php(68): CodeIgniter\Boot::runCodeIgniter(Object(CodeIgniter\CodeIgniter))
 8 FCPATH\index.php(59): CodeIgniter\Boot::bootWeb(Object(Config\Paths))
CRITICAL - 2026-03-08 15:11:02 --> [Caused by] CodeIgniter\Database\Exceptions\DatabaseException: Unknown column 'title' in 'field list'
in SYSTEMPATH\Database\MySQLi\Connection.php on line 332.
 1 SYSTEMPATH\Database\BaseConnection.php(729): CodeIgniter\Database\MySQLi\Connection->execute('INSERT INTO `announcements` (`user_id`, `title`, `content`, `created_at`) VALUES (\'6\', \'sdadasdasdsad\', \'sadasdasdsad\', \'2026-03-08 15:11:02\')')
 2 SYSTEMPATH\Database\BaseConnection.php(646): CodeIgniter\Database\BaseConnection->simpleQuery('INSERT INTO `announcements` (`user_id`, `title`, `content`, `created_at`) VALUES (\'6\', \'sdadasdasdsad\', \'sadasdasdsad\', \'2026-03-08 15:11:02\')')
 3 SYSTEMPATH\Database\BaseBuilder.php(2345): CodeIgniter\Database\BaseConnection->query('INSERT INTO `announcements` (`user_id`, `title`, `content`, `created_at`) VALUES (:user_id:, :title:, :content:, :created_at:)', [...], false)
 4 APPPATH\Controllers\Admin.php(221): CodeIgniter\Database\BaseBuilder->insert([...])
 5 SYSTEMPATH\CodeIgniter.php(933): App\Controllers\Admin->save_announcement()
 6 SYSTEMPATH\CodeIgniter.php(507): CodeIgniter\CodeIgniter->runController(Object(App\Controllers\Admin))
 7 SYSTEMPATH\CodeIgniter.php(354): CodeIgniter\CodeIgniter->handleRequest(null, Object(Config\Cache), false)
 8 SYSTEMPATH\Boot.php(363): CodeIgniter\CodeIgniter->run()
 9 SYSTEMPATH\Boot.php(68): CodeIgniter\Boot::runCodeIgniter(Object(CodeIgniter\CodeIgniter))
10 FCPATH\index.php(59): CodeIgniter\Boot::bootWeb(Object(Config\Paths))
CRITICAL - 2026-03-08 15:11:02 --> [Caused by] mysqli_sql_exception: Unknown column 'title' in 'field list'
in SYSTEMPATH\Database\MySQLi\Connection.php on line 327.
 1 SYSTEMPATH\Database\MySQLi\Connection.php(327): mysqli->query('INSERT INTO `announcements` (`user_id`, `title`, `content`, `created_at`) VALUES (\'6\', \'sdadasdasdsad\', \'sadasdasdsad\', \'2026-03-08 15:11:02\')', 0)
 2 SYSTEMPATH\Database\BaseConnection.php(729): CodeIgniter\Database\MySQLi\Connection->execute('INSERT INTO `announcements` (`user_id`, `title`, `content`, `created_at`) VALUES (\'6\', \'sdadasdasdsad\', \'sadasdasdsad\', \'2026-03-08 15:11:02\')')
 3 SYSTEMPATH\Database\BaseConnection.php(646): CodeIgniter\Database\BaseConnection->simpleQuery('INSERT INTO `announcements` (`user_id`, `title`, `content`, `created_at`) VALUES (\'6\', \'sdadasdasdsad\', \'sadasdasdsad\', \'2026-03-08 15:11:02\')')
 4 SYSTEMPATH\Database\BaseBuilder.php(2345): CodeIgniter\Database\BaseConnection->query('INSERT INTO `announcements` (`user_id`, `title`, `content`, `created_at`) VALUES (:user_id:, :title:, :content:, :created_at:)', [...], false)
 5 APPPATH\Controllers\Admin.php(221): CodeIgniter\Database\BaseBuilder->insert([...])
 6 SYSTEMPATH\CodeIgniter.php(933): App\Controllers\Admin->save_announcement()
 7 SYSTEMPATH\CodeIgniter.php(507): CodeIgniter\CodeIgniter->runController(Object(App\Controllers\Admin))
 8 SYSTEMPATH\CodeIgniter.php(354): CodeIgniter\CodeIgniter->handleRequest(null, Object(Config\Cache), false)
 9 SYSTEMPATH\Boot.php(363): CodeIgniter\CodeIgniter->run()
10 SYSTEMPATH\Boot.php(68): CodeIgniter\Boot::runCodeIgniter(Object(CodeIgniter\CodeIgniter))
11 FCPATH\index.php(59): CodeIgniter\Boot::bootWeb(Object(Config\Paths))
ERROR - 2026-03-08 15:12:15 --> mysqli_sql_exception: Unknown column 'title' in 'field list' in C:\xampp\htdocs\system\system\Database\MySQLi\Connection.php:327
Stack trace:
#0 C:\xampp\htdocs\system\system\Database\MySQLi\Connection.php(327): mysqli->query('INSERT INTO `an...', 0)
#1 C:\xampp\htdocs\system\system\Database\BaseConnection.php(729): CodeIgniter\Database\MySQLi\Connection->execute('INSERT INTO `an...')
#2 C:\xampp\htdocs\system\system\Database\BaseConnection.php(646): CodeIgniter\Database\BaseConnection->simpleQuery('INSERT INTO `an...')
#3 C:\xampp\htdocs\system\system\Database\BaseBuilder.php(2345): CodeIgniter\Database\BaseConnection->query('INSERT INTO `an...', Array, false)
#4 C:\xampp\htdocs\system\app\Controllers\Admin.php(222): CodeIgniter\Database\BaseBuilder->insert(Array)
#5 C:\xampp\htdocs\system\system\CodeIgniter.php(933): App\Controllers\Admin->save_announcement()
#6 C:\xampp\htdocs\system\system\CodeIgniter.php(507): CodeIgniter\CodeIgniter->runController(Object(App\Controllers\Admin))
#7 C:\xampp\htdocs\system\system\CodeIgniter.php(354): CodeIgniter\CodeIgniter->handleRequest(NULL, Object(Config\Cache), false)
#8 C:\xampp\htdocs\system\system\Boot.php(363): CodeIgniter\CodeIgniter->run()
#9 C:\xampp\htdocs\system\system\Boot.php(68): CodeIgniter\Boot::runCodeIgniter(Object(CodeIgniter\CodeIgniter))
#10 C:\xampp\htdocs\system\public\index.php(59): CodeIgniter\Boot::bootWeb(Object(Config\Paths))
#11 {main}
CRITICAL - 2026-03-08 15:12:15 --> CodeIgniter\Database\Exceptions\DatabaseException: Unknown column 'title' in 'field list'
[Method: POST, Route: admin/save_announcement]
in SYSTEMPATH\Database\BaseConnection.php on line 684.
 1 SYSTEMPATH\Database\BaseBuilder.php(2345): CodeIgniter\Database\BaseConnection->query('INSERT INTO `announcements` (`user_id`, `title`, `content`, `created_at`) VALUES (:user_id:, :title:, :content:, :created_at:)', [...], false)
 2 APPPATH\Controllers\Admin.php(222): CodeIgniter\Database\BaseBuilder->insert([...])
 3 SYSTEMPATH\CodeIgniter.php(933): App\Controllers\Admin->save_announcement()
 4 SYSTEMPATH\CodeIgniter.php(507): CodeIgniter\CodeIgniter->runController(Object(App\Controllers\Admin))
 5 SYSTEMPATH\CodeIgniter.php(354): CodeIgniter\CodeIgniter->handleRequest(null, Object(Config\Cache), false)
 6 SYSTEMPATH\Boot.php(363): CodeIgniter\CodeIgniter->run()
 7 SYSTEMPATH\Boot.php(68): CodeIgniter\Boot::runCodeIgniter(Object(CodeIgniter\CodeIgniter))
 8 FCPATH\index.php(59): CodeIgniter\Boot::bootWeb(Object(Config\Paths))
CRITICAL - 2026-03-08 15:12:15 --> [Caused by] CodeIgniter\Database\Exceptions\DatabaseException: Unknown column 'title' in 'field list'
in SYSTEMPATH\Database\MySQLi\Connection.php on line 332.
 1 SYSTEMPATH\Database\BaseConnection.php(729): CodeIgniter\Database\MySQLi\Connection->execute('INSERT INTO `announcements` (`user_id`, `title`, `content`, `created_at`) VALUES (\'6\', \'sdadasdasdsad\', \'sadasdasdsad\', \'2026-03-08 15:12:15\')')
 2 SYSTEMPATH\Database\BaseConnection.php(646): CodeIgniter\Database\BaseConnection->simpleQuery('INSERT INTO `announcements` (`user_id`, `title`, `content`, `created_at`) VALUES (\'6\', \'sdadasdasdsad\', \'sadasdasdsad\', \'2026-03-08 15:12:15\')')
 3 SYSTEMPATH\Database\BaseBuilder.php(2345): CodeIgniter\Database\BaseConnection->query('INSERT INTO `announcements` (`user_id`, `title`, `content`, `created_at`) VALUES (:user_id:, :title:, :content:, :created_at:)', [...], false)
 4 APPPATH\Controllers\Admin.php(222): CodeIgniter\Database\BaseBuilder->insert([...])
 5 SYSTEMPATH\CodeIgniter.php(933): App\Controllers\Admin->save_announcement()
 6 SYSTEMPATH\CodeIgniter.php(507): CodeIgniter\CodeIgniter->runController(Object(App\Controllers\Admin))
 7 SYSTEMPATH\CodeIgniter.php(354): CodeIgniter\CodeIgniter->handleRequest(null, Object(Config\Cache), false)
 8 SYSTEMPATH\Boot.php(363): CodeIgniter\CodeIgniter->run()
 9 SYSTEMPATH\Boot.php(68): CodeIgniter\Boot::runCodeIgniter(Object(CodeIgniter\CodeIgniter))
10 FCPATH\index.php(59): CodeIgniter\Boot::bootWeb(Object(Config\Paths))
CRITICAL - 2026-03-08 15:12:15 --> [Caused by] mysqli_sql_exception: Unknown column 'title' in 'field list'
in SYSTEMPATH\Database\MySQLi\Connection.php on line 327.
 1 SYSTEMPATH\Database\MySQLi\Connection.php(327): mysqli->query('INSERT INTO `announcements` (`user_id`, `title`, `content`, `created_at`) VALUES (\'6\', \'sdadasdasdsad\', \'sadasdasdsad\', \'2026-03-08 15:12:15\')', 0)
 2 SYSTEMPATH\Database\BaseConnection.php(729): CodeIgniter\Database\MySQLi\Connection->execute('INSERT INTO `announcements` (`user_id`, `title`, `content`, `created_at`) VALUES (\'6\', \'sdadasdasdsad\', \'sadasdasdsad\', \'2026-03-08 15:12:15\')')
 3 SYSTEMPATH\Database\BaseConnection.php(646): CodeIgniter\Database\BaseConnection->simpleQuery('INSERT INTO `announcements` (`user_id`, `title`, `content`, `created_at`) VALUES (\'6\', \'sdadasdasdsad\', \'sadasdasdsad\', \'2026-03-08 15:12:15\')')
 4 SYSTEMPATH\Database\BaseBuilder.php(2345): CodeIgniter\Database\BaseConnection->query('INSERT INTO `announcements` (`user_id`, `title`, `content`, `created_at`) VALUES (:user_id:, :title:, :content:, :created_at:)', [...], false)
 5 APPPATH\Controllers\Admin.php(222): CodeIgniter\Database\BaseBuilder->insert([...])
 6 SYSTEMPATH\CodeIgniter.php(933): App\Controllers\Admin->save_announcement()
 7 SYSTEMPATH\CodeIgniter.php(507): CodeIgniter\CodeIgniter->runController(Object(App\Controllers\Admin))
 8 SYSTEMPATH\CodeIgniter.php(354): CodeIgniter\CodeIgniter->handleRequest(null, Object(Config\Cache), false)
 9 SYSTEMPATH\Boot.php(363): CodeIgniter\CodeIgniter->run()
10 SYSTEMPATH\Boot.php(68): CodeIgniter\Boot::runCodeIgniter(Object(CodeIgniter\CodeIgniter))
11 FCPATH\index.php(59): CodeIgniter\Boot::bootWeb(Object(Config\Paths))
ERROR - 2026-03-08 15:12:18 --> mysqli_sql_exception: Unknown column 'title' in 'field list' in C:\xampp\htdocs\system\system\Database\MySQLi\Connection.php:327
Stack trace:
#0 C:\xampp\htdocs\system\system\Database\MySQLi\Connection.php(327): mysqli->query('INSERT INTO `an...', 0)
#1 C:\xampp\htdocs\system\system\Database\BaseConnection.php(729): CodeIgniter\Database\MySQLi\Connection->execute('INSERT INTO `an...')
#2 C:\xampp\htdocs\system\system\Database\BaseConnection.php(646): CodeIgniter\Database\BaseConnection->simpleQuery('INSERT INTO `an...')
#3 C:\xampp\htdocs\system\system\Database\BaseBuilder.php(2345): CodeIgniter\Database\BaseConnection->query('INSERT INTO `an...', Array, false)
#4 C:\xampp\htdocs\system\app\Controllers\Admin.php(222): CodeIgniter\Database\BaseBuilder->insert(Array)
#5 C:\xampp\htdocs\system\system\CodeIgniter.php(933): App\Controllers\Admin->save_announcement()
#6 C:\xampp\htdocs\system\system\CodeIgniter.php(507): CodeIgniter\CodeIgniter->runController(Object(App\Controllers\Admin))
#7 C:\xampp\htdocs\system\system\CodeIgniter.php(354): CodeIgniter\CodeIgniter->handleRequest(NULL, Object(Config\Cache), false)
#8 C:\xampp\htdocs\system\system\Boot.php(363): CodeIgniter\CodeIgniter->run()
#9 C:\xampp\htdocs\system\system\Boot.php(68): CodeIgniter\Boot::runCodeIgniter(Object(CodeIgniter\CodeIgniter))
#10 C:\xampp\htdocs\system\public\index.php(59): CodeIgniter\Boot::bootWeb(Object(Config\Paths))
#11 {main}
CRITICAL - 2026-03-08 15:12:18 --> CodeIgniter\Database\Exceptions\DatabaseException: Unknown column 'title' in 'field list'
[Method: POST, Route: admin/save_announcement]
in SYSTEMPATH\Database\BaseConnection.php on line 684.
 1 SYSTEMPATH\Database\BaseBuilder.php(2345): CodeIgniter\Database\BaseConnection->query('INSERT INTO `announcements` (`user_id`, `title`, `content`, `created_at`) VALUES (:user_id:, :title:, :content:, :created_at:)', [...], false)
 2 APPPATH\Controllers\Admin.php(222): CodeIgniter\Database\BaseBuilder->insert([...])
 3 SYSTEMPATH\CodeIgniter.php(933): App\Controllers\Admin->save_announcement()
 4 SYSTEMPATH\CodeIgniter.php(507): CodeIgniter\CodeIgniter->runController(Object(App\Controllers\Admin))
 5 SYSTEMPATH\CodeIgniter.php(354): CodeIgniter\CodeIgniter->handleRequest(null, Object(Config\Cache), false)
 6 SYSTEMPATH\Boot.php(363): CodeIgniter\CodeIgniter->run()
 7 SYSTEMPATH\Boot.php(68): CodeIgniter\Boot::runCodeIgniter(Object(CodeIgniter\CodeIgniter))
 8 FCPATH\index.php(59): CodeIgniter\Boot::bootWeb(Object(Config\Paths))
CRITICAL - 2026-03-08 15:12:18 --> [Caused by] CodeIgniter\Database\Exceptions\DatabaseException: Unknown column 'title' in 'field list'
in SYSTEMPATH\Database\MySQLi\Connection.php on line 332.
 1 SYSTEMPATH\Database\BaseConnection.php(729): CodeIgniter\Database\MySQLi\Connection->execute('INSERT INTO `announcements` (`user_id`, `title`, `content`, `created_at`) VALUES (\'6\', \'sdadasdasdsad\', \'sadasdasdsad\', \'2026-03-08 15:12:18\')')
 2 SYSTEMPATH\Database\BaseConnection.php(646): CodeIgniter\Database\BaseConnection->simpleQuery('INSERT INTO `announcements` (`user_id`, `title`, `content`, `created_at`) VALUES (\'6\', \'sdadasdasdsad\', \'sadasdasdsad\', \'2026-03-08 15:12:18\')')
 3 SYSTEMPATH\Database\BaseBuilder.php(2345): CodeIgniter\Database\BaseConnection->query('INSERT INTO `announcements` (`user_id`, `title`, `content`, `created_at`) VALUES (:user_id:, :title:, :content:, :created_at:)', [...], false)
 4 APPPATH\Controllers\Admin.php(222): CodeIgniter\Database\BaseBuilder->insert([...])
 5 SYSTEMPATH\CodeIgniter.php(933): App\Controllers\Admin->save_announcement()
 6 SYSTEMPATH\CodeIgniter.php(507): CodeIgniter\CodeIgniter->runController(Object(App\Controllers\Admin))
 7 SYSTEMPATH\CodeIgniter.php(354): CodeIgniter\CodeIgniter->handleRequest(null, Object(Config\Cache), false)
 8 SYSTEMPATH\Boot.php(363): CodeIgniter\CodeIgniter->run()
 9 SYSTEMPATH\Boot.php(68): CodeIgniter\Boot::runCodeIgniter(Object(CodeIgniter\CodeIgniter))
10 FCPATH\index.php(59): CodeIgniter\Boot::bootWeb(Object(Config\Paths))
CRITICAL - 2026-03-08 15:12:18 --> [Caused by] mysqli_sql_exception: Unknown column 'title' in 'field list'
in SYSTEMPATH\Database\MySQLi\Connection.php on line 327.
 1 SYSTEMPATH\Database\MySQLi\Connection.php(327): mysqli->query('INSERT INTO `announcements` (`user_id`, `title`, `content`, `created_at`) VALUES (\'6\', \'sdadasdasdsad\', \'sadasdasdsad\', \'2026-03-08 15:12:18\')', 0)
 2 SYSTEMPATH\Database\BaseConnection.php(729): CodeIgniter\Database\MySQLi\Connection->execute('INSERT INTO `announcements` (`user_id`, `title`, `content`, `created_at`) VALUES (\'6\', \'sdadasdasdsad\', \'sadasdasdsad\', \'2026-03-08 15:12:18\')')
 3 SYSTEMPATH\Database\BaseConnection.php(646): CodeIgniter\Database\BaseConnection->simpleQuery('INSERT INTO `announcements` (`user_id`, `title`, `content`, `created_at`) VALUES (\'6\', \'sdadasdasdsad\', \'sadasdasdsad\', \'2026-03-08 15:12:18\')')
 4 SYSTEMPATH\Database\BaseBuilder.php(2345): CodeIgniter\Database\BaseConnection->query('INSERT INTO `announcements` (`user_id`, `title`, `content`, `created_at`) VALUES (:user_id:, :title:, :content:, :created_at:)', [...], false)
 5 APPPATH\Controllers\Admin.php(222): CodeIgniter\Database\BaseBuilder->insert([...])
 6 SYSTEMPATH\CodeIgniter.php(933): App\Controllers\Admin->save_announcement()
 7 SYSTEMPATH\CodeIgniter.php(507): CodeIgniter\CodeIgniter->runController(Object(App\Controllers\Admin))
 8 SYSTEMPATH\CodeIgniter.php(354): CodeIgniter\CodeIgniter->handleRequest(null, Object(Config\Cache), false)
 9 SYSTEMPATH\Boot.php(363): CodeIgniter\CodeIgniter->run()
10 SYSTEMPATH\Boot.php(68): CodeIgniter\Boot::runCodeIgniter(Object(CodeIgniter\CodeIgniter))
11 FCPATH\index.php(59): CodeIgniter\Boot::bootWeb(Object(Config\Paths))
ERROR - 2026-03-08 15:12:55 --> mysqli_sql_exception: Unknown column 'title' in 'field list' in C:\xampp\htdocs\system\system\Database\MySQLi\Connection.php:327
Stack trace:
#0 C:\xampp\htdocs\system\system\Database\MySQLi\Connection.php(327): mysqli->query('INSERT INTO `an...', 0)
#1 C:\xampp\htdocs\system\system\Database\BaseConnection.php(729): CodeIgniter\Database\MySQLi\Connection->execute('INSERT INTO `an...')
#2 C:\xampp\htdocs\system\system\Database\BaseConnection.php(646): CodeIgniter\Database\BaseConnection->simpleQuery('INSERT INTO `an...')
#3 C:\xampp\htdocs\system\system\Database\BaseBuilder.php(2345): CodeIgniter\Database\BaseConnection->query('INSERT INTO `an...', Array, false)
#4 C:\xampp\htdocs\system\app\Controllers\Admin.php(225): CodeIgniter\Database\BaseBuilder->insert(Array)
#5 C:\xampp\htdocs\system\system\CodeIgniter.php(933): App\Controllers\Admin->save_announcement()
#6 C:\xampp\htdocs\system\system\CodeIgniter.php(507): CodeIgniter\CodeIgniter->runController(Object(App\Controllers\Admin))
#7 C:\xampp\htdocs\system\system\CodeIgniter.php(354): CodeIgniter\CodeIgniter->handleRequest(NULL, Object(Config\Cache), false)
#8 C:\xampp\htdocs\system\system\Boot.php(363): CodeIgniter\CodeIgniter->run()
#9 C:\xampp\htdocs\system\system\Boot.php(68): CodeIgniter\Boot::runCodeIgniter(Object(CodeIgniter\CodeIgniter))
#10 C:\xampp\htdocs\system\public\index.php(59): CodeIgniter\Boot::bootWeb(Object(Config\Paths))
#11 {main}
CRITICAL - 2026-03-08 15:12:55 --> CodeIgniter\Database\Exceptions\DatabaseException: Unknown column 'title' in 'field list'
[Method: POST, Route: admin/save_announcement]
in SYSTEMPATH\Database\BaseConnection.php on line 684.
 1 SYSTEMPATH\Database\BaseBuilder.php(2345): CodeIgniter\Database\BaseConnection->query('INSERT INTO `announcements` (`user_id`, `title`, `content`, `created_at`) VALUES (:user_id:, :title:, :content:, :created_at:)', [...], false)
 2 APPPATH\Controllers\Admin.php(225): CodeIgniter\Database\BaseBuilder->insert([...])
 3 SYSTEMPATH\CodeIgniter.php(933): App\Controllers\Admin->save_announcement()
 4 SYSTEMPATH\CodeIgniter.php(507): CodeIgniter\CodeIgniter->runController(Object(App\Controllers\Admin))
 5 SYSTEMPATH\CodeIgniter.php(354): CodeIgniter\CodeIgniter->handleRequest(null, Object(Config\Cache), false)
 6 SYSTEMPATH\Boot.php(363): CodeIgniter\CodeIgniter->run()
 7 SYSTEMPATH\Boot.php(68): CodeIgniter\Boot::runCodeIgniter(Object(CodeIgniter\CodeIgniter))
 8 FCPATH\index.php(59): CodeIgniter\Boot::bootWeb(Object(Config\Paths))
CRITICAL - 2026-03-08 15:12:55 --> [Caused by] CodeIgniter\Database\Exceptions\DatabaseException: Unknown column 'title' in 'field list'
in SYSTEMPATH\Database\MySQLi\Connection.php on line 332.
 1 SYSTEMPATH\Database\BaseConnection.php(729): CodeIgniter\Database\MySQLi\Connection->execute('INSERT INTO `announcements` (`user_id`, `title`, `content`, `created_at`) VALUES (\'6\', \'sdadasdasdsad\', \'sadasdasdsad\', \'2026-03-08 15:12:55\')')
 2 SYSTEMPATH\Database\BaseConnection.php(646): CodeIgniter\Database\BaseConnection->simpleQuery('INSERT INTO `announcements` (`user_id`, `title`, `content`, `created_at`) VALUES (\'6\', \'sdadasdasdsad\', \'sadasdasdsad\', \'2026-03-08 15:12:55\')')
 3 SYSTEMPATH\Database\BaseBuilder.php(2345): CodeIgniter\Database\BaseConnection->query('INSERT INTO `announcements` (`user_id`, `title`, `content`, `created_at`) VALUES (:user_id:, :title:, :content:, :created_at:)', [...], false)
 4 APPPATH\Controllers\Admin.php(225): CodeIgniter\Database\BaseBuilder->insert([...])
 5 SYSTEMPATH\CodeIgniter.php(933): App\Controllers\Admin->save_announcement()
 6 SYSTEMPATH\CodeIgniter.php(507): CodeIgniter\CodeIgniter->runController(Object(App\Controllers\Admin))
 7 SYSTEMPATH\CodeIgniter.php(354): CodeIgniter\CodeIgniter->handleRequest(null, Object(Config\Cache), false)
 8 SYSTEMPATH\Boot.php(363): CodeIgniter\CodeIgniter->run()
 9 SYSTEMPATH\Boot.php(68): CodeIgniter\Boot::runCodeIgniter(Object(CodeIgniter\CodeIgniter))
10 FCPATH\index.php(59): CodeIgniter\Boot::bootWeb(Object(Config\Paths))
CRITICAL - 2026-03-08 15:12:55 --> [Caused by] mysqli_sql_exception: Unknown column 'title' in 'field list'
in SYSTEMPATH\Database\MySQLi\Connection.php on line 327.
 1 SYSTEMPATH\Database\MySQLi\Connection.php(327): mysqli->query('INSERT INTO `announcements` (`user_id`, `title`, `content`, `created_at`) VALUES (\'6\', \'sdadasdasdsad\', \'sadasdasdsad\', \'2026-03-08 15:12:55\')', 0)
 2 SYSTEMPATH\Database\BaseConnection.php(729): CodeIgniter\Database\MySQLi\Connection->execute('INSERT INTO `announcements` (`user_id`, `title`, `content`, `created_at`) VALUES (\'6\', \'sdadasdasdsad\', \'sadasdasdsad\', \'2026-03-08 15:12:55\')')
 3 SYSTEMPATH\Database\BaseConnection.php(646): CodeIgniter\Database\BaseConnection->simpleQuery('INSERT INTO `announcements` (`user_id`, `title`, `content`, `created_at`) VALUES (\'6\', \'sdadasdasdsad\', \'sadasdasdsad\', \'2026-03-08 15:12:55\')')
 4 SYSTEMPATH\Database\BaseBuilder.php(2345): CodeIgniter\Database\BaseConnection->query('INSERT INTO `announcements` (`user_id`, `title`, `content`, `created_at`) VALUES (:user_id:, :title:, :content:, :created_at:)', [...], false)
 5 APPPATH\Controllers\Admin.php(225): CodeIgniter\Database\BaseBuilder->insert([...])
 6 SYSTEMPATH\CodeIgniter.php(933): App\Controllers\Admin->save_announcement()
 7 SYSTEMPATH\CodeIgniter.php(507): CodeIgniter\CodeIgniter->runController(Object(App\Controllers\Admin))
 8 SYSTEMPATH\CodeIgniter.php(354): CodeIgniter\CodeIgniter->handleRequest(null, Object(Config\Cache), false)
 9 SYSTEMPATH\Boot.php(363): CodeIgniter\CodeIgniter->run()
10 SYSTEMPATH\Boot.php(68): CodeIgniter\Boot::runCodeIgniter(Object(CodeIgniter\CodeIgniter))
11 FCPATH\index.php(59): CodeIgniter\Boot::bootWeb(Object(Config\Paths))
ERROR - 2026-03-08 15:12:57 --> mysqli_sql_exception: Unknown column 'title' in 'field list' in C:\xampp\htdocs\system\system\Database\MySQLi\Connection.php:327
Stack trace:
#0 C:\xampp\htdocs\system\system\Database\MySQLi\Connection.php(327): mysqli->query('INSERT INTO `an...', 0)
#1 C:\xampp\htdocs\system\system\Database\BaseConnection.php(729): CodeIgniter\Database\MySQLi\Connection->execute('INSERT INTO `an...')
#2 C:\xampp\htdocs\system\system\Database\BaseConnection.php(646): CodeIgniter\Database\BaseConnection->simpleQuery('INSERT INTO `an...')
#3 C:\xampp\htdocs\system\system\Database\BaseBuilder.php(2345): CodeIgniter\Database\BaseConnection->query('INSERT INTO `an...', Array, false)
#4 C:\xampp\htdocs\system\app\Controllers\Admin.php(225): CodeIgniter\Database\BaseBuilder->insert(Array)
#5 C:\xampp\htdocs\system\system\CodeIgniter.php(933): App\Controllers\Admin->save_announcement()
#6 C:\xampp\htdocs\system\system\CodeIgniter.php(507): CodeIgniter\CodeIgniter->runController(Object(App\Controllers\Admin))
#7 C:\xampp\htdocs\system\system\CodeIgniter.php(354): CodeIgniter\CodeIgniter->handleRequest(NULL, Object(Config\Cache), false)
#8 C:\xampp\htdocs\system\system\Boot.php(363): CodeIgniter\CodeIgniter->run()
#9 C:\xampp\htdocs\system\system\Boot.php(68): CodeIgniter\Boot::runCodeIgniter(Object(CodeIgniter\CodeIgniter))
#10 C:\xampp\htdocs\system\public\index.php(59): CodeIgniter\Boot::bootWeb(Object(Config\Paths))
#11 {main}
CRITICAL - 2026-03-08 15:12:57 --> CodeIgniter\Database\Exceptions\DatabaseException: Unknown column 'title' in 'field list'
[Method: POST, Route: admin/save_announcement]
in SYSTEMPATH\Database\BaseConnection.php on line 684.
 1 SYSTEMPATH\Database\BaseBuilder.php(2345): CodeIgniter\Database\BaseConnection->query('INSERT INTO `announcements` (`user_id`, `title`, `content`, `created_at`) VALUES (:user_id:, :title:, :content:, :created_at:)', [...], false)
 2 APPPATH\Controllers\Admin.php(225): CodeIgniter\Database\BaseBuilder->insert([...])
 3 SYSTEMPATH\CodeIgniter.php(933): App\Controllers\Admin->save_announcement()
 4 SYSTEMPATH\CodeIgniter.php(507): CodeIgniter\CodeIgniter->runController(Object(App\Controllers\Admin))
 5 SYSTEMPATH\CodeIgniter.php(354): CodeIgniter\CodeIgniter->handleRequest(null, Object(Config\Cache), false)
 6 SYSTEMPATH\Boot.php(363): CodeIgniter\CodeIgniter->run()
 7 SYSTEMPATH\Boot.php(68): CodeIgniter\Boot::runCodeIgniter(Object(CodeIgniter\CodeIgniter))
 8 FCPATH\index.php(59): CodeIgniter\Boot::bootWeb(Object(Config\Paths))
CRITICAL - 2026-03-08 15:12:57 --> [Caused by] CodeIgniter\Database\Exceptions\DatabaseException: Unknown column 'title' in 'field list'
in SYSTEMPATH\Database\MySQLi\Connection.php on line 332.
 1 SYSTEMPATH\Database\BaseConnection.php(729): CodeIgniter\Database\MySQLi\Connection->execute('INSERT INTO `announcements` (`user_id`, `title`, `content`, `created_at`) VALUES (\'6\', \'sdadasdasdsad\', \'sadasdasdsad\', \'2026-03-08 15:12:57\')')
 2 SYSTEMPATH\Database\BaseConnection.php(646): CodeIgniter\Database\BaseConnection->simpleQuery('INSERT INTO `announcements` (`user_id`, `title`, `content`, `created_at`) VALUES (\'6\', \'sdadasdasdsad\', \'sadasdasdsad\', \'2026-03-08 15:12:57\')')
 3 SYSTEMPATH\Database\BaseBuilder.php(2345): CodeIgniter\Database\BaseConnection->query('INSERT INTO `announcements` (`user_id`, `title`, `content`, `created_at`) VALUES (:user_id:, :title:, :content:, :created_at:)', [...], false)
 4 APPPATH\Controllers\Admin.php(225): CodeIgniter\Database\BaseBuilder->insert([...])
 5 SYSTEMPATH\CodeIgniter.php(933): App\Controllers\Admin->save_announcement()
 6 SYSTEMPATH\CodeIgniter.php(507): CodeIgniter\CodeIgniter->runController(Object(App\Controllers\Admin))
 7 SYSTEMPATH\CodeIgniter.php(354): CodeIgniter\CodeIgniter->handleRequest(null, Object(Config\Cache), false)
 8 SYSTEMPATH\Boot.php(363): CodeIgniter\CodeIgniter->run()
 9 SYSTEMPATH\Boot.php(68): CodeIgniter\Boot::runCodeIgniter(Object(CodeIgniter\CodeIgniter))
10 FCPATH\index.php(59): CodeIgniter\Boot::bootWeb(Object(Config\Paths))
CRITICAL - 2026-03-08 15:12:57 --> [Caused by] mysqli_sql_exception: Unknown column 'title' in 'field list'
in SYSTEMPATH\Database\MySQLi\Connection.php on line 327.
 1 SYSTEMPATH\Database\MySQLi\Connection.php(327): mysqli->query('INSERT INTO `announcements` (`user_id`, `title`, `content`, `created_at`) VALUES (\'6\', \'sdadasdasdsad\', \'sadasdasdsad\', \'2026-03-08 15:12:57\')', 0)
 2 SYSTEMPATH\Database\BaseConnection.php(729): CodeIgniter\Database\MySQLi\Connection->execute('INSERT INTO `announcements` (`user_id`, `title`, `content`, `created_at`) VALUES (\'6\', \'sdadasdasdsad\', \'sadasdasdsad\', \'2026-03-08 15:12:57\')')
 3 SYSTEMPATH\Database\BaseConnection.php(646): CodeIgniter\Database\BaseConnection->simpleQuery('INSERT INTO `announcements` (`user_id`, `title`, `content`, `created_at`) VALUES (\'6\', \'sdadasdasdsad\', \'sadasdasdsad\', \'2026-03-08 15:12:57\')')
 4 SYSTEMPATH\Database\BaseBuilder.php(2345): CodeIgniter\Database\BaseConnection->query('INSERT INTO `announcements` (`user_id`, `title`, `content`, `created_at`) VALUES (:user_id:, :title:, :content:, :created_at:)', [...], false)
 5 APPPATH\Controllers\Admin.php(225): CodeIgniter\Database\BaseBuilder->insert([...])
 6 SYSTEMPATH\CodeIgniter.php(933): App\Controllers\Admin->save_announcement()
 7 SYSTEMPATH\CodeIgniter.php(507): CodeIgniter\CodeIgniter->runController(Object(App\Controllers\Admin))
 8 SYSTEMPATH\CodeIgniter.php(354): CodeIgniter\CodeIgniter->handleRequest(null, Object(Config\Cache), false)
 9 SYSTEMPATH\Boot.php(363): CodeIgniter\CodeIgniter->run()
10 SYSTEMPATH\Boot.php(68): CodeIgniter\Boot::runCodeIgniter(Object(CodeIgniter\CodeIgniter))
11 FCPATH\index.php(59): CodeIgniter\Boot::bootWeb(Object(Config\Paths))
ERROR - 2026-03-08 15:13:34 --> mysqli_sql_exception: Unknown column 'title' in 'field list' in C:\xampp\htdocs\system\system\Database\MySQLi\Connection.php:327
Stack trace:
#0 C:\xampp\htdocs\system\system\Database\MySQLi\Connection.php(327): mysqli->query('INSERT INTO `an...', 0)
#1 C:\xampp\htdocs\system\system\Database\BaseConnection.php(729): CodeIgniter\Database\MySQLi\Connection->execute('INSERT INTO `an...')
#2 C:\xampp\htdocs\system\system\Database\BaseConnection.php(646): CodeIgniter\Database\BaseConnection->simpleQuery('INSERT INTO `an...')
#3 C:\xampp\htdocs\system\system\Database\BaseBuilder.php(2345): CodeIgniter\Database\BaseConnection->query('INSERT INTO `an...', Array, false)
#4 C:\xampp\htdocs\system\app\Controllers\Admin.php(225): CodeIgniter\Database\BaseBuilder->insert(Array)
#5 C:\xampp\htdocs\system\system\CodeIgniter.php(933): App\Controllers\Admin->save_announcement()
#6 C:\xampp\htdocs\system\system\CodeIgniter.php(507): CodeIgniter\CodeIgniter->runController(Object(App\Controllers\Admin))
#7 C:\xampp\htdocs\system\system\CodeIgniter.php(354): CodeIgniter\CodeIgniter->handleRequest(NULL, Object(Config\Cache), false)
#8 C:\xampp\htdocs\system\system\Boot.php(363): CodeIgniter\CodeIgniter->run()
#9 C:\xampp\htdocs\system\system\Boot.php(68): CodeIgniter\Boot::runCodeIgniter(Object(CodeIgniter\CodeIgniter))
#10 C:\xampp\htdocs\system\public\index.php(59): CodeIgniter\Boot::bootWeb(Object(Config\Paths))
#11 {main}
CRITICAL - 2026-03-08 15:13:34 --> CodeIgniter\Database\Exceptions\DatabaseException: Unknown column 'title' in 'field list'
[Method: POST, Route: admin/save_announcement]
in SYSTEMPATH\Database\BaseConnection.php on line 684.
 1 SYSTEMPATH\Database\BaseBuilder.php(2345): CodeIgniter\Database\BaseConnection->query('INSERT INTO `announcements` (`user_id`, `title`, `content`, `created_at`) VALUES (:user_id:, :title:, :content:, :created_at:)', [...], false)
 2 APPPATH\Controllers\Admin.php(225): CodeIgniter\Database\BaseBuilder->insert([...])
 3 SYSTEMPATH\CodeIgniter.php(933): App\Controllers\Admin->save_announcement()
 4 SYSTEMPATH\CodeIgniter.php(507): CodeIgniter\CodeIgniter->runController(Object(App\Controllers\Admin))
 5 SYSTEMPATH\CodeIgniter.php(354): CodeIgniter\CodeIgniter->handleRequest(null, Object(Config\Cache), false)
 6 SYSTEMPATH\Boot.php(363): CodeIgniter\CodeIgniter->run()
 7 SYSTEMPATH\Boot.php(68): CodeIgniter\Boot::runCodeIgniter(Object(CodeIgniter\CodeIgniter))
 8 FCPATH\index.php(59): CodeIgniter\Boot::bootWeb(Object(Config\Paths))
CRITICAL - 2026-03-08 15:13:34 --> [Caused by] CodeIgniter\Database\Exceptions\DatabaseException: Unknown column 'title' in 'field list'
in SYSTEMPATH\Database\MySQLi\Connection.php on line 332.
 1 SYSTEMPATH\Database\BaseConnection.php(729): CodeIgniter\Database\MySQLi\Connection->execute('INSERT INTO `announcements` (`user_id`, `title`, `content`, `created_at`) VALUES (\'6\', \'sdadasdasdsad\', \'sadasdasdsad\', \'2026-03-08 15:13:34\')')
 2 SYSTEMPATH\Database\BaseConnection.php(646): CodeIgniter\Database\BaseConnection->simpleQuery('INSERT INTO `announcements` (`user_id`, `title`, `content`, `created_at`) VALUES (\'6\', \'sdadasdasdsad\', \'sadasdasdsad\', \'2026-03-08 15:13:34\')')
 3 SYSTEMPATH\Database\BaseBuilder.php(2345): CodeIgniter\Database\BaseConnection->query('INSERT INTO `announcements` (`user_id`, `title`, `content`, `created_at`) VALUES (:user_id:, :title:, :content:, :created_at:)', [...], false)
 4 APPPATH\Controllers\Admin.php(225): CodeIgniter\Database\BaseBuilder->insert([...])
 5 SYSTEMPATH\CodeIgniter.php(933): App\Controllers\Admin->save_announcement()
 6 SYSTEMPATH\CodeIgniter.php(507): CodeIgniter\CodeIgniter->runController(Object(App\Controllers\Admin))
 7 SYSTEMPATH\CodeIgniter.php(354): CodeIgniter\CodeIgniter->handleRequest(null, Object(Config\Cache), false)
 8 SYSTEMPATH\Boot.php(363): CodeIgniter\CodeIgniter->run()
 9 SYSTEMPATH\Boot.php(68): CodeIgniter\Boot::runCodeIgniter(Object(CodeIgniter\CodeIgniter))
10 FCPATH\index.php(59): CodeIgniter\Boot::bootWeb(Object(Config\Paths))
CRITICAL - 2026-03-08 15:13:34 --> [Caused by] mysqli_sql_exception: Unknown column 'title' in 'field list'
in SYSTEMPATH\Database\MySQLi\Connection.php on line 327.
 1 SYSTEMPATH\Database\MySQLi\Connection.php(327): mysqli->query('INSERT INTO `announcements` (`user_id`, `title`, `content`, `created_at`) VALUES (\'6\', \'sdadasdasdsad\', \'sadasdasdsad\', \'2026-03-08 15:13:34\')', 0)
 2 SYSTEMPATH\Database\BaseConnection.php(729): CodeIgniter\Database\MySQLi\Connection->execute('INSERT INTO `announcements` (`user_id`, `title`, `content`, `created_at`) VALUES (\'6\', \'sdadasdasdsad\', \'sadasdasdsad\', \'2026-03-08 15:13:34\')')
 3 SYSTEMPATH\Database\BaseConnection.php(646): CodeIgniter\Database\BaseConnection->simpleQuery('INSERT INTO `announcements` (`user_id`, `title`, `content`, `created_at`) VALUES (\'6\', \'sdadasdasdsad\', \'sadasdasdsad\', \'2026-03-08 15:13:34\')')
 4 SYSTEMPATH\Database\BaseBuilder.php(2345): CodeIgniter\Database\BaseConnection->query('INSERT INTO `announcements` (`user_id`, `title`, `content`, `created_at`) VALUES (:user_id:, :title:, :content:, :created_at:)', [...], false)
 5 APPPATH\Controllers\Admin.php(225): CodeIgniter\Database\BaseBuilder->insert([...])
 6 SYSTEMPATH\CodeIgniter.php(933): App\Controllers\Admin->save_announcement()
 7 SYSTEMPATH\CodeIgniter.php(507): CodeIgniter\CodeIgniter->runController(Object(App\Controllers\Admin))
 8 SYSTEMPATH\CodeIgniter.php(354): CodeIgniter\CodeIgniter->handleRequest(null, Object(Config\Cache), false)
 9 SYSTEMPATH\Boot.php(363): CodeIgniter\CodeIgniter->run()
10 SYSTEMPATH\Boot.php(68): CodeIgniter\Boot::runCodeIgniter(Object(CodeIgniter\CodeIgniter))
11 FCPATH\index.php(59): CodeIgniter\Boot::bootWeb(Object(Config\Paths))
CRITICAL - 2026-03-08 15:26:58 --> ErrorException: Undefined variable $email
[Method: GET, Route: student/dashboard]
in APPPATH\Views\student_dashboard.php on line 72.
 1 APPPATH\Views\student_dashboard.php(72): CodeIgniter\Debug\Exceptions->errorHandler(2, 'Undefined variable $email', 'C:\\xampp\\htdocs\\system\\app\\Views\\student_dashboard.php', 72)
 2 SYSTEMPATH\View\View.php(226): include('C:\\xampp\\htdocs\\system\\app\\Views\\student_dashboard.php')
 3 SYSTEMPATH\View\View.php(229): CodeIgniter\View\View->CodeIgniter\View\{closure}()
 4 SYSTEMPATH\Common.php(1167): CodeIgniter\View\View->render('student_dashboard', [], true)
 5 APPPATH\Controllers\Student.php(43): view('student_dashboard', [...])
 6 SYSTEMPATH\CodeIgniter.php(933): App\Controllers\Student->index()
 7 SYSTEMPATH\CodeIgniter.php(507): CodeIgniter\CodeIgniter->runController(Object(App\Controllers\Student))
 8 SYSTEMPATH\CodeIgniter.php(354): CodeIgniter\CodeIgniter->handleRequest(null, Object(Config\Cache), false)
 9 SYSTEMPATH\Boot.php(363): CodeIgniter\CodeIgniter->run()
10 SYSTEMPATH\Boot.php(68): CodeIgniter\Boot::runCodeIgniter(Object(CodeIgniter\CodeIgniter))
11 FCPATH\index.php(59): CodeIgniter\Boot::bootWeb(Object(Config\Paths))
CRITICAL - 2026-03-08 15:27:25 --> ErrorException: Undefined variable $email
[Method: GET, Route: student/dashboard]
in APPPATH\Views\student_dashboard.php on line 113.
 1 APPPATH\Views\student_dashboard.php(113): CodeIgniter\Debug\Exceptions->errorHandler(2, 'Undefined variable $email', 'C:\\xampp\\htdocs\\system\\app\\Views\\student_dashboard.php', 113)
 2 SYSTEMPATH\View\View.php(226): include('C:\\xampp\\htdocs\\system\\app\\Views\\student_dashboard.php')
 3 SYSTEMPATH\View\View.php(229): CodeIgniter\View\View->CodeIgniter\View\{closure}()
 4 SYSTEMPATH\Common.php(1167): CodeIgniter\View\View->render('student_dashboard', [], true)
 5 APPPATH\Controllers\Student.php(43): view('student_dashboard', [...])
 6 SYSTEMPATH\CodeIgniter.php(933): App\Controllers\Student->index()
 7 SYSTEMPATH\CodeIgniter.php(507): CodeIgniter\CodeIgniter->runController(Object(App\Controllers\Student))
 8 SYSTEMPATH\CodeIgniter.php(354): CodeIgniter\CodeIgniter->handleRequest(null, Object(Config\Cache), false)
 9 SYSTEMPATH\Boot.php(363): CodeIgniter\CodeIgniter->run()
10 SYSTEMPATH\Boot.php(68): CodeIgniter\Boot::runCodeIgniter(Object(CodeIgniter\CodeIgniter))
11 FCPATH\index.php(59): CodeIgniter\Boot::bootWeb(Object(Config\Paths))
